SP length	Sequence	1	Accession code
23	MAPFEPLASGILLLLWLIAPSRACTCVPPHPQTAFCNSDLVIRAKFVGTPEVNQTTLYQRYEIKMTKMYKGFQALGDAADIRFVYTPAMESVCGYFHRSHNRSEEFLIAGKLQDGLLHITTCSFVAPWNSLSLAQRRGFTKTYTVGCEECTVFPCLSIPCKLQSGTHCLWTDQLLQGSEKGFQSRHLACLPREPGLCTWQSLRSQIA	1	P01033
35	MRSSYRVGNPIRFQPTNVVGLLLLSLVLSFMLVQSYELGHASGETNANSKYPLTTPVEENLKVRFKIGVISDDDKNAVSKDESNTWVSTYLTGTLEWEKSTDKITVQWDKGNEKKVKSKYSYGGRGMELSELVTFNGNLLTFDDRTGLVYILKDDKVYPWVVLADGDGKNSKGFKSEWATEKAGNLYVGSSGKEWTTKEGTIENYNPMWVKMINKNGEVTSLNWQTNYEKIRSSMNITFPGYMWHEAACWSDKYNKWFFLPRALSQEAYDSKKFETQGANVIISCDDKFEKCEPTQIQGKTEDKRGFSNFKFVPTSEDKIIVGLKTVEADDTTETYFTAFDLEGKVLLEETKIDDHKYEGVDFV	1	O96559
17	MIILIYLFLLLWEDTQGWGFKDGIFHNSIWLERAAGVYHREARSGKYKLTYAEAKAVCEFEGGHLATYKQLEAARKIGFHVCAAGWMAKGRVGYPIVKPGPNCGFGKTGIIDYGIRLNRSERWDAYCYNPHAKECGGVFTDPKQIFKSPGFPNEYEDNQICYWHIRLKYGQRIHLSFLDFDLEDDPGCLADYVEIYDSYDDVHGFVGRYCGDELPDDIISTGNVMTLKFLSDASVTAGGFQIKYVAMDPVSKSSQGKNTSTTSTGNKNFLAGRFSHL	1	P98066
64	MMFPAVAAPPRRLPGERLQRSQNPVETSWLSFRILATRGPCVTSTFLFLTVAFLGLSWVSVAVAAHAEHPEDSATNFLFSFAENSLANREPPEDSAARPSSRSGGAERRRLDSLIPGFLKRRRIFKQLRPVDEFQLREFQEASSKVKAQFFSAGHSKVTFVDRPSAALLSFLHLEEEDVPYGVVIKAIPYDAFDFYESVAEPYIHRMFDDPRKFPYVVPVLAALRSTSKRVLYLVLPLYRELPETVDEEARSLDFVLLLAEMAMAVCQLHERNLAHRDLKEDNFLVSPEGHIVVSDLATLDITDNKSFLIGTSGYMPPETRSSYLLRKGYKRSRYGEKTDVYSLGVAFRHLAFMLEGLGVQVPHRTQLAKLIKKMTSPDPEKRPLIGEVMEDPFFASVDFRLVRQRAGKHPFKKLPGADLLAERQRARLEAREKADAAAKAADNAEVPAAKSPAGKTGGAGTLSGDRDRAGSGEKPAERAEEEKGRGRGAQTHEGNHDRTDDAGREELREGPGDQKPSGEENREGGQPPGQREEQREGTGLEEGFNKEDAQES	1	A0A7J6K7I9
24	MASILHYFLALSLSCSFLFFLSDSVTPTKPINLVVLPVQNDGSTGLHWANLQKRTPLMQVPVLVDLNGNHLWVNCEQQYSSKTYQAPFCHSTQCSRANTHQCLSCPAASRPGCHKNTCGLMSTNPITQQTGLGELGEDVLAIHATQGSTQQLGPLVTVPQFLFSCAPSFLVQKGLPRNTQGVAGLGHAPISLPNQLASHFGLQRQFTTCLSRYPTSKGAIIFGDAPNNMRQFQNQDIFHDLAFTPLTITLQGEYNVRVNSIRINQHSVFPLNKISSTIVGSTSGGTMISTSTPHMVLQQSVYQAFTQVFAQQLPKQAQVKSVAPFGLCFNSNKINAYPSVDLVMDKPNGPVWRISGEDLMVQAQPGVTCLGVMNGGMQPRAEITLGARQLEENLVVFDLARSRVGFSTSSLHSHGVKCADLFNFANA	1	P13917
23	MILNKALMLGALALTTVMSPCGGEDIVADHVASYGVNLYQSYGPSGQYTHEFDGDEQFYVDLGRKETVWCLPVLRQFRFDPQFALTNIAVLKHNLNSLIKRSNSTAATNEVPEVTVFSKSPVTLGQPNILICLVDNIFPPVVNITWLSNGHSVTEGVSETSFLSKSDHSFFKISYLTLLPSAEESYDCKVEHWGLDKPLLKHWEPEIPAPMSELTETVVCALGLSVGLVGIVVGTVFIIRGLRSVGASRHQGPL	1	P01909
21	MKVSTIFAAASALFAATTTLAQDVACLVDNQQVAVVDLDTGVCPFTIPASLAAFFTFVSLEEYNVQFYYTIVNNVRYNTDIRNAGKVINVPARNLYGAGAVPFFQVHLEKQLEANSTAAIRRRLMGETPIVKRDQIDDFIASIENTEGTALEGSTLEVVDYVPGSSSASPSGSASPSGSESGSGSDSATIRSTTVVSSSSCESSGDSAATATGANGESTVTEQNTVVVTITSCHNDACHATTVPATASIGVTTVHGTETIFTTYCPLSSYETVESTKVITITSCSENKCQETTVEATPSTATTVSEGVVTEYVTYCPVSSVETVASTKVITVVACDEHKCHETTAVATPTEVTTVVEGSTTHYVTYKPTGSGPTQGETYATNAITSEGTVYVPKTTAVTTHGSTFETVAYITVTKATPTKGGEQHQPGSPAGAATSAPGAPAPGASGAHASTANKVTVEAQATPGTLTPENTVAGGVNGEQVAVSAKTTISQTTVAKASGSGKAAISTFEGAAAASAGASVLALALIPLAYFI	1	Q59Y31
23	MLPPAIHFYLLPLACILMKSCLAFKNDATEILYSHVVKPVPAHPSSNSTLNQARNGGRHFSNTGLDRNTRVQVGCRELRSTKYISDGQCTSISPLKELVCAGECLPLPVLPNWIGGGYGTKYWSRRSSQEWRCVNDKTRTQRIQLQCQDGSTRTYKITVVTACKCKRYTRQHNESSHNFESMSPAKPVQHHRERKRASKSSKHSMS	1	Q6X4U4
21	MSRYALIVLIVVVVAANLCEASDCGPNRVYKSCGTGCPETCENPDPDCDRACHQGCFCSKGLLQDIDGNCISPDKCP	1	Q8T0W0
17	MLLTALAVLFASTGCQARLSVSGTNLNYNGHHIFLSGANQAWVNYARDFGHNQYSKGKSTFESTLSDIQSHGGNSVRVWLHIEGESTPEFDNNGYVTGIDNTLISDMRAYLHAAQRHNILIFFTLWNGAVKQSTHYRLNGLMVDTRKLQSYIDHALKPMANALKNEKALGGWDIMNEPEGEIKPGESSSEPCFDTRHLSGSGAGWAGHLYSAQEIGRFVNWQAAAIKEVDPGAMVTVGSWNMKADTDAMGFHNLYSDHCLVKAGGKQSGTLSFYQVHTYDWQNHFGNESPFKHSFSNFRLKKPMVIGEFNQEHGAGMSSESMFEWAYTKGYSGAWTWSRTDVSWNNQLRGIQHLKSRTDHGQVQFGL	1	Q8WPJ2
31	MKLSLSQPCSFSGALLLLAVSNLLVWEKVTSLPNYRLPTESLYQRVIVVSHNAHDLASKAFMEFEMKFGRTAWTYGLMLSPCHTAAILTPENSEQVHQTTSEDLLKVSITILQAWEEPLKHMVAAVAALPHVPDTLLSRTKELEERIQGLLEGLKIIFNRVYPGAVASDYTFWSAWSDLQSSDESTKNSALRTLWRCVRRDTHKVDNYLKVLKCRDVHNNNC	1	P09586
27	MGSGRRALSAVPAVLLVLTLPGLPVWAQNDTEPIVLEGKCLVVCDSNPATDSKGSSSSPLGISVRAANSKVAFSAVRSTNHEPSEMSNKTRIIYFDQILVNVGNFFTLESVFVAPRKGIYSFSFHVIKVYQSQTIQVNLMLNGKPVISAFAGDKDVTREAATNGVLLYLDKEDKVYLKLEKGNLVGGWQYSTFSGFLVFPL	1	Q9NTU7
26	MVPKPLSLLLFLLLALSAAVVGGRKLVAAGGWRPIESLNSAEVQDVAQFAVSEHNKQANDELQYQSVVRGYTQVVAGTNYRLVIAAKDGAVVGNYEAVVWDKPWMHFRNLTSFRKV	1	Q6TPK4
21	MQAFAVAALSIWLCLGATTLAESHGPQHCTSPNMTGVLTVLALTGGEIKATGHYSYDSTDKKIRFTESEMHLNKTEHLEDYLMLFEEGVFYDIDMKNQSCKKMSLHSHAHALELPAGAAHQVELFLGSDTVQEEDIKVNIWTGSVPETKGQYFLSTTVGECLPLSTFYSTDSITLLFSNSEVVTEVKAPEVFNLPSFCEGVELEEAPEGQKNDFFSLFNSV	1	P28770
27	MASSSCLWLLALAFLLGSCASLALGHLDPPAPLPLVIWHGMGDSCCNPLSMGAIKKMVEKKIPGIHVLSLEIGKTLREDVENSFFLNVNSQVTTVCQILAKDPKLQQGYNAMGFSQGGQFLRAVAQRCPSPPMVNLISVGGQHQGVFGLPRCPGESSHICDFIRKTLNAGAYNKAIQERLVQAEYWHDPIREDIYRNHSIFLADINQERGVNESYKKNLMALKKFVMVKFLNDTIVDPVDSEWFGFYRSGQAKETIPLQESTLYTQDRLGLKAMDKAGQLVFLALEGDHLQLSEEWFYAHIIPFLE	1	P45478
19	MPLLTLYLLLFWLSGYSIVTQITGPTTVNGLERGSLTVQCVYRSGWETYLKWWCRGAIWRDCKILVKTSGSEQEVKRDRVSIKDNQKNRTFTVTMEDLMKTDADTYWCGIEKTGNDLGVTVQVTIDPAPVTQEETSSSPTLTGHHLDNRHKLLKLSVLLPLIFTILLLLLVAASLLAWRMMKYQQKAAGMSPEQVLQPLEGDLCYADLTLQLAGTSPQKATTKLSSAQVDQVEVEYVTMASLPKEDISYASLTLGAEDQEPTYCNMGHLSSHLPGRGPEEPTEYSTISRP	1	Q8TDQ1
21	MRPAFALCLLWQALWPGPGGGEHPTADRAGCSASGACYSLHHATMKRQAAEEACILRGGALSTVRAGAELRAVLALLRAGPGPGGGSKDLLFWVALERRRSHCTLENEPLRGFSWLSSDPGGLESDTLQWVEEPQRSCTARRCAVLQATGGVEPAGWKEMRCHLRANGYLCKYQFEVLCPAPRPGAASNLSYRAPFQLHSAALDFSPPGTEVSALCRGQLPISVTCIADEIGARWDKLSGDVLCPCPGRYLRAGKCAELPNCLDDLGGFACECATGFELGKDGRSCVTSGEGQPTLGGTGVPTRRPPATATSPVPQRTWPIRVDEKLGETPLVPEQDNSVTSIPEIPRWGSQSTMSTLQMSLQAESKATITPSGSVISKFNSTTSSATPQAFDSSSAVVFIFVSTAVVVLVILTMTVLGLVKLCFHESPSSQPRKESMGPPGLESDPEPAALGSSSAHCTNNGVKVGDCDLRDRAEGALLAESPLGSSDA	1	Q86T13
31	MARALCPLQALWLLEWVLLLLGPCAAPPAWALNLDPVQLTFYAGPNGSQFGFSLDFHKDSHGRVAIVVGAPRTLGPSQEETGGVFLCPWRAEGGQCPSLLFDLRDETRNVGSQTLQTFKARQGLGASVVSWSDVIVACAPWQHWNVLEKTEEAEKTPVGSCFLAQPESGRRAEYSPCRGNTLSRIYVENDFSWDKRYCEAGFSSVVTQAGELVLGAPGGYYFLGLLAQAPVADIFSSYRPGILLWHVSSQSLSFDSSNPEYFDGYWGYSVAVGEFDGDLNTTEYVVGAPTWSWTLGAVEILDSYYQRLHRLRGEQMASYFGHSVAVTDVNGDGRHDLLVGAPLYMESRADRKLAEVGRVYLFLQPRGPHALGAPSLLLTGTQLYGRFGSAIAPLGDLDRDGYNDIAVAAPYGGPSGRGQVLVFLGQSEGLRSRPSQVLDSPFPTGSAFGFSLRGAVDIDDNGYPDLIVGAYGANQVAVYRAQPVVKASVQLLVQDSLNPAVKSCVLPQTKTPVSCFNIQMCVGATGHNIPQKLSLNAELQLDRQKPRQGRRVLLLGSQQAGTTLNLDLGGKHSPICHTTMAFLRDEADFRDKLSPIVLSLNVSLPPTEAGMAPAVVLHGDTHVQEQTRIVLDCGEDDVCVPQLQLTASVTGSPLLVGADNVLELQMDAANEGEGAYEAELAVHLPQGAHYMRALSNVEGFERLICNQKKENETRVVLCELGNPMKKNAQIGIAMLVSVGNLEEAGESVSFQLQIRSKNSQNPNSKIVLLDVPVRAEAQVELRGNSFPASLVVAAEEGEREQNSLDSWGPKVEHTYELHNNGPGTVNGLHLSIHLPGQSQPSDLLYILDIQPQGGLQCFPQPPVNPLKVDWGLPIPSPSPIHPAHHKRDRRQIFLPEPEQPSRLQDPVLVSCDSAPCTVVQCDLQEMARGQRAMVTVLAFLWLPSLYQRPLDQFVLQSHAWFNVSSLPYAVPPLSLPRGEAQVWTQLLRALEERAIPIWWVLVGVLGGLLLLTILVLAMWKVGFFKRNRPPLEEDDEEGE	1	P08514
22	MGTRYFLVGFLILLVLGFEVQGAHVPQQDEASSPALLTQVQESLLGYWDTAKAAAQKLYKKTYLPAVDEKIRDIYSKSTAAVTTYAGIITDQVFSVLSGKD	1	P19034
18	MKVAVVVALLCFVCYTAAETCSADGDCKNTICDASHDLECHRGQCTCVNHATACSSAADCSGSCTIFGRHGRWHCVDAKCRCFFV	1	B9A8D7
30	MVLNNKTALWFMTLVLLLLSSREMVPGAEARLCRVRGTRGHCFNDHGCDKVCTREGFVRGKCNGILRRCICDRQC	1	B5LZ79
37	MPAGRRGPAAQSARRPPPLLPLLLLLCVLGAPRAGSGAHTAVISPQDPTLLIGSSLLATCSVHGDPPGATAEGLYWTLNGRRLPPELSRVLNASTLALALANLNGSRQRSGDNLVCHARDGSILAGSCLYVGLPPEKPVNISCWSKNMKDLTCRWTPGAHGETFLHTNYSLKYKLRWYGQDNTCEEYHTVGPHSCHIPKDLALFTPYEIWVEATNRLGSARSDVLTLDILDVVTTDPPPDVHVSRVGGLEDQLSVRWVSPPALKDFLFQAKYQIRYRVEDSVDWKVVDDVSNQTSCRLAGLKPGTVYFVQVRCNPFGIYGSKKAGIWSEWSHPTAASTPRSERPGPGGGACEPRGGEPSSGPVRRELKQFLGWLKKHAYCSNLSFRLYDQWRAWMQKSHKTRNQDEGILPSGRRGTARGPAR	1	O75462
32	MSWKKALRIPGGLRAATVTLMLAMLSTPVAEGRDSPEDFVYQFKAMCYFTNGTERVRYVTRYIYNREEYARFDSDVEVYRAVTPLGPPDAEYWNSQKEVLERTRAELDTVCRHNYQLELRTTLQRRVEPTVTISPSRTEALNHHNLLVCSVTDFYPAQIKVRWFRNDQEETTGVVSTPLIRNGDWTFQILVMLEMTPQHGDVYTCHVEHPSLQNPITVEWRAQSESAQSKMLSGIGGFVLGLIFLGLGLIIHHRSQKGLLH	1	P01920
22	MLVLRNLLALVTLALLFTLSSAQYTLSVSNSASGSKCTTAVSAKLNACNTGCLNSFNIVESSNGKGLVFKTFINAACSGEYESLSQFTCAANQKIPTTSYIVSCNSTPSSNSTTDSDSSSGSTVMIGLASSLLFAFATLLALF	1	P54660
22	MDTSPLCFSILLVLCIFIQSSALGQSLKPEPFGRRAQAVETNKTLHEMKTRFLLFGETNQGCQIRINHPDTLQECGFNSSLPLVMIIHGWSVDGVLENWIWQMVAALKSQPAQPVNVGLVDWITLAHDHYTIAVRNTRLVGKEVAALLRWLEESVQLSRSHVHLIGYSLGAHVSGFAGSSIGGTHKIGRITGLDAAGPLFEGSAPSNRLSPDDANFVDAIHTFTREHMGLSVGIKQPIGHYDFYPNGGSFQPGCHFLELYRHIAQHGFNAITQTIKCSHERSVHLFIDSLLHAGTQSMAYPCGDMNSFSQGLCLSCKKGRCNTLGYHVRQEPRSKSKRLFLVTRAQSPFKVYHYQFKIQFINQTETPIQTTFTMSLLGTKEKMQKIPITLGKGIASNKTYSFLITLDVDIGELIMIKFKWENSAVWANVWDTVQTIIPWSTGPRHSGLVLKTIRVKAGETQQRMTFCSENTDDLLLRPTQEKIFVKCEIKSKTSKRKIR	1	P11150
34	MGDTWAQLPWPGPPHPAMLLISLLLAAGLMHSDAGTSCPVLCTCRNQVVDCSSQRLFSVPPDLPMDTRNLSLAHNRITAVPPGYLTCYMELQVLDLHNNSLMELPRGLFLHAKRLAHLDLSYNNFSHVPADMFQEAHGLVHIDLSHNPWLRRVHPQAFQGLMQLRDLDLSYGGLAFLSLEALEGLPGLVTLQIGGNPWVCGCTMEPLLKWLRNRIQRCTADSQLAECRGPPEVEGAPLFSLTEESFKACHLTLTLDDYLFIAFVGFVVSIASVATNFLLGITANCCHRWSKASEEEEI	1	Q6ZSA7
17	MRSLLLGTLCLLAVALAAEVKKPLEAAAPGTAEKLSSKATTLAERSTGLAFSLYQAMAKDQAVENILLSPLVVASSLGLVSLGGKATTASQAKAVLSAEKLRDEEVHTGLGELLRSLSNSTARNVTWKLGSRLYGPSSVSFADDFVRSSKQHYNCEHSKINFRDKRSALQSINEWASQTTDGKLPEVTKDVERTDGALLVNAMFFKPHWDEKFHHKMVDNRGFMVTRSYTVGVTMMHRTGLYNYYDDEKEKLQMVEMPLAHKLSSLIILMPHHVEPLERLEKLLTKEQLKAWMGKMQKKAVAISLPKGVVEVTHDLQKHLAGLGLTEAIDKNKADLSRMSGKKDLYLASVFHATAFEWDTEGNPFDQDIYGREELRSPKLFYADHPFIFLVRDNQSGSLLFIGRLVRPKGDKMRDEL	1	P19324
27	MEKSTMSAILLVLHLFVLLLQYSEVHSLATTSNHDFSYLRFAYDATDLELEGSYDYVIVGGGTSGCPLAATLSEKYKVLVLERGSLPTAYPNVLTADGFVYNLQQEDDGKTPVERFVSEDGIDNVRGRVLGGTSMINAGVYARANTSIYSASGVDWDMDLVNKTYEWVEDTIVFKPNYQPWQSVTGTAFLEAGVDPNHGFSLDHEAGTRITGSTFDNKGTRHAADELLNKGNSNNLRVGVHASVEKIIFSNAPGLTATGVIYRDSNGTPHRAFVRSKGEVIVSAGTIGTPQLLLLSGVGPESYLSSLNIPVVLSHPYVGQFLHDNPRNFINILPPNPIEPTIVTVLGISNDFYQCSFSSLPFTTPPFSFFPSTSYPLPNSTFAHFASKVAGPLSYGSLTLKSSSNVRVSPNVKFNYYSNPTDLSHCVSGMKKIGELLSTDALKPYKVEDLPGIEGFNILGIPLPKDQTDDAAFETFCRESVASYWHYHGGCLVGKVLDGDFRVTGIDALRVVDGSTFPYTPASHPQGFYLMLGRYVGIKILQERSASDLKILDSLKSAASLVL	1	P52706
34	MARAALSAAPSNPRLLRVALLLLLLVAAGRRAAGASVATELRCQCLQTLQGIHPKNIQSVNVKSPGPHCAQTEVIATLKNGRKACLNPASPIVKKIIEKMLNSDKSN	1	P09341
25	MGPQAAAGRMILLVVLMLSAKVGSGALTSTEDPEPPSVPVPTNVLIKSYNLNPVVCWEYQNMSQTPIFTVQVKVYSGSWTDSCTNISDHCCNIYEQIMYPDVSAWARVKAKVGQKESDYARSKEFLMCLKGKVGPPGLEIRRKKEEQLSVLVFHPEVVVNGESQGTMFGDGSTCYTFDYTVYVEHNRSGEILHTKHTVEKEECNETLCELNISVSTLDSRYCISVDGISSFWQVRTEKSKDVCIPPFHDDRKDSIWILVVAPLTVFTVVILVFAYWYTKKNSFKRKSIMLPKSLLSVVKSATLETKPESKYSLVTPHQPAVLESETVICEEPLSTVTAPDSPEAAEQEELSKETKALEAGGSTSAMTPDSPPTPTQRRSFSLLSSNQSGPCSLTAYHSRNGSDSGLVGSGSSISDLESLPNNNSETKMAEHDPPPVRKAPMASGYDKPHMLVDVLVDVGGKESLMGYRLTGEAQELS	1	P15261
20	MKGMILFISCLLLIGIVVECKEGYLMDHEGCKLSCFIRPSGYCGRECGIKKGSSGYCAWPACYCYGLPNWVKVWDRATNKCGKK	1	P15226
27	MMQKLLKCSRLVLALALILVLESSVQGYPTRRARYQWVRCNPDSNSANCLEEKGPMFELLPGESNKIPRLRTDLFPKTRIQDLNRIFPLSEDYSGSGFGSGSGSGSGSGSGFLTEMEQDYQLVDESDAFHDNLRSLDRNLPSDSQDLGQHGLEEDFML	1	P10124
19	MKHLIPLIVMASVVLAVYADRGYGGGRRGGGYGGGGYGGGGYGGGGGGYGGGVGGGRGGGGGLGGGRGGGGGVIDGKDDVGLGGGGYGGGLGGGQGGGGGLGGGQGGGGGLGGGRGGGGYGGGGGGYGGGKYGGGKYGGK	1	P86798
28	MPGGLEALRALPLLLFLSYACLGPGCQALRVEGGPPSLTVNLGEEARLTCENNGRNPNITWWFSLQSNITWPPVPLGPGQGTTGQLFFPEVNKNHRGLYWCQVIENNILKRSCGTYLRVRNPVPRPFLDMGEGTKNRIITAEGIILLFCAVVPGTLLLFRKRWQNEKFGVDMPDDYEDENLYEGLNLDDCSMYEDISRGLQGTYQDVGNLHIGDAQLEKP	1	P11911
21	MTKFTILLISLLFCIAHTCSASKWQHQQDSCRKQLQGVNLTPCEKHIMEKIQGRGDDDDDDDDDNHILRTMRGRINYIRRNEGKDEDEEEEGHMQKCCTEMSELRSPKCQCKALQKIMENQSEELEEKQKKKMEKELINLATMCRFGPMIQCDLSSDD	1	P19594
27	MEGAALLRVSVLCIWMSALFLGVGVRAEEAGARVQQNVPSGTDTGDPQSKPLGDWAAGTMDPESSIFIEDAIKYFKEKVSTQNLLLLLTDNEAWNGFVAAAELPRNEADELRKALDNLARQMIMKDKNWHDKGQQYRNWFLKEFPRLKSELEDNIRRLRALADGVQKVHKGTTIANVVSGSLSISSGILTLVGMGLAPFTEGGSLVLLEPGMELGITAALTGITSSTMDYGKKWWTQAQAHDLVIKSLDKLKEVREFLGENISNFLSLAGNTYQLTRGIGKDIRALRRARANLQSVPHASASRPRVTEPISAESGEQVERVNEPSILEMSRGVKLTDVAPVSFFLVLDVVYLVYESKHLHEGAKSETAEELKKVAQELEEKLNILNNNYKILQADQEL	1	O14791
26	MIPQLNRNYAWAIALGLVARSSLVSAGPCDIYASGGTPCVAAHGTTRALHDSYTGPLYQVKRGSDGATTDIAPRHAGGVANATHQDTFCAGTTCLITIIYDQSGHGNHLSQAPPGHFIGPDSQGYDNLASAIGAPVTLNGQKAYGVFISPGTGYRNNAAKNTATGDEAEGLYAVLDGTHYNNGCCFDYGNAEVSGDDTGNGHMEAIYFGDLTAYGTGSGSGPWIMADLENGLFSGFNAKNNAEDPSLSYRFISAAVKGGPNKWAIRGGNAASGPLSTFYNGSRPNARGYNPMSKEGAIILGIGGHNSKLTVGSSISLRATTLCCTTRYVAHNGSTVNTQVVSSSSSAALKQQASWRVRTGLANSECFSFESVDTPNSFLMHNNFVLLLKSNDGTKALHEAATFCPQLGLNGKGNSIRSWSYPTRYFRHYDNVLYAASNGGVHKFDNPASFNDDVSWVVSASFA	1	U6BLZ9
20	MSIFPIVLALLLIGLEETEALDGYPLSKINNCKIYCPDDDVCKWTCKHRAGATNGKGDCIWYGCYCYDVAPGTKMYPGSSPCYA	1	P84688
15	MKLLILALCFAAASALTADQISTVQSSFAGVKGDAVGILYAVFKADPSIQAKFTQFAGKDLDSIKGSADFSAHANKIVGFFSKIIGDLPNIDGDVTTFVASHTPRGVTHDQLNNFRAGFVSYMKAHTDFAGAEAAWGATLDAFFGMVFAKM	1	P02230
21	MEKYLLLLLLGIFLRVGFLQALTCVSCGRLNSSGICETAETSCEATNNRKCALRLLYKDGKFQYGFQGCLGTCFNYTKTNNNMVKEHKCCDHQNLCNKP	1	Q3UN54
17	MLLALGLTLVLYASLQAEENSFTINSIHMESLPSWEVMNGQQLTLECLVDISTTSKSRSQHRVLFYKDDAMVYNVTSREHTESYVIPQARVFHSGKYKCTVMLNNKEKTTIEYEVKVHGVSKPKVTLDKKEVTEGGVVTVNCSLQEEKPPIFFKIEKLEVGTKFVKRRIDKTSNENFVLMEFPIEAQDHVLVFRCQAGILSGFKLQESEPIRSEYVTVQESFSTPKFEIKPPGMIIEGDQLHIRCIVQVTHLVQEFTEIIIQKDKAIVATSKQSSEAVYSVMAMVEYSGHYTCKVESNRISKASSIMVNITELFPKPKLEFSSSRLDQGELLDLSCSVSGTPVANFTIQKEETVLSQYQNFSKIAEESDSGEYSCTAGIGKVVKRSGLVPIQVCEMLSKPSIFHDAKSEIIKGHAIGISCQSENGTAPITYHLMKAKSDFQTLEVTSNDPATFTDKPTRDMEYQCRADNCHSHPAVFSEILRVRVIAPVDEVVISILSSNEVQSGSEMVLRCSVKEGTSPITFQFYKEKEDRPFHQAVVNDTQAFWHNKQASKKQEGQYYCTASNRASSMRTSPRSSTLAVRVFLAPWKKGLIAVVVIGVVIATLIVAAKCYFLRKAKAKQKPVEMSRPAAPLLNSNSEKISEPSVEANSHYGYDDVSGNDAVKPINQNKDPQNMDVEYTEVEVSSLEPHQALGTRATETVYSEIRKVDPNLMENRYSRTEGSLNGT	1	Q08481
18	MKTSVVILAMSYITSIFANNSYDFCDGEFAISEKDDKCGFSFNPCTLYKQIQKEYSNCVILRFYLKAISNMLESICDNNKRCLPFSIDSLYRPLYNREQFKHKHHHTLYALFRNCLYLVNPIYFKEYQDALACNQLDVCYFLIRRTVCPKYGVTKYIECLKKRCEDRFDEKELAIFICDSETFVNIKLEIDACRKICPADCTLDICKIYSLDFWERRDLLKAIFDYHYCHVLSSDNTRDEIIKKIEEIYLNGTERDIKFTSFIIYQLFTDLVACKSSDKNIKRILDLICLYEKKDKCPSGVMVMIEFFVKVCSYQC	1	B3STN7
24	MTPSPLLLLLLPPLLLGAFPPAAAARGPPKMADKVVPRQVARLGRTVRLQCPVEGDPPPLTMWTKDGRTIHSGWSRFRVLPQGLKVKQVEREDAGVYVCKATNGFGSLSVNYTLVVLDDISPGKESLGPDSSSGGQEDPASQQWARPRFTQPSKMRRRVIARPVGSSVRLKCVASGHPRPDITWMKDDQALTRPEAAEPRKKKWTLSLKNLRPEDSGKYTCRVSNRAGAINATYKVDVIQRTRSKPVLTGTHPVNTTVDFGGTTSFQCKVRSDVKPVIQWLKRVEYGAEGRHNSTIDVGGQKFVVLPTGDVWSRPDGSYLNKLLITRARQDDAGMYICLGANTMGYSFRSAFLTVLPDPKPPGPPVASSSSATSLPWPVVIGIPAGAVFILGTLLLWLCQAQKKPCTPAPAPPLPGHRPPGTARDRSGDKDLPSLAALSAGPGVGLCEEHGSPAAPQHLLGPGPVAGPKLYPKLYTDIHTHTHTHSHTHSHVEGKVHQHIHYQC	1	Q8N441
32	MLQFSLSPTLSMGFHVIAMVALLFSHVDHISAETEMEGEGNETGECTGSYYCKKGVILPIWEPQDPSFGDKIARATVYFVAMVYMFLGVSIIADRFMSSIEVITSQEKEITIKKPNGETTKTTVRIWNETVSNLTLMALGSSAPEILLSVIEVCGHNFTAGDLGPSTIVGSAAFNMFIIIALCVYVVPDGETRKIKHLRVFFVTAAWSIFAYTWLYIILSVSSPGVVEVWEGLLTFFFFPICVVFAWVADRRLLFYKYVYKRYRAGKQRGMIIEHEGDRPSSKTEIEMDGKVVNSHVDSFLDGALVLEVDERDQDDEEARREMARILKELKQKHPEKEIEQLIELANYQVLSQQQKSRAFYRIQATRLMTGAGNILKRHAADQARKAVSMHEVNTEVAENDPVSKIFFEQGTYQCLENCGTVALTIIRRGGDLTNTVFVDFRTEDGTANAGSDYEFTEGTVVFKPGETQKEIRVGIIDDDIFEEDENFLVHLSNVKVSLEASEDGILEASHVSTLACLGSPSTATVTIFDDDHAGIFTFEEPVTHVSESIGIMEVKVLRTSGARGNVIVPYKTIEGTARGGGEDFEDTCGELEFQNDEIVKTISVKVIDDEEYEKNKTFFLEIGEPRLVEMSEKKALLLNELGGFTITGKYLYGQPVFRKVHAREHPLPSTIITIADEYDDKQPLTSKEEEERRIAEMGRPILGEHTRLEVIIEESYEFKSTVDKLIKKTNLALVVGTNSWREQFIEAITVSAGEDDDDDECGEEKLPSCFDYVMHFLTVFWKVLFAFVPPTEYWNGWACFIVSILMIGLLTAFIGDLASHFACTIALKDSVTAVVFVALGTSVPDTFASKVAATQDQYADASIGNVTGSNAVNVFLGIGVAWSIAAIYHAANGEQFKVSPGTLAFSVTLFTIFAFINVGVLLYRRRPEIGGELGGPRTAKLLTSCLFVLLWLLYIFFSSLEAYCHIKGF	1	P48765
20	MATCLFLLGLFLLLPRPVPAPCYTATRSECKQKHKFVPGVWMAGEGMDVTTLRRSGSFPVNTQRFLRPDRTCTLCKNSLMRDATQRLPVAITHWRPHSSHCQRNVAAAKVHSTEGVAREAAANINNDWRVGLDVNPRPEANMRASVAGSHSKVANFAAEKTYQDQYNFNSDTVECRMYSFRLVQKPPLHLDFKKALRALPRNFNSSTEHAYHRLISSYGTHFITAVDLGGRISVLTALRTCQLTLNGLTADEVGDCLNVEAQVSIGAQASVSSEYKACEEKKKQHKMATSFHQTYRERHVEVLGGPLDSTHDLLFGNQATPEQFSTWTASLPSNPGLVDYSLEPLHTLLEEQNPKREALRQAISHYIMSRARWQNCSRPCRSGQHKSSHDSCQCECQDSKVTNQDCCPRQRGLAHLVVSNFRAEHLWGDYTTATDAYLKVFFGGQEFRTGVVWNNNNPRWTDKMDFENVLLSTGGPLRVQVWDADYGWDDDLLGSCDRSPHSGFHEVTCELNHGRVKFSYHAKCLPHLTGGTCLEYAPQGLLGDPPGNRSGAVW	1	P10820
25	MSSPLRMDVTFLLAAIAVTWVCGLKIGFPGFSTPPRSFIQHPKRTLCPEDCDIASPFKCEESPTCLRLFQVCNGRWDCEHGSDEDNALCAAVLRPLECMIWEFLEGQRDWILPNLFNDANTDLVAHALHEAYSMGDLQSYLNLTDQNIENIRNSTRGAIVGDPRPLMALGMPDRAWPEVMYLLKELYNLGLDVWAE	1	A0A0F7YYX3
22	MNWLFLVSLVFFCGVSTHPALAMSSNRLLKLANKSPKKIIPLKDSSFENILAPPHENAYIVALFTATAPEIGCSLCLELESEYDTIVASWFDDHPDAKSSNSDTSIFFTKVNLEDPSKTIPKAFQFFQLNNVPRLFIFKPNSPSILDHSVISISTDTGSERMKQIIQAIKQFSQVNDFSLHLPMDWTPIITSTIITFITVLLFKKQSKLMFSIISSRIIWATLSTFFIICMISAYMFNQIRNTQLAGVGPKGEVMYFLPNEFQHQFAIETQVMVLIYGTLAALVVVLVKGIQFLRSHLYPETKKAYFIDAILASFCALFIYVFFAALTTVFTIKSPAYPFPLLRLSAPFK	1	P48439
19	MHFLVALVLLGQIIGSTLSSQVRGDLECNDREAKEWADQAVRYINEHKLHEYKQALNVIKNIVVVPWNGDLVAVFLKLNLLETECHVLDPTPVEKCTIRPQQNHAVEMDCDAKIMFDVETFKQDVFVKCHSTPDSVEDVRRNCLKCPILLSPSDPHVVDSVEYVLNKHNEQLSGHVYEVLEISRGQHKYEPEAFYVEFAIVEVNCTAQEAHDDHHHCHPNTAGEDHIAFCKATVFRSHASLEKPKHENFESDCVILDVKEGHAHSHLIEHHIGKYSTSPGQNSTVECVAECPVAFVNKEVPTDISDRHTTPVKGCPGKILHFQL	1	Q5KQS4
24	MAAPGARRPLLLLLLAGLAHGASALFEVKNNGTTCIMASFSASFLTTYETANGSQIVNISLPASAEVLKNGSSCGKENVSDPSLTITFGRGYLLTLNFTKNTTRYSVQHMYFTYNLSDTEHFPNAISKEIYTMDSTTDIKADINKAYRCVSDIRVYMKNVTVVLRDATIQAYLSSGNFSKEETHCTQDGPSPTTGPPSPSPPLVPTNPTVSKYNVTGNNGTCLLASMALQLNITYLKKDNKTVTRAFNISPNDTSSGSCGINLVTLKVENKNRALELQFGMNASSSLFFLQGVRLNMTLPDALVPTFSISNHSLKALQATVGNSYKCNTEEHIFVSKMLSLNVFSVQVQAFKVDSDRFGSVEECVQDGNNMLIPIAVGGALAGLVLIVLIAYLIGRKRSHAGYQTI	1	P11438
19	MKTLFVFAVGIMLSMRASAFTCPECRPELCGDPGYCEYGTTKDACDCCPVCFQGPGGYCGGPEDVFGICADGFACVPLVGERDSQDPEIVGTCVKIP	1	G4V4F9
21	MVGSYVLWLALASCILTLASPEQQGNRNLINTRSYDPCQNYTLLDEPSRSTENTEGSQVCDKDKHGWYRFVGDGGVRMPETCVPMYRCQTDAPLWLNGTHPTLAEGIVNRTACAHWSGNCCLWKTVVQVKACPGEFHVYRLEGTPKCSLRYCTDASTATDKCKNLCRPEEACSFLNGTWDCFCRSDLNSSDVHSLQPRLNCGAKEIQVSLDKCQLGGLGFGDEVIAYLRDWNCSNMMQREERNWISVTSPTQARACGNILERNGTHAIYKNTLSLANEFIIRDTILNINFQCAYPLDMKVSLQTALHPIVSSLNISVDGEGEFTVRMALFQDQSYISPYEGAAAVLAVESMLYVGAILEKGDTSRFNLLLRNCYATPTKDKTDPVKYFIIRNSCPNQYDSTIHVEENGVSSESRFSVQMFMFAGNYDLVFLHCEIHLCDSLNEQCQPCCSRSQQRSEIVALNPARVLDLGPITRRSSASVDITDGTPSTAGFLLAWPMLLLPILLAELF	1	P25291
21	MLPCLVVLLAALLSLRLGSDAHGTELPSPPSVWFEAEFFHHILHWTPIPNQSESTCYEVALLRYGIESWNSISNCSQTLSYDLTAVTLDLYHSNGYRARVRAVDGSRHSNWTVTNTRFSVDEVTLTVGSVNLEIHNGFILGKIQLPRPKMAPANDTYESIFSHFREYEIAIRKVPGNFTFTHKKVKHENFSLLTSGEVGEFCVQVKPSVASRSNKGMWSKEECISLTRQYFTVTNVIIFFAFVLLLSGALAYCLALQLYVRRRKKLPSVLLFKKPSPFIFISQRPSPETQDTIHPLDEEAFLKVSPELKNLDLHGSTDSGFGSTKPSLQTEEPQFLLPDPHPQADRTLGNREPPVLGDSCSSGSSNSTDSGICLQEPSLSPSTGPTWEQQVGSNSRGQDDSGIDLVQNSEGRAGDTQGGSALGHHSPPEPEVPGEEDPAAVAFQGYLRQTRCAEEKATKTGCLEEESPLTDGLGPKFGRCLVDEAGLHPPALAKGYLKQDPLEMTLASSGAPTGQWNQPTEEWSLLALSSCSDLGISDWSFAHDLAPLGCVAAPGGLLGSFNSDLVTLPLISSLQSSE	1	Q13651
19	MNIFYVIVLLSFFLSKSSGFFPVIEVRIMNRRGNGRSIGIHCRSKDNDLQNQTVTSGHDMSFSFREDFFHTTHFYCDLQWDKETKFGFYSYQAKRDDDGRCSSQCLWKIMDDGLYGFDQEHQIWQIYHLIKKERKEGRT	1	Q40975
25	MMMMTKMFVQIAVVCLLATMAVVSAHEGHHHHAPAPAPGPASSSTVVSATNMFTVLAIAAVALVVGSNH	1	Q5PP12
24	MNFGKAAIFGVVLFCLLWTEGAQAGLTFLSPADMQKIAERQSQNKLRHGNMNRRGVEDDLAGEEIGVTFPLDMKMTQEQFQKQRAAVQDFLYSSLLSLGSVQDTEDKNENPQSQ	1	Q90W22
23	MTPGKTSLVSLLLLLSLEAIVKAGITIPRNPGCPNSEDKNFPRTVMVNLNIHNRNTNTNPKRSSDYYNRSTSPWNLHRNEDPERYPSVIWEAKCRHLGCINADGNVDYHMNSVPIQQEILVLRREPPHCPNSFRLEKILVSVGCTCVTPIVHHVA	1	Q16552
27	MAVTDSLSRAATVLATVLLLSFGSVAASHIEDQAEQFFRSGHTNNWAVLVCTSRFWFNYRHVANTLSVYRSVKRLGIPDSHIVLMLADDMACNPRNPKPATVFSHKNMELNVYGDDVEVDYRSYEVTVENFLRVLTGRIPPSTPRSKRLLSDDRSNILIYMTGHGGNGFLKFQDSEEITNIELADAFEQMWQKRRYNELLFIIDTCQGASMYERFYSPNIMALASSQVGEDSLSHQPDPAIGVHLMDRYTFYVLEFLEEINPASQTNMNDLFQVCPKSLCVSTPGHRTDLFQRDPKNVLITDFFGSVRKVEITTETIKLQQDSEIMESSYKEDQMDEKLMEPLKYAEQLPVAQIIHQKPKLKDWHPPGGFILGLWALIIMVFFKTYGIKHMKFIF	1	Q92643
31	MAYSTVQRVALASGLVLAVSLLLPKAFLSRGKRPEPPPGPEGKLDRFPPMMHHHSAPSDGQTPGARFQRSHLAEAFAKAKGAGGGAGGGGSGRGLMGQIIPIYGFGIFLYILYILFKLSKGKTAEDRNCSTAPPGNAHRKITNFELVQLQEKLKETEEAMEKLINRVGPNGESRAQAVTSDQEKRLLHQLREITRVMKEGKFIDTSPEKEAEEAPYMEDWEGYPEETYPIYDLSDGIKRRQETILVDYPDLKEPSAEEIAEQMGEIEEEGSERLSWDHLPTDPGAQKDNSVAPCDPKPESCSCCVHEEEDPAVLAENAGFSADGYSEQEEATKENLPQDFTNEGLGVSTDNAHVGGMLRKRNPQGFE	1	Q8BPM6
24	MTSIFHFAIIFMLILQIRIQLSEESEFLVDRSKNGLIHVPKDLSQKTTILNISQNYISELWTSDILSLSKLRILIISHNRIQYLDISVFKFNQELEYLDLSHNKLVKISCHPTVNLKHLDLSFNAFDALPICKEFGNMSQLKFLGLSTTHLEKSSVLPIAHLNISKVLLVLGETYGEKEDPEGLQDFNTESLHIVFPTNKEFHFILDVSVKTVANLELSNIKCVLEDNKCSYFLSILAKLQTNPKLSNLTLNNIETTWNSFIRILQLVWHTTVWYFSISNVKLQGQLDFRDFDYSGTSLKALSIHQVVSDVFGFPQSYIYEIFSNMNIKNFTVSGTRMVHMLCPSKISPFLHLDFSNNLLTDTVFENCGHLTELETLILQMNQLKELSKIAEMTTQMKSLQQLDISQNSVSYDEKKGDCSWTKSLLSLNMSSNILTDTIFRCLPPRIKVLDLHSNKIKSIPKQVVKLEALQELNVAFNSLTDLPGCGSFSSLSVLIIDHNSVSHPSADFFQSCQKMRSIKAGDNPFQCTCELGEFVKNIDQVSSEVLEGWPDSYKCDYPESYRGTLLKDFHMSELSCNITLLIVTIVATMLVLAVTVTSLCSYLDLPWYLRMVCQWTQTRRRARNIPLEELQRNLQFHAFISYSGHDSFWVKNELLPNLEKEGMQICLHERNFVPGKSIVENIITCIEKSYKSIFVLSPNFVQSEWCHYELYFAHHNLFHEGSNSLILILLEPIPQYSIPSSYHKLKSLMARRTYLEWPKEKSKRGLFWANLRAAINIKLTEQAKK	1	Q15399
21	MLGQVVTLILLLLLKVYQGKGCQGSADHVVSISGVPLQLQPNSIQTKVDSIAWKKLLPSQNGFHHILKWENGSLPSNTSNDRFSFIVKNLSLLIKAAQQQDSGLYCLEVTSISGKVQTATFQVFVFESLLPDKVEKPRLQGQGKILDRGRCQVALSCLVSRDGNVSYAWYRGSKLIQTAGNLTYLDEEVDINGTHTYTCNVSNPVSWESHTLNLTQDCQNAHQEFRFWPFLVIIVILSALFLGTLACFCVWRRKRKEKQSETSPKEFLTIYEDVKDLKTRRNHEQEQTFPGGGSTIYSMIQSQSSAPTSQEPAYTLYSLIQPSRKSGSRKRNHSPSFNSTIYEVIGKSQPKAQNPARLSRKELENFDVYS	1	Q9BZW8
15	MKLLILACFVALALARAKEELNASGETVESLSSSEESITHISKEKIEKLKREEQQQTENERQNKIHQFPQPQPLAHPYTEPIPYPILPQNILPLAQVPVVVPLLHPEVMKDSKAKETIVPKRKGMPFPKSPAEPFVEGQSLTLTDFEVLSLPLLQSLMHQIPQPVPQTPMFAPQPLLSLPQAKVLPVPQQVVPFPQRDMPFQALLLYQDPLLGPLQGFYPVPQPVAPVYNPV	1	P39037
16	MAPIIVPCLLLVVLVLQCSVINSLDYCSLCRGGRGEHVGCGSPGFSSDCGQKARTRKFTKEHKKVILDKINDVRDHVAKGSWGLPVASRMKVIVWDEELAALAKRHTQGCVPEAYKCRHTLRFWSPGQLNFEFYADKMPSTMSLISTAIKRGHTQKHNITRDIIEKYQPAGPKGNVKELALAISDRVTAVGCGLTTWKLGGKARALLTCNFSSENDYNRPVYKTGNSPGEKCIKKDETFKNLCSAQEPINPNEHNF	1	E0XKJ8
24	MVQYRALVIAVILLLSTTVPEVHSKSIIDRERRDWLVIPDAAAAYIYEAVNKVSPRAGQFLLDVSQTTVVSGIRNFLINETARLTKLAEQLMEKIKNLCYTKVLGY	1	P02659
19	MKFFVFALILALMLSMTGADSHAKRHHGYKRKFHEKHHSHRGYRSNYLYDN	1	P15516
19	MKISVAAIPFFLLITIALGTKTESSSRGPYHPSECCFTYTTYKIPRQRIMDYYETNSQCSKPGIVFITKRGHSVCTNPSDKWVQDYIKDMKEN	1	Q16627
45	MPPRAPPAPGPRPPPRAAGRHGLSPLAPRPWRWLLLLALPAVCSALPPPRPVYTNHWAVQVLGGPGAADRVAAAHGYLNLGQIGNLDDYYHFYHSKTFKRSTLSSRGPHTFLRMDPQVKWLQQQEVKRRVKRQARSDSLYFNDPIWSNMWYMHCADKNSRCRSEMNVQAAWKRGYTGKNVVVTILDDGIERNHPDLAPNYDSYASYDVNGNDYDPSPRYDASNENKHGTRCAGEVAASANNSYCIVGIAYNAKIGGIRMLDGDVTDVVEAKSLGIRPNYIDIYSASWGPDDDGKTVDGPGRLAKQAFEYGIKKGRQGLGSIFVWASGNGGREGDHCSCDGYTNSIYTISVSSTTENGHKPWYLEECASTLATTYSSGAFYERKIVTTDLRQRCTDGHTGTSVSAPMVAGIIALALEANNQLTWRDVQHLLVKTSRPAHLKASDWKVNGAGHKVSHLYGFGLVDAEALVLEARKWTAVPSQHMCVATADKRPRSIPVVQVLRTTALTNACADHSDQRVVYLEHVVVRISISHPRRGDLQIHLISPSGTKSQLLAKRLLDFSNEGFTNWEFMTVHCWGEKAEGEWTLEVQDIPSQVRNPEKQGKLKEWSLILYGTAEHPYRTFSSHQSRSRMLELSVPEQEPLKAEGPPPQAETPEEEEEYTGVCHPECGDKGCDGPSADQCLNCVHFSLGNSKTNRKCVSECPLGYFGDTAARRCRRCHKGCETCTGRSPTQCLSCRRGFYHHQETNTCVTLCPAGLYADESQRLCLRCHPSCQKCVDEPEKSTVCKEGFSLARGSCIPDCEPGTYFDSELIRCGECHHTCRTCVGPSREECIHCAKSFHFQDWKCVPACGEGFYPEEMPGLPHKVCRRCDENCLSCEGSSRNCSRCKAGFTQLGTSCITNHTCSNADETFCEMVKSNRLCERKLFIQFCCRTCLLAG	1	Q63415
34	MGHTRRQGTSPSKCPYLNFFQLLVLAGLSHFCSGVIHVTKEVKEVATLSCGHNVSVEELAQTRIYWQKEKKMVLTMMSGDMNIWPEYKNRTIFDITNNLSIVILALRPSDEGTYECVVLKYEKDAFKREHLAEVTLSVKADFPTPSISDFEIPTSNIRRIICSTSGGFPEPHLSWLENGEELNAINTTVSQDPETELYAVSSKLDFNMTTNHSFMCLIKYGHLRVNQTFNWNTTKQEHFPDNLLPSWAITLISVNGIFVICCLTYCFAPRCRERRRNERLRRESVRPV	1	P33681
24	LPVAFLKFAIVLILFIAMSAMIEAQCIGNGGRCNENVGPPYCCSGFCLRQPGQGYGYCKNR	1	P25403
22	MRAPGCGRLVLPLLLLAAAALAEGDAKGLKEGETPGNFMEDEQWLSSISQYSGKIKHWNRFRDEVEDDYIKSWEDNQQGDEALDTTKDPCQKVKCSRHKVCIAQGYQRAMCISRKKLEHRIKQPTVKLHGNKDSICKPCHMAQLASVCGSDGHTYSSVCKLEQQACLSSKQLAVRCEGPCPCPTEQAATSTADGKPETCTGQDLADLGDRLRDWFQLLHENSKQNGSASSVAGPASGLDKSLGASCKDSIGWMFSKLDTSADLFLDQTELAAINLDKYEVCIRPFFNSCDTYKDGRVSTAEWCFCFWREKPPCLAELERIQIQEAAKKKPGIFIPSCDEDGYYRKMQCDQSSGDCWCVDQLGLELTGTRTHGSPDCDDIVGFSGDFGSGVGWEDEEEKETEEAGEEAEEEEGEAGEADDGGYIW	1	Q92563
21	MAKHLIVMFLVIMVISSLVDCAKKPFVQRVKNAASKAYNKLKGLAMQSQYGCPIISNMCEDHCRRKKMEGQCDLLDCVCS	1	C7G3K3
17	MSLVLLSLAALCRSAVPREPTVQCGSETGPSPEWMLQHDLIPGDLRDLRVEPVTTSVATGDYSILMNVSWVLRADASIRLLKATKICVTGKSNFQSYSCVRCNYTEAFQTQTRPSGGKWTFSYIGFPVELNTVYFIGAHNIPNANMNEDGPSMSVNFTSPGCLDHIMKYKKKCVKAGSLWDPNITACKKNEETVEVNFTTTPLGNRYMALIQHSTIIGFSQVFEPHQKKQTRASVVIPVTGDSEGATVQLTPYFPTCGSDCIRHKGTVVLCPQTGVPFPLDNNKSKPGGWLPLLLLSLLVATWVLVAGIYLMWRHERIKKTSFSTTTLLPPIKVLVVYPSEICFHHTICYFTEFLQNHCRSEVILEKWQKKKIAEMGPVQWLATQKKAADKVVFLLSNDVNSVCDGTCGKSEGSPSENSQDLFPLAFNLFCSDLRSQIHLHKYVVVYFREIDTKDDYNALSVCPKYHLMKDATAFCAELLHVKQQVSAGKRSQACHDGCCSL	1	Q9NRM6
23	MKAFYGMLVIFILCSTCYISVDSQIDTNVKCSGSSKCVKICIDRYNTRGAKCINGRCTCYP	1	P84777
23	MNSVTKISTLLIVILSFLCFVEGLICNSCEKSRDSRCTMSQSRCVAKPGESCSTVSHFVGTKHVYSKQMCSPQCKEKQLNTGKKLIYIMCCEKNLCNSF	1	Q09098
20	MAIKLAILFTTFVLFSLADARIPGIYSGGAWQNAHATFYGGSDASGTMGGACGYGNLYSQGYGTNTAALSTALFNNGMSCGACFELKCANDPQWCHSGSPSILITATNFCPPNLAQPSDNGGWCNPPREHFDLAMPVFLKIAQYRAGIVPVSYRRVPCRKRGGIRFTINGHRYFNLVLITNVAGAGDIVRASVKGSRTGWMSLSRNWGQNWQSNAVLVGQALSFRVTGSDRRTSTSWNMVPSNWQFGQTFVGKNFRV	1	O48818
22	MALGVPISVYLLFNAMTALTEEAAVTVTPPITAQQGNWTVNKTEADNIEGPIALKFSHLCLEDHNSYCINGACAFHHELEKAICRCFTGYTGERCEHLTLTSYAVDSYEKYIAIGIGVGLLLSGFLVIFYCYIRKRCLKLKSPYNVCSGERRPL	1	Q6UW88
32	MLFSKVIAPAFILLGAASAAPGGLAPENASKRDQPSVGDAFDKYNEAVRVFTQLSSAANCDWAACLSSLSASSAACIAAVGELGLDVPLDLACAATATSSATEACKGCLW	1	O42720
24	MKLGSAIPWALLFSTATLISTGWGLDYHACGGRLTDDYGTIFTYKGPKTECVWTLQVDPKYKLLVSIPTLNLTCGKEYVEILEGAPGSKSLGKFCEGLSILNRGSSGMTVKYKRDSGHPASPYEIIFLRDSQG	1	P35495
23	MALSLFTVGQLIFLFWTMRITEARPDPAAKAAPAAAAVPAAAAPDTASDAAAAAALTAANAAAAAKLTADNAAAAAAATARG	1	Q99013
19	MEQICLIILLISKALSVGAQFNGYNCDANFHSRFPAERDISVYCGVQTITLKINFCPVLFSGYTDTDLALNGRHGDAHCRGFINNNTFPTVVLFSISLATLETCGNALVVSTAQGPNAYGNLSLVQIGNISGYIDTPDPPTIISYLPGLLYKFSCSYPLEYLVNNTQLASSAAAISVKDSNGTFVSTLSLLLYNDSSYVQQLSIPMAGLTLKTRVFAAVKATNLDRRWNVLMDYCYTTASGNPNDELRYDLFFSCDKDPQTTVFENGKSQMGRFAFEVFRFVKHKNQKMSTVFLHCVTKLCRADDCPMLMPICGSRKKRDVSERTESNSASGNAIITAGPIITRSDDTPMNNSQLAQLNSPVFRMNTVTSALISGIIILGVMSLCFFILSLTLLKGKRAPPTILSGARNPAFN	1	C0H9B6
23	MASMQHFSLAALLLAASICLGDADRTECQLPLDKGTPCTQEGGVKPSVAWWHDDKSGICLSFKYTGCGGNANRFTTIKNCEQHCKMPDRGACALGKKPAEDSNGEQLVCAGMREDKCPNGYQCKMMAFMGLCCPTKEEELFAREYEGVCKSGKPVKMDRGSGWMMTILGKSCDDQFCPEDAKCERGKLFANCCK	1	Q7Z1K3
24	MNTRSLLSAWAALLVVTVRHRAHAMASLYPFWPNDTKTPKVDDGSSSEIKLSVPFIFFRSPYRTVYVNNNGVISFNSLVSQFTPEAFPLADGRAFVAPFCGDVANGIRGEIYYRESTNPELLGESSKDIRKYFKDMASFSASWVFIVTWEEVQFYGGSSTTPVNTFQAVLITDGVSSFAIFNYQEISWTTGTASGGDPLTGLGGVMAQAGFNGGNISNFFSIPGSRTPDIVNIEQTTNVNIPGRWAFKIDGREIDPANLSLRGQFLHQGEIFWENSNCSTKCRCLDFNNEIFCQEMLAPFETVEPKIKFFQCVPVETACVVFGDPHYHTFDGFLFHFQGSCSYLLARQCWPGSQLPYFNVEAKNERGGSSVSWAEDIFVEVYRHKIVLPKGGFGKAKVDDLVVSLGAIKVYQSGLSTALETDFGLLVTYDGQHYASVSVPGTYINGTCGLCGNYNKDPEDDALRSDGRLASSVPELGESWRVPHPERKCSPGCVENCSVCDASRILYSPICGFSQECGAWSVLVATAFVHSCVYDLCSARRTHRLCQAIQVTLRCCQGLGIRWENGVPDGMRGGLAVPGHSHYSGCASGCPATCSDLTAPLRCTAPCPEGCECDDGHVLSARPLHSLCRSGCVVDGRSRCREVFWATADCTAECQCEDGGEAKCFNTSCPEGEVCTIEDGYRGCYPKREGLCSVGQNQVLRTFDGVTFPYPLEHSYTLLKTCMEKPDFIEVDISQKKPDTLPMAGRVVRIQVVGQEVKVGGASLSEVKVNGYDVDLPYFHPSGHLEIYRTDNGTVTESEGLLSIGYYDSGLLEIRLSTAYFNCTGGLCGFFNGNDSDEFCTPKAKCTDNLELFLESWTTFDEICNGECGDLLKACNNDSELLKTYRSRSNCAIINDPTNSSFLECHNVSIVSAYYRTCLFRLCQSGGNQSELCSAVARYASACKNSEVDVGQWRSHSFCPLACPENSHFEECMSCVETCETLATGCCMDTCTEGCQCDEGFALRSPCVPRGECGCNFEGHELATNQTFWMDISCHLLCYCNGSDNSVYCENVLQDDEYYCHVRTDASCIVSGYGHYLTFDGFSFDFQSSCALVLCTTIHGACERSDTFPTFTVTVTAKNEDRDTSLACVVKQVEVEVFNYYIVIHRAYKYTVMINNERLYLPLKLGQGKVNIFAFGFHIVVETDFGLKVVYDWKTFLSVTIPRSFQNLTYGLCGRYNGNPDDDLVAAGGTPRFGVTDFVQSWAKRDTFCRVGSGDRCPACGKVEGFWKPQQLCSLIPSQSGVFAKCHSKINPSYFYKNCLFDTVVDGGAMARRVADWLQNYASTCQTQGIAIIGWRNFTSCSVSCPPNSHYESCVSLCQPRCAAIRLKSDCGHYCVEGCQCDPGYVLNGKSCILPQNCGCYSDGKYYEPKQLFWNGDCTRRCARFRRNLIQCDPRHCKSDEECASRNGVRGCFSTRSSFCLAAGGGVFRTFDGAFLRFPANCAFVLSTICQRLADFSFQLIINFDKWSSPNLTIISVYIYINEEQILISDRSTVKVNGSLVSIPFVTGLSTKIYSQEGFLVIDSGPDIHIRYNGFNVIKITIGDRLQNKVCGLCGNFNGDPADDYATLRGKPVVSSVVLAQSWKTNGMQKSCNELQYSQYAASCDNVQIQKLQSDSYCLKLTDMKGFFQPCYGLLDPLPFYESCFLDGCYNRKQVQLCGSLAAYGEACRTFGILGTEWIEKENCSGVVEDPCAGADCPNRTCELDDGGELCGCIEPPPYGNTTHDIIDAEVTCKAAQMEVSISKCKLFQLGFEREGVRVNDRHCPGIEGEDFISFQINNTKGNCGNLVQSNSTHIVYKNTVWIESANNTGNIITRDRTINVEVFCAYELDIKISLDSVVRPMLSVINLTVPTQEGSFTTKMALYKNSSYKHPYRQGEVVLTTRDVLYVGVFVVGADSNHLILMLNKCYATPSRDSNDKLRYFIIEGGCQNLKDNTIGIEENGVSLTCRFHVTVFKFIGDYDEVHLHCAVSLCDSEKYSCKINCPQHRRSASAFAQEAHEQILSVGPIRRKRSDWCEDNGGCEQICTSQADGPLCSCVTGTLQGDGKSCMASSSSADIRAQASLLVAAQLWLWAALHDPTS	1	Q9YH85
22	MKFTATFLMIAIFVLMVEPGECGWGSFFKKAAHVGKHVGKAALTHYLGDKQELNKRAVDEDPNVIVFE	1	Q90ZY0
22	MNKKILLVIFIVTMLIVDEVNSFKFGSFIKRMWRSKLAKKLRAKGKELLRDYANRVLSPEEEAAAPAPVPAKRRR	1	P86407
19	MARPHPWWLCVLGTLVGLSATPAPKSCPERHYWAQGKLCCQMCEPGTFLVKDCDQHRKAAQCDPCIPGVSFSPDHHTRPHCESCRHCNSGLLVRNCTITANAECACRNGWQCRDKECTECDPLPNPSLTARSSQALSPHPQPTHLPYVSEMLEARTAGHMQTLADFRQLPARTLSTHWPPQRSLCSSDFIRILVIFSGMFLVFTLAGALFLHQRRKYRSNKGESPVEPAEPCHYSCPREEEGSTIPIQEDYRKPEPACSP	1	P26842
18	MALSWVLTVLSLLPLLEAQIPLCANLVPVPITNATLDRITGKWFYIASAFRNEEYNKSVQEIQATFFYFTPNKTEDTIFLREYQTRQDQCIYNTTYLNVQRENGTISRYVGGQEHFAHLLILRDTKTYMLAFDVNDEKNWGLSVYADKPETTKEQLGEFYEALDCLRIPKSDVVYTDWKKDKCEPLEKQHEKERKQEEGES	1	P02763
24	MCGPSYCTLLLIAASCYILVCSHAKSLQGTSKLDLGNHISAGSARGSLSPASPALSEARQKRAMGDYKELTDIIDELEENSLAQKASATMQVAAMPPQGQEFDLDTMPPLTYYLLLQKLRQLQSNGEPAYRVRTPRLGRSIDSWRLLDAEGATGMAGGEEAIGGQFMQRMVKKSVPFKPRLGKRAQVCGGD	1	Q9VG55
23	MGGHPQLRLVKALLLLGLNPVSASLQDQHCESLSLASNISGLQCNASVDLIGTCWPRSPAGQLVVRPCPAFFYGVRYNTTNNGYRECLANGSWAARVNYSECQEILNEEKKSKVHYHVAVIINYLGHCISLVALLVAFVLFLRLRPGCTHWGDQADGALEVGAPWSGAPFQVRRSIRCLRNIIHWNLISAFILRNATWFVVQLTMSPEVHQSNVGWCRLVTAAYNYFHVTNFFWMFGEGCYLHTAIVLTYSTDRLRKWMFICIGWGVPFPIIVAWAIGKLYYDNEKCWFGKRPGVYTDYIYQGPMILVLLINFIFLFNIVRILMTKLRASTTSETIQYRKAVKATLVLLPLLGITYMLFFVNPGEDEVSRVVFIYFNSFLESFQGFFVSVFYCFLNSEVRSAIRKRWHRWQDKHSIRARVARAMSIPTSPTRVSFHSIKQSTAV	1	P34998
22	MNCLKICGFFFALIAALATAEAGTQVIHAGGHTLIQTDRSQYIRKN	1	P83869
20	MKMVYLGLFLIITSCVISSGNLIYECKWADSIRLKDKNPTHEFCKKKCEEKNTDRITVQHGFHSSDYRCTCQGEKILETPYQSDGVKDCHRI	1	P0DQC1
19	MKCFAQIVVLLLVIAFSHGAVITGACDRDVQCGSGTCCAASLWSRNIRFCVPLGNNGEECHPASHKVPYNGKRLSSLCPCKSGLTCSKSGEKFQCS	1	Q8JFQ0
19	MAPLRPLLMLALLAWVALADQESCKGRCTDGFIAERKCQCDELCSYYQSCCTDYVAECKPQVTRGDVFLQPDDEYRAYDYHEETRHNTSVQEEQRIPVLLAKTEETPVLKPEEEAPPPGPQTDDLGVPEEELCSGKPFDAFTNLKNGSVFAFRGLYCYELDEKAVRPGYPKLIQDVWGIKGPIDAAFTRINCQGKTYLFKGSQYWRFDDGVLDPNYPREISEGFKGIPDDVDAALALPAHSYSGRERVYFFKGKQYWEYVFQQQPSREECEGSSPSDVFAHFALMQRDSWEDIFRLLFWSHSFGGAIEPRVISQDWLGLPEQVDAAMAGQIYISGSALKPSQPKMTKSARRSGKRYRSRRGRGRGRGHSRSQKSHRQSRSTWLPWFSSEETGPGGYNYDDYKMDWLVPATCEPIQSVYFFSGEEYYRVNLRTQRVDTVTPPYPRSIAQYWLGCPVPDQK	1	P48819
16	MMQILLLALAVSLACADSIDYSKVPGNWRTIAIAADHVEKIEVNGELRAYFRQVDCTEGCDKISITFYTNTDGVCTEHTVVGARNGENDVYTVDYAGENTFQILCNSDDAFVIGSVNTDQNGQTTKEVAIAAKRNFLTPEQEQKFQKAVQNAGIPLENIRYVIETDTCPD	1	P83508
25	MQFSIATIALFLSSAMAAPYSGNSNSDSYDPCTGLLQKSPQCCNTDILGVANLDCHGPPSVPTSPSQFQASCVADGGRSARCCTLSLLGLALVCTDPVGI	1	Q06153
31	MATPPLVPLLLLLLLLLPHAHHRLALRSVLATQRAQDSPAVHLINGLGQEPIQVLTFDLTRLVKASSSFELRTWDSEGVIFYGDTSPKDDWFMLGLRDGRPEIQMHNPWAQLTVGAGPRLDDGSWHQVHVKIRGDSVLLEVDGKEVLRLSQVSGTLHDKPQPVMKLAVGGLLFPPSSLRLPLVPALDGCLRRGSWLDPQAQISASAHASRRSCDVELQPGIFFPPGTHAEFSLQDIPQPQTEPWAFSLDLELKPSEGSGRLLALGTPEDPNWLSLHLQDQKVVLSSGMEPGLDLPLAWGLPLQLKLGVSTAVLSQGSKKQALGLPPSGLGPLLNLWAQPQGRLFLGALPGEDSSASFCLDGLWAQGQKLDMDKALNRSQDIWTHSCPSSPGNGTDTSH	1	P15196
24	MGAALKMTIFLLIVACAMIATTEAAVRIGPCDQVCPRIVPERHECCRAHGRSGYAYCSGGGMYCN	1	Q8T0W8
18	MLVTYILASVLLFSSVLGQRCSTTWGIRDTNYLIENLKDDPPSKCSCSGNVTSCLCLSVPTDDCTTPCYREGLLQLTNATQKSRLLPVFHRVKRIVEVLKNITCPSFSCEKPCNQTMAGNTLSFLKSLLGTFQKTEMQRQKSRP	1	P15247
23	MSSSCSGLTRVLVAVATALVSSSSPCPQAWGPPGVQYGQPGRPVMLCCPGVSAGTPVSWFRDGDSRLLQGPDSGLGHRLVLAQVDSPDEGTYVCQTLDGVSGGMVTLKLGFPPARPEVSCQAVDYENFSCTWSPGQVSGLPTRYLTSYRKKTLPGAESQRESPSTGPWPCPQDPLEASRCVVHGAEFWSEYRINVTEVNPLGASTCLLDVRLQSILRPDPPQGLRVESVPGYPRRLHASWTYPASWRRQPHFLLKFRLQYRPAQHPAWSTVEPIGLEEVITDAVAGLPHAVRVSARDFLDAGTWSAWSPEAWGTPSTGPLQDEIPDWSQGHGQQLEAVVAQEDSPAPARPSLQPDPRPLDHRDPLEQVAVLASLGIFSCLGLAVGALALGLWLRLRRSGKDGPQKPGLLAPMIPVEKLPGIPNLQRTPENFS	1	Q64385
27	MLLPRRGLRTLPSLCLYILVLVWVVACEPEGTPTPLPAPEESRWSLVPSSVKELVGPLLTRTRERWQWFWGPGALQGFVQTYYDDHLRDLGPRAQAWLTSSRDRLLNTAQGLCPRLLCGDKDQD	1	P55057
22	MKLFIILATATLLIAATQAKYLRDEGFDLGETQMSSKCTRQVKMMEPELVKCNRYIAMDIMDDKYEEALSRIQGEGCESEEKFLRGCCVAMKEMEDECVCEWMKMMVENQKGRIGETLMRKGIRDLKELPNKCGISEMECHSRGNWYYV	1	E9NX73
22	MGSPGMVLGLLVQIWALQEASSLSVQQGPNLLQVRQGSQATLVCQVDQATAWERLRVKWTKDGAILCQPYITNGSLSLGVCGPQGRLSWQAPSHLTLQLDPVSLNHSGAYVCWAAVEIPELEEAEGNITRLFVDPDDPTQNRNRIASFPGFLFVLLGVGSMGVAAIVWGAWFWGRRSCQQRDSGNSPGNAFYSNVLYRPRGAPKKSEDCSGEGKDQRGQSIYSTSFPQPAPRQPHLASRPCPSPRPCPSPRPGHPVSMVRVSPRPSPTQQPRPKGFPKVGEE	1	Q96BF3
19	MALALWVFALLGSACLVSANIFEYQVDAQPLRPCELQRERAFLKRADYVPQCAEDGSFQTVQCKKDGGSCWCVDADGREVPGSRQPGRPVACLSFCQLQKQQILLSSYINSTATSYLPQCQDSGAYAPVQCDVRREQCWCVDAEGMEVYGTRRLGRPARCPGSCEIRNRRLLHGVGDKSPPQCSADGTFLPVQCKFVNTTDMMFFDLVHSYNRFPDAFVTFSSFRSRFPEVSGYCHCADSQGRELAGTGLELLLDEIYDTVFAGLDLASSFTETTLYRILQRRFLAVQLVTSGRFRCPTKCEVERFAATSFGHPYVPSCGRDGEYQAGQCQQEGLCWCVDAQGQEIPGTRRPSEPLSCAEGQSCPSERRRALSRLHLGPSGYSGQRGSFLAAERGPVSQTVPSFAASCPLPLKELFVESGILQPVVQGQKKEVTAATESLLKEGLRGIFPSRELARLALQFTANPKRLQQNLFGGRFLANVGQFNLSGALGTRGTFNFSHFFQQLGLPGFQKRQALADPAKSLSVGLDSNPATEAPEALKMGVAMNKTVVGSFGFEVNLQENRNALTFLSSLLELPEFLLFLQHAISVPEDIARDLGDVMEMALSSQGCEQTPGSLFVPSCTAEGSYEDVQCFAGECWCVDARGRELAGSRARGGRPRCPTACEKQRERMQSLLGRQPAGSSVFVPSCTREGHFLPVQCFSSDCYCVDADGQPIPGTRTAPGEPKQCPTPCQLQAEQAFLGTVRGLISNPSEPPVLSSIYIPQCSASGQWRRVQCDGPPEQAFEWYERWGAQSRSGQELTPAELLMKIMSYREAASGSFRLFIQNLYEAGQQGIFPGLARYSSLQDVPLAVLEGNLTQATGNILLEPYLFWQILNGQLPRYPGPYSDFSAPLAHLDLRSCWCVDEAGRKLEGTQTEPSKVPACPGSCEEVKLRVLQFIKEAEEIVMVSNSSQFPLGESFLAAKGIRLTDEELALPPLSPSRETFLEKFLSGSDYAIRLAAQSTFSFYQRRRVALSDAPRTSGPLQPYPYVPQCDALGSWEPVQCHAATGHCWCVDGEGAYLPASLAARSPQVLQCPTPCETSRVRGLLSAWKQAGSQVRPSPKDLFIPACTETGEFARLQASEASTWCVDPASGEAMPPGTNSSAPCPGLCEVLQRGVPSRRASPGTTPACRAEDGGFAPVQCDPAQGSCWCVLGSGEEVPGTRVAGSQPACERPQLWQTIQTRGQFQLQLPPGKVCSADYAGLLPTFQVVILDELTARGFCRIQVTTARTPVSIPVCDDSTVRVGCLSLDRLGVNVTWTLRLEDAPPASLPDLRDIEEALAGKDLVGRFADLIQSGTFQLHLDSRTFPADPSIHFLQGNSLGTSPRTRFGCVEGSRQVPATSNTSQDPLGCVRCPEGSYFQEEQCIPCPAGFYQEQTGSLACAPCPAGTTTTSVGAFSQTHCVTACQRDEAGLQCDQDGQYRASQRDRASGKAFCVDSEGRRLPWSETQAPLVDAQCLMMRKFEKLPESKVIFTADVAVLGSIVPDSESSLMQCLADCARDEACSFLTVSLEGSEGSCDFYAWTSDNIACTSSGQEEDALGTSKATSLGSLTCQVKVRPGDGVAPAVYLKKGQEFATIGQKRFEQTGFQNALSGLYSPVVFSASGASLTEAHLFCLLACDRDSCCDGFILTQVQGGPIICGLLSSPDVLLCHVRDWRDPSEAQADATCPGVTYDQDSRQGTLRLGGQEFKSLTPREGARDTFTSFQQVYLWKDSDMGSRSESMGCRRDMQPRPESPEETDLTAELFSPVDLNQVIVSENRSLPSQQHRLFKHLFSLQQAHLWCLSRCVQEPSFCQLAEITDSSPLYLTCTLYPEAQVCDDVMEASPRGCRRILPRRPNALFQRRVVLQDRVKNFYTRLPFQKLTGLSIRHKVPMADKAISSGFFECERLCDVDPCCTGFGFLNVSQLKGGEVTCLTLNSLGLQTCSEENGGSWRLLACGSPDTEVRTYPFGWYQKPAVQNDAPSFCPSAALPPVPEKVALDSWQPLPPSSVVVDPSIRNFDVAHISTAAVGDFSAARERCLLECSRHQACLVTTLQTRPGAVRCMFYADTQSCTHSLQAQNCQLLLREEATHIYRKPDIPLPGLGSSAPTVTIATHGQLLGTSQAIQLGASWKQVDQFLGVPYAAPPLAESRFRAPEPLNWTGTWDATKPRASCWQPGIRPATAPGVSEDCLYLSVFVPQSLTPNSSVLVFFHNGAEGPLAMAVDGSFLAAVGNLIVVTASYRTGVFGFLSSGSSEVSGNWGLLDQVAALTWVQTHIGVFGGDPRRVALAADRGGADVAGIHLLTSRATNSRLFRRAVLMGGSVLSPAAVIRPDRAQQQAAALAKEVGCPPRPSQKWYPASAGACQPPNDAQMQLLAVSGPFHYWGPVVDGQLLREAPARALQRPPRAKLDLLIGSSQDDGLIDRAKAVKRFEESQGRTSSKTAFYQALQNSLGGEAGDPGVQAAATWYYSLEHDTDDYASFSRALEAATRDYFIICPVIDMASHWARTARGNVFMYHAPESYSHGSLELLADVRYAFGLPFYPAYEGQFTQEEKSLSLKIMQYFSNFVRSGNPNYPHEFSRKAPEFAAPWPDFVPGDGAESYKELSVLLPNRQGLKKADCSFWSKYILSLKASADEAEDGPLAESEEEDRPGLTEDLLGLPELASKSYSK	1	F1RRV3
33	MDCHTKETLGVTQWRRSTMLTLSLLYAITPADGAKEALEYKTWTNHCGLAATLRKVAGGVLTKLKSHISYRKKLEEMETKLRIYALKGDGVGEQKSAEILATTAALMRQKALTPEEANLKTALKAAGFAGEGAAAVSSYLMTLGTLTTSGSAHCLSNEGGDGDGKDQLAPKGCRHGTEADFDAGAGPAESEVADSGFAQVPGKQDGANAGQANMCALFTHQATPHSSQGIYITGAQTKPSFGYGMLTIGTTDQTIGLKLSDIKGKQADSAQKFWSSCHAAVKAAQDMKADPALKVDQTLLAVLVASPEMAEILKLEAAASQQKGPEEVTIDLATEKNNYFGTNNNKLEPLWTKIKGQNIVDLAATKGSTKELGTVTDTAELQKLLSYYYTVNKEEQKKTAEKITKLETELADQKGKSPESECNKISEEPKCNEDKICSWHKEVKAGEKHCKFNSTKAKEKGVSVTQTQTAGGTEATTDKCKGKLEDTCKKESNCKWENNACKDSSILVTKKFALTVVSAAFVALLF	1	P02896
23	MFWTRYAGASILLFFMLIRLGQLYPRNDMNNFGCEECKLKENNIFSKPGAPVYQCMGCCFSRAYPTPLRSKKTMLVPKNITSEATCCVAKEVKRVLVNDVKLVNHTDCHCSTCYYHKS	1	P01221
29	MASGTFTQRLLVALMIFALIADLSTLVAARPQDSDAASVAAAIRYLQELETKHAQHARPRFGKRGGYLNPAIFGQDEQEVDWQDSTFSR	1	Q7Q7R8
18	MKLVFLFLLVTIPICCYASGSGCSILDEVIRGTINSTVTLHDYMKLVKPYVQDHFTEKAVKQFKQCFLDQTDKTLENVGVMMEAIFNSESCQQPS	1	P02780
23	MKLQNTLILIGCLFLMGAMIGDAYSRCQLQGFNCVVRSYGLPTIPCCRGLTCRSYFPGSTYGRCQRY	1	Q9U8X3
20	MQKVTLGLLVFLAGFPVLDANDLEDKNSPFYYDWHSLQVGGLICAGVLCAMGIIIVMSAKCKCKFGQKSGHHPGETPPLITPGSAQS	1	Q14802
20	MDCQLSILLLLSCSVLDSFGELIPQPSNEVNLLDSKTIQGELGWISYPSHGWEEISGVDEHYTPIRTYQVCNVMDHSQNNWLRTNWVPRNSAQKIYVELKFTLRDCNSIPLVLGTCKETFNLYYMESDDDHGVKFREHQFTKIDTIAADESFTQMDLGDRILKLNTEIREVGPVNKKGFYLAFQDVGACVALVSVRVYFKKCPFTVKNLAMFPDTVPMDSQSLVEVRGSCVNNSKEEDPPRMYCSTEGEWLVPIGKCSCNAGYEERGFMCQACRPGFYKALDGNMKCAKCPPHSSTQEDGSMNCRCENNYFRADKDPPSMACTRPPSSPRNVISNINETSVILDWSWPLDTGGRKDVTFNIICKKCGWNIKQCEPCSPNVRFLPRQFGLTNTTVTVTDLLAHTNYTFEIDAVNGVSELSSPPRQFAAVSITTNQAAPSPVLTIKKDRTSRNSISLSWQEPEHPNGIILDYEVKYYEKQEQETSYTILRARGTNVTISSLKPDTIYVFQIRARTAAGYGTNSRKFEFETSPDSFSISGESSQVVMIAISAAVAIILLTVVIYVLIGRFCGYKSKHGADEKRLHFGNGHLKLPGLRTYVDPHTYEDPTQAVHEFAKELDATNISIDKVVGAGEFGEVCSGRLKLPSKKEISVAIKTLKVGYTEKQRRDFLGEASIMGQFDHPNIIRLEGVVTKSKPVMIVTEYMENGSLDSFLRKHDAQFTVIQLVGMLRGIASGMKYLSDMGYVHRDLAARNILINSNLVCKVSDFGLSRVLEDDPEAAYTTRGGKIPIRWTSPEAIAYRKFTSASDVWSYGIVLWEVMSYGERPYWEMSNQDVIKAVDEGYRLPPPMDCPAALYQLMLDCWQKDRNNRPKFEQIVSILDKLIRNPGSLKIITSAAARPSNLLLDQSNVDITTFRTTGDWLNGVWTAHCKEIFTGVEYSSCDTIAKISTDDMKKVGVTVVGPQKKIISSIKALETQSKNGPVPV	1	P29320
22	MAPPGSSTVFLLALTIIASTWALTPTHYLTKHDVERLKASLDRPFTNLESAFYSIVGLSSLGAQVPDAKKACTYIRSNLDPSNVDSLFYAAQASQALSGCEISISNETKDLLLAAVSEDSSVTQIYHAVAALSGFGLPLASQEALSALTARLSKEETVLATVQALQTASHLSQQADLRSIVEEIEDLVARLDELGGVYLQFEEGLETTALFVAATYKLMDHVGTEPSIKEDQVIQLMNAIFSKKNFESLSEAFSVASAAAVLSHNRYHVPVVVVPEGSASDTHEQAILRLQVTNVLSQPLTQATVKLEHAKSVASRATVLQKTSFTPVGDVFELNFMNVKFSSGYYDFLVEVEGDNRYIANTVELRVKISTEVGITNVDLSTVDKDQSIAPKTTRVTYPAKAKGTFIADSHQNFALFFQLVDVNTGAELTPHQTFVRLHNQKTGQEVVFVAEPDNKNVYKFELDTSERKIEFDSASGTYTLYLIIGDATLKNPILWNVADVVIKFPEEEAPSTVLSQNLFTPKQEIQHLFREPEKRPPTVVSNTFTALILSPLLLLFALWIRIGANVSNFTFAPSTIIFHLGHAAMLGLMYVYWTQLNMFQTLKYLAILGSVTFLAGNRMLAQQAVKRTAH	1	P04844
17	MIMLLMVGMLMAPCVGAHALDTPNPQELPPGLSKNINITFFNGVFKNVESVAEIFDCLGSHFTWLQAVFTNFPLLLQFVNSMRCVTGLCPRDFEDYGCACRFEMEGMPVDESDICCFQHRRCYEEAVEMDCLQDPAKLSADVDCTNKQITCESEDPCERLLCTCDKAAVECLAQSGINSSLNFLDASFCLPQTPETTSGKAATLLPRGIPEKPTDTSQIALSGEVAGEVRADTLTTLSRTKSVQDLQDTQASRTTSSPGSAEIIALAKGTTHSAGIKPLRLGVSSVDNGSQEAAGKACDRLAFVHLGDGDSMTAMLQLGEMLFCLTSHCPEEFETYGCYCGREGRGEPRDTLDRCCLSHHCCLEQMRQVGCLHGRRSQSSVVCEDHMAKCVGQSLCEKLLCACDQMAAECMASAFFNQSLKSPDGAECQGEPVSCEDGMLQGTLASSVDSSSEENSEEAPPQMERLRRFLEKPPGPLGARPLGGK	1	Q9Z0L3
29	MRAPGRPALRPLPLPPLLLLLLAAPWGRAVPCVSGGLPKPANITFLSINMKNVLQWTPPEGLQGVKVTYTVQYFIYGQKKWLNKSECRNINRTYCDLSAETSDYEHQYYAKVKAIWGTKCSKWAESGRFYPFLETQIGPPEVALTTDEKSISVVLTAPEKWKRNPEDLPVSMQQIYSNLKYNVSVLNTKSNRTWSQCVTNHTLVLTWLEPNTLYCVHVESFVPGPPRRAQPSEKQCARTLKDQSSEFKAKIIFWYVLPVSITVFLFSVMGYSIYRYIHVGKEKHPANLILIYGNEFDKRFFVPAEKIVINFITLNISDDSKISHQDMSLLGKSSDVSSLNDPQPSGNLRPPQEEEEVKHLGYASHLMEIFCDSEENTEGTSLTQQESLSRTIPPDKTVIEYEYDVRTTDICAGPEEQELSLQEEVSTQGTLLESQAALAVLGPQTLQYSYTPQLQDLDPLAQEHTDSEEGPEEEPSTTLVDWDPQTGRLCIPSLSSFDQDSEGCEPSEGDGLGEEGLLSRLYEEPAPDRPPGENETYLMQFMEEWGLYVQMEN	1	Q9UHF4
31	MATAATATAGSRAAVLLLLSLALALALRPSDAGAGGDCHFPAVFNFGDSNSDTGGLSSLFGAAPPPNGRTFFGMPAGRYCDGRLVIDFIAESLGLTHLSAYLNSIGSNFTQGANFATAGSSIRRQNTSLFLSGFSPISLDVQFWEFEQFINRSQLVYNNKGGIYREILPRAEYFSQALYTFDIGQNDITSSYFVNNTTEEVEAIIPDLMERLTSIIQSVYSRGGRYFWIHNTGPLGCLPYALLHRPDLAIPADGTGCSVTYNKVAQLFNLRLKETVASLRKTHPDAAFTYVDVYTAKYKLISQANKLGFDDPLLTCCGYGGGRYNLDLSVGCGGKKQVNGTSVVVGKSCENPSKRVSWDGVHFTEAANKFVFDQIVAGALSDPPVALRQACHSRGQ	1	B4FZ87
18	MKLFYLLVICALSLAVMADEKPKLILPTPAPPNLPQLVGGGGGNRKDGFGVSVDAHQKVWTSDNGRHSIGVTPGYSQHLGGPYGNSRPDYRIGAGYSYNFG	1	P18684
31	MGTSSARPAVLALAGLALLLLLCLGPGDVSGNKLKKMLQKREGPVPSKTNVAVSEHTAKEFLGGLKRAKRQLWDRTRPEVQQWYQQFLYMGFDEAKFEDDVNYWLNRNQNGHDYYGDYYQRHYDEDAAIGPRSREGFRHGASVNYDDY	1	D4A540
19	MKTALPLLLLTCLVAAVQSTGSQGCPTYVSEKCTARLQECSNNQQQEPLQNCTAVHADCVVQATEDCQREQSQLNHDHLNNHTTTQQP	1	Q8I817
17	MEKVLALLLVTLTVAYAVPDPRGIIINLDEGELCLNSAQCKSNCCQHDTILSLSRCALKARENSECSAFTLYGVYYKCPCERGLTCEGDKSLVGSITNTNFGICHDVGRSSD	1	P02703
18	MHLLSSLAALAAAITVAFADVQQCNAENASVRKEWGSLTPDEQLGYIDAVWCLRSLPSRLPNEQYPGVQDRVDDFVATHINLTMVIHRNAPFLPWHRQYIHLWETALREECGYNGTVPYWNWTKNPDLYTNPVFDTTQSPETSLSLSGDGAYVAPSPTDPDPDPGLDFAPGRGGGCVLDGPFKDWPVRMGPFSAAQAYPYAPVPENAFAHNPRCLQRNLDVARIQYYNNPSVLESLLAAPSIAVFQDILDRTIPGTWQQAIGAHGGGHISVGPTLADVFASPQDPVFMLHHGFIDLLWDAWQRSGSDTGEGTDRMRALNGTTMYTNPPGAEEATLDTVMEFGVLGSPKKIGEVMDIRGGEYCYRYE	1	Q5BGU9
19	MIYQVVLLLLVSPAPVSAAGCNPDCTGIQCGWPRCPGGQNPVMDKCVSCCPFCPPKSAQG	1	C0HL38
19	MRSTGYLLTLSAAFQVAQAAVTANNSQLLTWWHNTGEINTQTPVADGNVRQSGLYSVKVQTTPASSSLYYDSFVYLAIPGNGMSDQLQYTQGYNQTQAWTSFLYSHDATVKISRNGSSANSNVVIRPTSLNFPVRYDNQSVYITVPYSPTGYRFSVEFDDDLISLAPSGARQPENALLIFASPFENSSTKPQPGSPNSIAPAPGRVLGLNTTSASTVVFNPGVYYFTGHDHMVLSSSVTWVYFAPGAYVKGAVEFLSTASEVKASGHGVLSGEQYVWYADPDEGYQKASGANNNGLRMWRGTLGNSSQTFVLNGVTVSAPPFNSMDWSGNSLDLITCRVDDYKQVGAFYGQTDGLEMYPGTILQDVFYHTDDDGLKMYYSNVTARNIVMWKESVAPVVEFGWTPRNTENVLFDNVDVIHQAYANAGNNPGIFGAVNNYLYAPDGLSSNHSTGNSNMTVRNITWSNFRAEGSSSALFRINPIQNLDNISIKNVSIESFEPLSINTTESWMPVWYDLNNGKQITVTDFSIEGFTVGNTTITASNAASVGRIDGVDPAYAGSVHYID	1	O00105
17	MLRFAVTLFAVITSSTCKKYSCLEGETHKLKPSPEPNMQECTLYSESSCCYANFTEQLAHSPVIKINNSYWNRCGQLSKSCEDFTKKIECFYRCSPHAAHWIHPNYTAGIQSVPLCQSFCDDWYEACKDDSACVRNWLMDWEWDESGVNHCKNECIPYSEMYVNGTDMCQSMWGESFKVSESSCLCLQMNKKDMMAIKYLLSESSEESSSVSSSEERACQKKLLKFEKLKEEEGGETR	1	P86009
56	MTACTFLAGGLRDPGLCGPTRWAPSPPGLPPIPPRPRLRLRPPLLLLLLLPRSVLSAVFTVGVLGPWACDPIFARARPDLAARLAASRLNHAAALEGGPRFEVALLPEPCRTPGSLGAVSSALTRVSGLVGPVNPAACRPAELLAQEAGVALVPWGCPGTRAAGTTAPVVTPAADALYALLRAFRWAHVALVTAPQDLWVEAGHALSTALRARGLPVALVTSMEPSDLSGAREALRRVQDGPRVRAVIMVMHSVLLGGEEQRCLLEAAEELGLADGSLVFLPFDTLHYALSPGPDALAVLANSSQLRKAHDAVLTLTRHCPLGGSVRDSLRRAQEHRELPLDLNLQQVSPLFGTIYDSVFLLAGGVARARVAAGGGWVSGAAVARHIRDARVPGFCGALGGAEEPSFVLLDTDATGDQLFATYVLDPTQGFFHSAGTPVHFPKGGRGPGPDPSCWFDPDTICNGGVEPSVVFIGFLLVVGMGLAGAFLAHYCRHRLLHIQMVSGPNKIILTLDDITFLHPHGGNSRKVAQGSRTSLAARSISDVRSIHSQLPDYTNIGLYEGDWVWLKKFPGDRHIAIRPATKMAFSKIRELRHENVALYLGLFLAGGAGGPAAPGEGVLAVVSEHCARGSLQDLLAQRDIKLDWMFKSSLLLDLIKGIRYLHHRGVAHGRLKSRNCVVDGRFVLKVTDHGHGRLLEAQRVLPEPPSAEDQLWTAPELLRDPVLERRGTLAGDVFSLGIIMQEVVCRSAPYAMLELTPEEVVKRVQSPPPLCRPSVSIDQAPMECIQLMKQCWAEQPELRPSMDRTFELFKSINKGRKMNIIDSMLRMLEQYSSNLEDLIRERTEELELEKQKTDRLLTQMLPPSVAEALKMGTPVEPEYFEEVTLYFSDIVGFTTISAMSEPIEVVDLLNDLYTLFDAIIGSHDVYKVETIGDAYMVASGLPQRNGHRHAAEIANMALDILSAVGTFRMRHMPEVPVRIRIGLHSGPCVAGVVGLTMPRYCLFGDTVNTASAMESTGLPYRIHVNRSTVQILSALNEGFLTEVRGRTELKGKGAEETYWLVGRRGFNKPIPKPPDLQPGASNHGISLHEIPPDRRQKLEKARPGQFSGK	1	P55203
19	MKFAISTLLIILQAAAVFAAFPISDITVVSERTDASTAYLSDWFVVSFVFSTAGSDETIAGDATIEVSIPNELEFVQYPDSVDPSVSEFFTTAGVQVLSTAFDYDSHVLTFTFSDPGQVITDLEGVVFFTLKLSEQFTESASPGQHTFDFETSDQTYSPSVDLVALDRSQPIKLSNAVTGGVEWFVDIPGAFGDITNIDISTVQTPGTFDCSEVKYAVGSSLNEFGDFTPQDRTTFFSNSSSGEWIPITPASGLPVESFECGDGTISLSFAGELADDEVLRVSFLSNLADDVLEVQNVVNVDLTTADSRKRALTSFVLDEPFYRASRTDTAAFEAFAAVPADGDITSTSTAITSVTATVTHTTVTSVCYVCAETPVTVTYTAPVITNPIYYTTKVHVCNVCAETPITYTVTIPCETDEYAPAKPTGTEGEKIVTVITKEGGDKYTKTYEEVTYTKTYPKGGHEDHIVTVKTKEGGEKVTKTYEEVTYTKGPEIVTVVTKEGGEKVTTTYHDVPEVVTVITKEGGEKVTTTYPATYPATYTEGHSAGVPTSASTPPQATYTVSEAQVNLGSKSAVGLLAIVPMLFLAI	1	F2QXM5
23	MTTSATVIIMVLCVGSLVIFSEGSIGFELVTPLPGKPDECPVEDGRTLAIGQTEQVPGQCEERTCIKMDDQLYFELAGCGISEAGPGCEMFESKAETYPECCTPEIKCN	1	P0DQE1
17	MKLVFSALASLLSGASATIYYAGVAESSGEFGVWSATQTPGTGLPGRFGVDYAFISEAAVDVHVDQNHLNLFRVAFLLERMCPPATGLGAAFNETHFDYFKEAVDYITVTKGAYAILDPHNYMRYNDPSYQPFSGSVIGNTSDSTAATTEQFGEFWGELASRFNDNERVIFGLMNEPHDMATSLVLANNQAAIDAIRAANASNLIIMPGNSWTGGHSWTEGSDPSSALLNQFKDPLNNTAIDIHEYLDYDFSGGHLECVSDPETNLAALTAWLKENNLKAFITEFGGSNSTSCQEMLPDLINYMADNAEYIGWTAWAAGPFWGPNSPCCTNSTQLGSLEPGSTAVDGSPGLYDTVWLPVIQPLVPTELQWSGPASISGGELTSRA	1	P23044
22	MLLTSLLQVFACCLVLPAQVTAFYYYTSGAERKCFHKELSKGTLFQATYKAQIYDDQLQNYRDAGAQDFGVLIDIEETFDDNHLVVHQKGSASGDLTFLASDSGEHKICIQPEAGGWLIKAKTKIDVEFQVGSDEKLDSKGKATIDILHAKVNVLNSKIGEIRREQKLMRDREATFRDASEAVNSRAMWWIVIQLIVLAVTCGWQMKHLGKFFVKQKIL	1	Q05359
18	MSLFPSLHLLLLIVMTASHTETENCEDIQNTCLVISCDSPGINGLPGKDGLDGAKGEKGEPGQGLIGLQGLPGMVGPQGSPGIPGLPGLKGQKGDSGIDPGNSLANLRSELDNIKKWLIFAQGKQVGKKLYLTNGKKMSFNGVKALCAQFQASVATPTNSRENQAIQELAGTEAFLGITDEYTEGQFVDLTGKRVRYQNWNDGEPNNADSAEHCVEILKDGKWNDIFCSSQLSAVCEFPA	1	Q9XSW3
25	MRSLNTLLLSLFVAMSSGAPLLKIREEKNSSLPSIKIFGTGGTIASKGSTSATTAGYSVGLTVNDLIEAVPSLAEKANLDYLQVSNVGSNSLNYTHLIPLYHGISEALASDDYAGAVVTHGTDTMEETAFFLDLTINSEKPVCIAGAMRPATATSADGPMNLYQAVSIAASEKSLGRGTMITLNDRIASGFWTTKMNANSLDTFRADEQGYLGYFSNDDVEFYYPPVKPNGWQFFDISNLTDPSEIPEVIILYSYQGLNPELIVKAVKDLGAKGIVLAGSGAGSWTATGSIVNEQLYEEYGIPIVHSRRTADGTVPPDDAPEYAIGSGYLNPQKSRILLQLCLYSGYGMDQIRSVFSGVYGG	1	P0CX77
19	MWSPLILPLLAQIFACAFGDAVNEGCNVDPKGIHGLWYLDEPFGVYLSAIYNGSLAYIMMKERVPAIVTTVINSLEQDNDEIVQKYGVESQEELHRIVDSLKSLKTELSTNQPLTNLPLAHDEADRDAAVWNEHLDRQREIEGPNLSYFFTRFLLAESYTFRKMAHAFALAKNVRNFDFFGKQKEHLLTNSAKSLPILAHRALLEANRSKATKDEMREELAKFLKLSLWGNRFDLAASSGHEITQAGDPIELLSSFDEDLLIDHTRVAWDILNKPHGPNDPVIVDIVLDNAGYELFNDLCLATFLVSRGLATKVRFHAKQIPWYVSDVNIHDFHWVIGYMRSSSDPHLKEFGDLCARQLESGSWSVEADAFWTTFHGYGEMKKQAPVLYNTLSEATLLIFKGDLNYRKLLGDLNWEHTTSLDTALFHLDFKPTNVLSLRTIKARRVRRSYARDAASCGRRTRRRWATGRTGVIVASAKNAQCACAKSR	1	Q8MMH3
16	MIALFVLMGLMAAASASSCCSSEDRANVMHNWDAAWSAAYSDRRVALAQAVFASLFSRDAAAQGLFSGVSADNPDSADFRAHCVRVVNGLDVAINMLNDPAVLNEQLAHLSAQHQARAGVAAAHFDVMAEAFAEVMPQVSSCFSSDSWNRCFARIANGISAGL	1	Q7M418
29	MEAPGPRALRTALCGGCCCLLLCAQLAVAGKGARGFGRGALIRLNIWPAVQGACKQLEVCEHCVEGDGARNLSSCVWEQCRPEEPGHCVAQSEVVKEGCSIYNRSEACPAAHHHPTYEPKTVTTGSPPVPEAHSPGFDGASFIGGVVLVLSLQAVAFFVLHFLKAKDSTYQTLI	1	Q6UWJ8
36	MHCFLGREILSFFCLTVRKMWLKFILAILLLHAAAGKEPEPQYVLMVPAVLQSDSPSQVCLQFFNLNQTISVRVVLEYDTINTTIFEKNTTTSNGLQCLNFMIPPVTSVSLAFISFTAKGTTFDLKERRSVMIWNMESFVFVQTDKPIYKPGQSVMFRVVALDFNFKPVQEMYPLIAVQDPQNNRIFQWQNVTSEINIVQIEFPLTEEPILGNYKIIVTKKSGERTSHSFLVEEYVLPKFDVTVTAPGSLTVMDSELTVKICAVYTYGQPVEGKVQLSVCRDFDSYGRCKKSPVCQSFTKDLDTDGCLSHILSSKVFELNRIGYKRNLDVKAIVTEKEQVCNLTATQSISITQVMSSLQFENVDHHYRRGIPYFGQIKLVDKDNSPISNKVIQLFVNNKNTHNFTTDINGIAPFSIDTSKIFDPELSLKALYKTSDQCHSEGWIEPSYPDASLSVQRLYSWTSSFVRIEPLWKDMSCGQKRMITVYYILNTEGYEHINIVNFYYVGMAKGKIVLTGEIKVNIQADQNGTFMIPLVVNEKMAPALRLLVYMLHPAKELVADSVRFSIEKCFKNKVQLQFSEKQMLTTSNVSLVIEAAANSFCAVRAVDKSMLLLKSETELSAETIYNLHPIQDLQGYIFNGLNLEDDPQDPCVSSDDIFHKGLYYRPLTSGLGPDVYQFLRDMGMKFFTNSKIRQPTVCTRETVRPPSYFLNAGFTASTHHVKLSAEVAREERGKRHILETIREFFPETWIWDIILINSTGKASVSYTIPDTITEWKASAFCVEELAGFGMSVPATLTAFQPFFVDLTLPYSIIHGEDFLVRANVFNYLNHCIKINVLLLESLDYQAKLISPEDDGCVCAKIRKSYVWNIFPKGTGDVLFSITAETNDDEACEEEALRNIRIDYRDTQIRALLVEPEGIRREETQNFLICMKDDVISQDVAIDLPTNVVEGSPRPSFSVVGDIMGTAIQNVHQLLQMPFGNGEQNMVLFAPNIYVLDYLDKTRQLSEDVKSKTIGYLVSGYQKQLSYKHPDGSYSTFGIRDKEGNTWLTAFVYKSFAEASRFIYIDDNVQAQTLIWLATKQKTDGCFQSTGILVNNAMKGGVENELSLSAYITIALLEAGHSMSHTVIRNAFYCLETASEKNITDIYTQALVAYAFCLAGKAEICESFLRELQKSAKEVDGSKYWEQNQRSAPEKSHLLDHVQSTDVEITSYVLLALLYKPNRSQEDLTKASAIVQWIIRQQNSYGGFASMQDTVVALQALAAYGAATYNSVTQNVIKINSKNTFEKVFTVNNENRLLLQQTPLPQVPGKYSLTVNGTGCVLIQTALRYNIHLPEGAFGFSLSVQTSNASCPRDQPGKFDIVLISSYTGKRSSSNMVIIDVKMLSGFVPVKSSLDQLIDDHTVMQVEYKKNHVLLYLGNILQKRRKEVTFSVEQDFVVTHPKPAPVQIYDYYETEEYAVAEYMSLCRGVVEEMG	1	P20740
24	MAQLSLLVLSLFLTLISLPPPGASISSCNGPCRDLNDCDGQLICIEGKCNDDPEVGTHICRGTTPSPQPGGCKPSGTLTCRGKSHPTYDCSPPVTSSTPAKLTNNDFSEGGDGGGPSECDESYHSNNERIVALSTGWYNGGSRCGKMIRITASNGKSVSAKVVDKCDSRHGCDKEHAGQPPCRNNIVDGSNAVWSALGLDKNVGVVDITWSMA	1	P85261
24	MKVLRCLVCSFYIIVSLITTMTIGTPSMPAINTQTLYLAGHSSKLFERNVGCVKTRYLNQTGDWVTRSLIYVFTFDTEPWVTQAGAFQVKWEPYSPLLRVKASDYVRDNLGAKPDYFIRTYDNDFLLLSDLKEVRSTCSLWVTLKYVDRIPETINRTFYTICPDPVPVPFDERCYP	1	M1MR49
32	MEAAAVLPRYLQLRLLLVLLLLVLLRAGPVWPDSKVFSDLDQVRMTSEGSDCRCKCIMRPLSKDACSRVRSGRARVEDFYTVETVSSGADCRCSCTAPPSSLNPCENEWKMEKLKKQAPELLKLQSMVDLLEGALYSMDLMKVHAYIQKVASQMNTLEESIKANLSLENKVVKDSVHHLSEQLKSYENQSAIMMSIKKELSSLGLQLLQRDAAAVPATAPASSPDSKAQDTAGGQGRDLNKYGSIQKSFSDKGLAKPPKEKLLKVEKLRKESIKGRIPQPTARPRALAQQQAVIRGFTYYKAGRQEARQEARQEAPKAAADSTLKGTSWLEKLPPKIEAKLPEPNSAKHDDVRLQASEGGNLTPDITTTTTSTSSSTTTTTGTTSTTSTTSTTSTTTPSPITTPWPTEPPLHPEVPSQGREDSCEGTLRAVDPPVKHHSYGRHEGAWMKDPAALDDRIYVTNYYYGNSLVEFRNLENFKQGRWSNMYKLPYNWIGTGHVVYQGAFYYNRAFTKNIIKYDLRQRFVASWALLPDVVYEDTTPWKWRGHSDIDFAVDESGLWVIYPAVDEHDETQHEVIVLSRLDPADLSVHRETTWKTRLRRNSYGNCFLVCGILYTVDTYNQHEGQVAYAFDTHTGTDAHPQLPFLNEYSYTTQVDYNPKERVLYAWDNGHQLTYTLHFVV	1	Q8BHP7
23	MSAFRFWSGLLMLLGFLCPRSSPCGISTHIEIGHRALEFLHLQDGSINYKELLLRHQDAYQAGSVFPDSFYPSICERGQFHDVSESTHWTPFLNASVHYIRKNYPLPWDEDTEKLVAFLFGITSHMVADVNWHSLGIEQGFLRTMAAIDFHNSYPEAHPAGDFGGDVLSQFEFKFNYLSRHWYVPAEDLLGIYRELYGRIVITKKAIVDCSYLQFLEMYAEMLAISKLYPTYSVKSPFLVEQFQEYFLGGLEDMAFWSTNIYHLTSYMLKNGTSNCNLPENPLFITCGGQQNNTHGSKVQKNGFHKNVTAALTKNIGKHINYTKRGVFFSVDSWTMDSLSFMYKSLERSIREMFIGSSQPLTHVSSPAASYYLSFPYTRLGWAMTSADLNQDGYGDLVVGAPGYSHPGRIHVGRVYLIYGNDLGLPRIDLDLDKEAHGILEGFQPSGRFGSAVAVLDFNVDGVPDLAVGAPSVGSEKLTYTGAVYVYFGSKQGQLSSSPNVTISCQDTYCNLGWTLLAADVNGDSEPDLVIGSPFAPGGGKQKGIVAAFYSGSSYSSREKLNVEAANWMVKGEEDFAWLGYSLHGVNVNNRTLLLAGSPTWKDTSSQGHLFRTRDEKQSPGRVYGYFPPICQSWFTISGDKAMGKLGTSLSSGHVMVNGTRTQVLLVGAPTQDVVSKVSFLTMTLHQGGSTRMYELTPDSQPSLLSTFSGNRRFSRFGGVLHLSDLDNDGLDEIIVAAPLRITDATAGLMGEEDGRVYVFNGKQITVGDVTGKCKSWVTPCPEEKAQYVLISPEAGSRFGSSVITVRSKEKNQVIIAAGRSSLGARLSGVLHIYRLGQD	1	P80109
23	MASAKIFLIFLLAALIATPAAFAILVPTLVSTHISGLVFCSVNGNLDVINGLSPQVFPNASVQLRCGATNVISSTITNGSGAFSLAVNTFPLLNCNLVVATPLSTCNATLQSVGRLASSLRLVNITLGSGTGLIRVGLAPTGFILNLNIN	1	Q56S59
18	MDLTLLWVLLPLVTVAWGQYGDYGYSYHQYHDYSDDGWVNLNRQGFSYQCPHGQVVVAVRSIFNKKEGSDRQWNYACMPTPQSLGEPTECWWEEINRAGMEWYQTCSNNGLVAGFQSRYFESVLDREWQFYCCRYSKRCPYSCWLTTEYPGHYGEEMDMISYNYDYYMRGATTTFSAVERDRQWKFIMCRMTDYDCEFANV	1	P19427
31	MERPRGAADGLLRWPLGLLLLLQLLPPAAVGQDRLDAPPPPAPPLLRWAGPVGVSWGLRAAAPGGPVPRAGRWRRGAPAEDQDCGRLPDFIAKLTNNTHQHVFDDLSGSVSLSWVGDSTGVILVLTTFQVPLVIVSFGQSKLYRSEDYGKNFKDITNLINNTFIRTEFGMAIGPENSGKVILTAEVSGGSRGGRVFRSSDFAKNFVQTDLPFHPLTQMMYSPQNSDYLLALSTENGLWVSKNFGEKWEEIHKAVCLAKWGPNNIIFFTTHVNGSCKADLGALELWRTSDLGKTFKTIGVKIYSFGLGGRFLFASVMADKDTTRRIHVSTDQGDTWSMAQLPSVGQEQFYSILAANDDMVFMHVDEPGDTGFGTIFTSDDRGIVYSKSLDRHLYTTTGGETDFTNVTSLRGVYITSTLSEDNSIQSMITFDQGGRWEHLQKPENSKCDATAKNKNECSLHIHASYSISQKLNVPMAPLSEPNAVGIVIAHGSVGDAISVMVPDVYISDDGGYSWAKMLEGPHYYTILDSGGIIVAIEHSNRPINVIKFSTDEGQCWQSYVFSQEPVYFTGLASEPGARSMNISIWGFTESFLTRQWVSYTIDFKDILERNCEENDYTTWLAHSTDPGDYKDGCILGYKEQFLRLRKSSVCQNGRDYVVAKQPSICPCSLEDFLCDFGYFRPENASECVEQPELKGHELEFCLYGKEEHLTTNGYRKIPGDRCQGGMNPAREVKDLKKKCTSNFLNPKKQNSKSSSVPIILAIVGLMLVTVVAGVLIVKKYVCGGRFLVHRYSVLQQHAEADGVEALDTASHAKSGYHDDSDEDLLE	1	O54861
21	MKQLKLTGFVIFFFFLTESLTLPTQPQDVDDVRITQKFIDDNIGYITIIAFAQYIQEASFEEVEMLVKAMTEYRDKCLADRTLPECSKLANEVLLENICAMEGLPQKYNFSHCCHKVDFERRLCFFHNKKADIGLLPPLPTLDPEEKCQTYKNNRESFLNNYVYEVSRRNPFVFAPTLLTVAARFEEMTKTCCEEQEKANCFQTKAEPFIYYLKALSSYQKNACRALMKFGRQILQSINIAILSQKFPKIGFKQLTSLLEDVSSKYDGCCEGDVVQCIRGRSKVMSHICSKQDSISSKIKDCCEKKIPERGECIIYSNKDDRPNDLSLREAKFIESDNVCEKRDADQANFMAEFLYEYSRRHPELSTPELLRIAKVYKDLLKECCNMENPPECYRHAENRFNETTEKSLKIVQRECEHFQNLGKDDLKYHYLINLTKLAPQLSTEELTFLGKEMVMALTTCCTLSEEFACVDNLVDLVLGELCGINENRNINPAVDHCCKTNFAFRRSCFESLEADKTYVPPSTSQGLFTFHADLCQAHNEELQRKKDRFLVNLVKLKPELAGEELWSLLADFTNVVEKCCKAQEPEACFKEESPKLAAKSQAA	1	G3MYZ3
19	MRTLAILAAILLVALQAQAEPLQARADEVAAAPEQIAADIPEVVVSLAWDESLAPKHPGSRKNMACYCRIPACIAGERRYGTCIYQGRLWAFCC	1	P59665
24	MGPASGSQLLVLLLLLASSPLALGIPMYSIITPNVLRLESEETIVLEAHDAQGDIPVTVTVQDFLKRQVLTSEKTVLTGASGHLRSVSIKIPASKEFNSDKEGHKYVTVVANFGETVVEKAVMVSFQSGYLFIQTDKTIYTPGSTVLYRIFTVDNNLLPVGKTVVILIETPDGIPVKRDILSSNNQHGILPLSWNIPELVNMGQWKIRAFYEHAPKQIFSAEFEVKEYVLPSFEVRVEPTETFYYIDDPNGLEVSIIAKFLYGKNVDGTAFVIFGVQDGDKKISLAHSLTRVVIEDGVGDAVLTRKVLMEGVRPSNADALVGKSLYVSVTVILHSGSDMVEAERSGIPIVTSPYQIHFTKTPKFFKPAMPFDLMVFVTNPDGSPASKVLVVTQGSNAKALTQDDGVAKLSINTPNSRQPLTITVRTKKDTLPESRQATKTMEAHPYSTMHNSNNYLHLSVSRMELKPGDNLNVNFHLRTDPGHEAKIRYYTYLVMNKGKLLKAGRQVREPGQDLVVLSLPITPEFIPSFRLVAYYTLIGASGQREVVADSVWVDVKDSCIGTLVVKGDPRDNHLAPGQQTTLRIEGNQGARVGLVAVDKGVFVLNKKNKLTQSKIWDVVEKADIGCTPGSGKNYAGVFMDAGLAFKTSQGLQTEQRADLECTKPAARRRRSVQLMERRMDKAGQYTDKGLRKCCEDGMRDIPMRYSCQRRARLITQGENCIKAFIDCCNHITKLREQHRRDHVLGLARSELEEDIIPEEDIISRSHFPQSWLWTIEELKEPEKNGISTKVMNIFLKDSITTWEILAVSLSDKKGICVADPYEIRVMQDFFIDLRLPYSVVRNEQVEIRAVLFNYREQEELKVRVELLHNPAFCSMATAKNRYFQTIKIPPKSSVAVPYVIVPLKIGQQEVEVKAAVFNHFISDGVKKTLKVVPEGMRINKTVAIHTLDPEKLGQGGVQKVDVPAADLSDQVPDTDSETRIILQGSPVVQMAEDAVDGERLKHLIVTPAGCGEQNMIGMTPTVIAVHYLDQTEQWEKFGIEKRQEALELIKKGYTQQLAFKQPSSAYAAFNNRPPSTWLTAYVVKVFSLAANLIAIDSHVLCGAVKWLILEKQKPDGVFQEDGPVIHQEMIGGFRNAKEADVSLTAFVLIALQEARDICEGQVNSLPGSINKAGEYIEASYMNLQRPYTVAIAGYALALMNKLEEPYLGKFLNTAKDRNRWEEPDQQLYNVEATSYALLALLLLKDFDSVPPVVRWLNEQRYYGGGYGSTQATFMVFQALAQYQTDVPDHKDLNMDVSFHLPSRSSATTFRLLWENGNLLRSEETKQNEAFSLTAKGKGRGTLSVVAVYHAKLKSKVTCKKFDLRVSIRPAPETAKKPEEAKNTMFLEICTKYLGDVDATMSILDISMMTGFAPDTKDLELLASGVDRYISKYEMNKAFSNKNTLIIYLEKISHTEEDCLTFKVHQYFNVGLIQPGSVKVYSYYNLEESCTRFYHPEKDDGMLSKLCHSEMCRCAEENCFMQQSQEKINLNVRLDKACEPGVDYVYKTELTNIELLDDFDEYTMTIQQVIKSGSDEVQAGQQRKFISHIKCRNALKLQKGKKYLMWGLSSDLWGEKPNTSYIIGKDTWVEHWPEAEECQDQKYQKQCEELGAFTESMVVYGCPN	1	P01027
23	MKRNILALVVVVALISQSRPAESAGGTIIATLSKIPLSTLASALNTALETGASVASAAAAATSSDYSVTCVIEVENWTKHLMKYPVVQIANSGGLLTVAKNVLPAEIQSFAMRKAWGANGVYGTVSWVLGQTNRRVVIMWSAPYNFDFYSNWLAVGMSRPGLAVPSSRSTWFDLMYYGNSNADISFVRGEYYHSVDPIYFKNSEWEIEGSMNNIHKARVRATVKPIKTMDLASSILTKLEALAGANGKRAIQQELARRAEEEKQRKRKALDEMLK	1	Q76CA2
18	MWLLVSVILISRISSVGGEAMFCDFPKINHGILYDEEKYKPFSQVPTGEVFYYSCEYNFVSPSKSFWTRITCAEEGWSPTPKCLRLCFFPFVENGHSESSGQTHLEGDTVQIICNTGYRLQNNENNISCVERGWSTPPKCRSTISAEKCGPPPPIDNGDITSFLLSVYAPGSSVEYQCQNLYQLEGNNQITCRNGQWSEPPKCLDPCVISQEIMEKYNIKLKWTNQQKLYSRTGDIVEFVCKSGYHPTKSHSFRAMCQNGKLVYPSCEEK	1	P36980
27	MFSGFNVFRVGISFVIMCIFYMPTVNSLPELSPQKYFSTLQPGKASLAYFCQADSPRTSVFLEELNEAVRPLQDYGISVAKVNCVKEEISRYCGKEKDLMKAYLFKGNILLREFPTDTLFDVNAIVAHVLFALLFSEVKYITNLEDLQNIENALKGKANIIFSYVRAIGIPEHRAVMEAAFVYGTTYQFVLTTEIALLESIGSEDVEYAHLYFFHCKLVLDLTQQCRRTLMEQPLTTLNIHLFIKTMKAPLLTEVAEDPQQVSTVHLQLGLPLVFIVSQQATYEADRRTAEWVAWRLLGKAGVLLLLRDSLEVNIPQDANVVFKRAEEGVPVEFLVLHDVDLIISHVENNMHIEEIQEDEDNDMEGPDIDVQDDEVAETVFRDRKRKLPLELTVELTEETFNATVMASDSIVLFYAGWQAVSMAFLQSYIDVAVKLKGTSTMLLTRINCADWSDVCTKQNVTEFPIIKMYKKGENPVSYAGMLGTEDLLKFIQLNRISYPVNITSIQEAEEYLSGELYKDLILYSSVSVLGLFSPTMKTAKEDFSEAGNYLKGYVITGIYSEEDVLLLSTKYAASLPALLLARHTEGKIESIPLASTHAQDIVQIITDALLEMFPEITVENLPSYFRLQKPLLILFSDGTVNPQYKKAILTLVKQKYLDSFTPCWLNLKNTPVGRGILRAYFDPLPPLPLLVLVNLHSGGQVFAFPSDQAIIEENLVLWLKKLEAGLENHITILPAQEWKPPLPAYDFLSMIDAATSQRGTRKVPKCMKETDVQENDKEQHEDKSAVRKEPIETLRIKHWNRSNWFKEAEKSFRRDKELGCSKVN	1	Q9P2K2
25	MVSRKAVAALLVVHVAAMLASQTEAFVPIFTYGELQRMQEKERNKGQKKSLSVWQRSGEEGPVDPAEPIREEENEMIKLTAPLEIGMRMNSRQLEKYPATLEGLLSEMLPQHAAK	1	P12872
27	MHGSCSFLMLLLPLLLLLVATTGPVGALTDEEKRLMVELHNLYRAQVSPTASDMLHMRWDEELAAFAKAYARQCVWGHNKERGRRGENLFAITDEGMDVPLAMEEWHHEREHYNLSAATCSPGQMCGHYTQVVWAKTERIGCGSHFCEKLQGVEETNIELLVCNYEPPGNVKGKRPYQEGTPCSQCPSGYHCKNSLCEPIGSPEDAQDLPYLVTEAPSFRATEASDSRKMGTPSSLATGIPAFLVTEVSGSLATKALPAVETQAPTSLATKDPPSMATEAPPCVTTEVPSILAAHSLPSLDEEPVTFPKSTHVPIPKSADKVTDKTKVPSRSPENSLDPKMSLTGARELLPHAQEEAEAEAELPPSSEVLASVFPAQDKPGELQATLDHTGHTSSKSLPNFPNTSATANATGGRALALQSSLPGAEGPDKPSVVSGLNSGPGHVWGPLLGLLLLPPLVLAGIF	1	Q6UXB8
21	MRLSVCLLMVSLALCCYQAHALVCPAVASEITVFLFLSDAAVNLQVAKLNPPPEALAAKLEVKHCTDQISFKKRLSLKKSWWK	1	Q6XE38
25	MGALARALPSILLALLLTSTPEALGANPGLVARITDKGLQYAAQEGLLALQSELLRITLPDFTGDLRIPHVGRGRYEFHSLNIHSCELLHSALRPVPGQGLSLSISDSSIRVQGRWKVRKSFFKLQGSFDVSVKGISISVNLLLGSESSGRPTVTASSCSSDIADVEVDMSGDLGWLLNLFHNQIESKFQKVLESRICEMIQKSVSSDLQPYLQTLPVTTEIDSFADIDYSLVEAPRATAQMLEVMFKGEIFHRNHRSPVTLLAAVMSLPEEHNKMVYFAISDYVFNTASLVYHEEGYLNFSITDDMIPPDSNIRLTTKSFRPFVPRLARLYPNMNLELQGSVPSAPLLNFSPGNLSVDPYMEIDAFVLLPSSSKEPVFRLSVATNVSATLTFNTSKITGFLKPGKVKVELKESKVGLFNAELLEALLNYYILNTFYPKFNDKLAEGFPLPLLKRVQLYDLGLQIHKDFLFLGANVQYMRV	1	P18428
20	MKFLLGTLVVLATFVTLCNSQCYFIPNQSLKPNECQDLKGVSHPLNSVWKTKDCEECTCGQNAISCCNTAAIPTGYDTNKCQKILNKKTCTYTVVEKKDPGKTCDVTGWVL	1	O02826
22	MKGISKILSASIALMKLENVYSATALCSNAYGLTPGQQGMAQQPSYVLIPSTPGTIANCASGSQDTYSPSPAAPTSPVTPGKTSENETSPSAPAEDVGTCKIAVLKHCDAPGTTSGTTPGSGPCETPEQQQPLSVISTTPAVPVTVESAQSPSVVPVVPVVAHHQAVPGYYNNGTSGIPGQQQILSGTLPPGATLCQGQAMPSTPGQQQILSGTLPPGVTLCQGQATPSTPGQQQVLSGTLPPGVTLCQGQATPSTPGQQQVLSGTLLPGATLCQDQGMPGTSGVPGQQGQSSGQCCAPQIPNPVMPPSMNISGNGYPSSTAYSPNLGSLGSCVDIQKTGGTSCEQKPEKSATQYAMEACATPTPTVIIGNSEYLVGPGMYNAINSPCNTAVQCC	1	O76942
30	MAAATVGVLLRLLLLPVVVVVSLLVGASRAANVTYDHRAVVIDGVRRVLVSGSIHYPRSTPDMWPGLIQKSKDGGLDVIETYVFWDIHEAVRGQYDFEGRKDLVRFVKAVADAGLYVHLRIGPYVCAEWNYGGFPVWLHFVPGIKFRTDNEAFKAEMQRFTEKVVDTMKGAGLYASQGGPIILSQIENEYGNIDSAYGAAGKAYMRWAAGMAVSLDTGVPWVMCQQSDAPDPLINTCNGFYCDQFTPNSKSKPKMWTENWSGWFLSFGGAVPYRPAEDLAFAVARFYQRGGTFQNYYMYHGGTNFGRSTGGPFIATSYDYDAPIDEYGMVRQPKWGHLRDVHKAIKLCEPALIAAEPSYSSLGQNTEATVYQTADNSICAAFLANVDAQSDKTVKFNGNTYKLPAWSVSILPDCKNVVLNTAQINSQVTTSEMRSLGSSIQDTDDSLITPELATAGWSYAIEPVGITKENALTKPGLMEQINTTADASDFLWYSTSIVVKGDEPYLNGSQSNLLVNSLGHVLQIYINGKLAGSAKGSASSSLISLQTPVTLVPGKNKIDLLSTTVGLSNYGAFFDLVGAGVTGPVKLSGPNGALNLSSTDWTYQIGLRGEDLHLYNPSEASPEWVSDNAYPTNQPLIWYKTKFTAPAGDDPVAIDFTGMGKGEAWVNGQSIGRYWPTNLAPQSGCVNSCNYRGAYSSNKCLKKCGQPSQTLYHVPRSFLQPGSNDLVLFEQFGGDPSMISFTTRQTSSICAHVSEMHPAQIDSWISPQQTSQTQGPALRLECPREGQVISNIKFASFGTPSGTCGNYNHGECSSSQALAVVQEACVGMTNCSVPVSSNNFGDPCSGVTKSLVVEAACS	1	Q10NX8
22	MKAVGAWLLCLLLLGLALQGAASRAHQHSMEIRTPDINPAWYAGRGIRPVGRFGRRRAAPGDGPRPGPRRVPACFRLEGGAEPSRALPGRLTAQLVQE	1	P81264
18	MHSSALLCCLVLLTGVRASPGQGTQSENSCTHFPGNLPNMLRDLRDAFSRVKTFFQMKDQLDNLLLKESLLEDFKGYLGCQALSEMIQFYLEEVMPQAENQDPDIKAHVNSLGENLKTLRLRLRRCHRFLPCENKSKAVEQVKNAFNKLQEKGIYKAMSEFDIFINYIEAYMTMKIRN	1	P22301
24	MKTTVILLLAIAIIFAIMTTLTSAKNEETMEEALKGLNELKERLKKQGIDTAALNLDEKLLT	1	P0DSJ6
21	MGTPPHIWFLLILAISSGGLSAAVGGCNHQCTPQSSVFQYQKGQTYTYSFEGTTLTSLPGTQGEPVRLKLKATADLSVADDCNKVLRLRGVTVSGPDSKNYANLKDLEAHPVLANFKGSSINKQLCSEDGDNQSSLNIKRAILSLLQTPNTKSSTASEVDVFGICPTNVRHSQRGDVTVISKTRNLNRYASRENLIQETLSTRFTGQSDLHATPFLDADLHVEQQIKGGLIVSATSRESYLFRPFSNQGNGAKTIVETKLTLTSQNAQPAPPLASFTVPKSIVFEAPHALASVPGGSSAITAALHAAESSTKDGVTVDAAEKFRTLVSVLRQSSTTDILKVYNDVKAGAGFSNKHSARNLLLDALFRTSTGDAVEVIARLLKTKEITANHWYLSLAFIQHASLKSVVSISSLLDQKNLPTEAFLGIGSFIGRYCREHNCENVAEFDEVLNKFSKHLSGSTTSKAGENRAIAALKALGNIRHLNNALGEKVKQLALDKSLPPRVRVAALEVIQSDPCRKNIKQAALQILRDQVEDSELRIKAYLAVVECPCDNVVKTISNLLENEPIIQVGSFVVSHLKNLQASTDPSKAEAKEKLGQLKPKKIFSSDIRKYSQNYELSYAIDAINAGASVESNVIFSQSSYLPRSVSLNLTADVFGHSYNVFEIAARTENLDHIIESFLGPKGYIETEDDDKFVDEVEEKTKSLYNRITERFEKTFRQKRSVSKDAVDNIRQQAYKSLLPSQRDRSLDVDLSLKTFGSELAWFNYDGKHEQKSSERVVDEIFDAIDEGLKKSKKFNYDFEPHFTFLDSELSYPTNLGFPLKLAIDGSIAARLKLNGEVDVRSILRQPENAAFRLEFVPSAAVELTGKLLVDAYVVEGGLKLDYNVHSSTGINVAVHNLNDLGIDIKVGLPVKKQDIIDVKTDVLTTVKERGHPETSTPLHFNLKGNDYKQYRGCFDQLSPVSGLTFCGNVSVPWVSPTQAAAFYPLNGPSHLSVSIEADDVSEYHFRAEIKKDESAFKSAAVLFDTPGSSADRKVLLLVEKKEKPHQGITAHLKSGWKEIVAEGLLIDDNNEKSVSAKLVIESDEYSIKGGVKISGNPSRQVYKPILEYKAPAKDSGAKVKKSHKTSEGITVDGAVVVERTSDKGKYTFQDLSLKTPKGTFVINGQLDIVPRNYAFDLKLSVDKNELLLNGHLNYAEPKSIDVALEVTSPQFPDYGSGFQLINKRGDDYSDTKIILACGRDLKSDGSRLILEHFIKGKYETPDTFNLETKGEVLGTGHKIFGKFDIDSKPKHLEYDLKLGFDENEVTSDLVAKRDIKSPDDYELKFSAKILDNSIRIESSREVKPKDDSAFLNTLVVLSGKKYEFQVDVKLAAEDEYHTSLKAESNLKIEGKTSVRLITDFTTDAQTVNGHVKVSNEGEDFFELIYKLNRGSGNPSGNAKLFVKNYLDGAATFKYNNGVGSGTLQIDVLKLHRKIKATGDLTLSGSQRSAAIDLYWDADRDQSKQLLFKTENDVKEKSIDSKNTLKILDKLTTLNFKGSLSGAIDDGEVEGQGELILPVGTYLGVKFGRALHLTQADTKVGLHLQAEGRESASSTQPVWKSDFLLESALTRDSFVGEAKLLFETKGKDDLKLFLSGKSLPQGEKKLISGQFSGQGSLIGGRTSVIKLNSEIDETFIAYNLNSECNQGYRANIVGKINRGYSPVAVKQIENTLELLLPFDKLKQLKHTIIGTFSSQPESTPEFTVSNVIIWNNENTLKLTGEAAGDEKEGRTKWDLILPKEEPRTLETTWSNAGDNKKAGSLSFKWGGNKEAKVSTDIEFTSDNQPQILHLKATSPTEKFGIFDLALSLKKNADPADKIDFELTVTADQKKTDVKGSLGLAPGVPIIDVVAVQPSGTSKVFVDFLRKSDSELHGAIELQWVAFGGGHLTANGDIKLDIDDFYLKLDVDSPKFNFNKWHLEAGQRAAKGSKRIVFTAKSAEKVLFSGSTNFHSKAENNKISYSGNGQVRIGDKAHAFNFRSSRQNLIQDANKEIGVEYNLDFKIAGHGSLHNILKVTNKELHALGKQCSEGKPNCAVVEIKSKVSAADAKETTHDLVFLVDLKSVGVDTGVAFTAETVRRGFWLIDEQASLTLSHNGETTYKYKGYLKESGSGFTLTLPSRVIAAEVKLSSDVKPNHSKQQISASVWLDKTRLPNSFSSVSILLEEIEDKNTDKYVSQLRFTHPNLEKDLTVKGYVQIGLENKLFDSNLEIDIFKQKNQKISISSTVVEQKQNDVVKYLSTLDVKSKGHELDVTGRGEATVKPSLIALQSVLKYKKDKRIKEFKNFQFEVSTEKLLVHVKVPNHHLLHIDANTKINDKHASGDASVHIIGLPTSVIHIEGENKGFPVVKGTISSEGTPNKLELIADLSDGLLVEADFISESGKKELFYTFLSGKKDSRKPEFRWSVENIQSALEPHKNDIQEVLNKLKEISDEAGNEITKESSRLADSLKAGLPNFRRFVNTYETQLKALKEEIANDKVLKEISENWKEVIGDAAEVVSTLVNGILVTIDALLKTLNELAESVLDALKKSLPALKDSYKQAVDAIVGIAKSLTQSLVNILSSAAEILKKHEADIKEYLSVLADLANDVGKFVTKITGVIYEGVVEFSKPIKEKLDGLKFGVAIEFGKVVEQLQNLIVPQELLAFAQEIVSELKETTLTPEIQDLLQAIEKYLEKVSKKKDADVEKELKLIFEKAIDAVESVINFVVSEITGGDHTKDLYDINIPTVLPSFIQLPRVFSVRFSPLIYLVSNGVPCLSDLLASYRPSLRFDNIIPPYDATAILLNSHHFFTFDRRHLTFKGICSYILAQDVQDGNFTIIANIEGGSLKSIIVSDQATTFELASDKSLLVNGRPTEYPADEGEFHAWREYNRVGIQTKAGVKVTCETSIELCTFEINGFYFGKTRGLLGTINNEPWDDFTKPDGQVASKANEFGNAWKVDAQCANVDGVDHHEHSIKVEECEEVFSKASLLSPCSLFLDPAPYLEACSHIAHEATTKEEKQLAACRTAAAYVQACSVENVFVSVPPHCVHCSVNGDAAIDIGQSFSVKVPQKSADILIVLEQVTGNAETVKDFVSPIVSQLTQELSSRGISDVWISLLGYGAPGQEYPHLYTSSGGKLSYDGKQKNIQFGERKVLGPFPFDNFTESIDWLDEFTDQAFHLITTADTILDYPFRPGAAKSIIYVLDTSCETTLFLKHLPVKALKLKDAIGSPGIVLHLVTNVDSVQSKNIVGFDTNHAYYNQEGKKRVVSEVTGNEKAALKISETACGQIALATSGTVFNKNNLKQTKKFVAQHIADSLTNVELTQDCKCLPVEGIHTRAVCAVTGAREKEHLSVKGVKGTKGVKG	1	Q9U943
28	MTMRHCWTAGPSSWWVLLLYVHVILARATSAPQTTATVLTGSSKDPCSSWSPAVPTKQYPALDVIWPEKEVPLNGTLTLSCTACSRFPYFSILYWLGNGSFIEHLPGRLKEGHTSREHRNTSTWLHRALVLEELSPTLRSTNFSCLFVDPGQVAQYHIILAQLWDGLKTAPSPSQETLSSHSPVSRSAGPGVA	1	Q9Z0M9
24	MKGPPTFCSLLLLSLLLSPDPTAAFLLPPSTACCTQLYRKPLSDKLLRKVIQVELQEADGDCHLQAFVLHLAQRSICIHPQNPSLSQWFEHQERKLHGTLPKLNFGMLRKMG	1	Q9Y4X3
28	MRTADREARPGLPSLLLLLLAGAGLSAASPPAAPRFNVSLDSVPELRWLPVLRHYDLDLVRAAMAQVIGDRVPKWVHVLIGKVVLELERFLPQPFTGEIRGMCDFMNLSLADCLLVNLAYESSVFCTSIVAQDSRGHIYHGRNLDYPFGNVLRKLTVDVQFLKNGQIAFTGTTFIGYVGLWTGQSPHKFTVSGDERDKGWWWENAIAALFRRHIPVSWLIRATLSESENFEAAVGKLAKTPLIADVYYIVGGTSPREGVVITRNRDGPADIWPLDPLNGAWFRVETNYDHWKPAPKEDDRRTSAIKALNATGQANLSLEALFQILSVVPVYNNFTIYTTVMSAGSPDKYMTRIRNPSRK	1	Q02083
18	MSMLFYTLITAFLIGVQAEPYTDSNVPEGDSVPEAHWTKLQHSLDTALRRARSAPTAPIAARVTGQTRNITVDPRLFKKRRLHSPRVLFSTQPPPTSSDTLDLDFQAHGTIPFNRTHRSKRSSTHPVFHMGEFSVCDSVSVWVGDKTTATDIKGKEVTVLAEVNINNSVFRQYFFETKCRASNPVESGCRGIDSKHWNSYCTTTHTFVKALTTDEKQAAWRFIRIDTACVCVLSRKATRRG	1	P01139
22	MAASALAWLLLWAAGLVGRLAADISDARFSDGVRATCSEIILRQEFLKDGFHRDLLIKVKFGESIEDLQTCRLLIKHYIPTGLFVDPYELASLRERNITEAVMVSESFNLEAPNYLSTESAVLIYARQDAQCIDCFQAFLPVHYRYHRPHKKDGDTLIVVNNPDLLMHCDQEFPILKCWAQSEVAAPCSLKSEEICQWKNMQYKSILKNLTVQVPVGLTIHTSLVCSVTLLITVLCSTLILLAVFKYGHFSL	1	Q60GF7
20	MKSFFLVVNILALTLPFLGAEVQNQEQPTCHKNDERFFDLKTVKYIPIYYVLNSSPRYEPIYYQHRLALLINNQHMPYQYYARPAAVRPHVQIPQWQVLPNIYPSTVVRHPCPHPSFIAIPPKKLQEITVIPKINTIATVEPTPIPTPEPTVNNAVIPDASSEFIIASTPETTTVPVTSPVVQKL	1	P82187
18	MLGVLVLGALALAGLGFPAPAEPQPGGSQCVEHDCFALYPGPATFLNASQICDGLRGHLMTVRSSVAADVISLLLNGDGGVGRRRLWIGLQLPPGCGDPKRLGPLRGFQWVTGDNNTSYSRWARLDLNGAPLCGPLCVAVSAAEATVPSEPIWEEQQCEVKADGFLCEFHFPATCRPLAVEPGAAAAAVSITYGTPFAARGADFQALPVGSSAAVAPLGLQLMCTAPPGAVQGHWAREAPGAWDCSVENGGCEHACNAIPGAPRCQCPAGAALQADGRSCTASATQSCNDLCEHFCVPNPDQPGSYSCMCETGYRLAADQHRCEDVDDCILEPSPCPQRCVNTQGGFECHCYPNYDLVDGECVEPVDPCFRANCEYQCQPLNQTSYLCVCAEGFAPIPHEPHRCQMFCNQTACPADCDPNTQASCECPEGYILDDGFICTDIDECENGGFCSGVCHNLPGTFECICGPDSALARHIGTDCDSGKVDGGDSGSGEPPPSPTPGSTLTPPAVGLVHSGLLIGISIASLCLVVALLALLCHLRKKQGAARAKMEYKCAAPSKEVVLQHVRTERTPQRL	1	P07204
20	MLKFILALALFLHLTMEASAACKGKKCPPTGFVGMRG	1	P0DUT5
22	MASRWAVQLLLVAAWSMGCGEALKCYTCKEPMTSASCRTITRCKPEDTACMTTLVTVEAEYPFNQSPVVTRSCSSSCVATDPDSIGAAHLIFCCFRDLCNSEL	1	P55000
46	MATDGITSRFGFNERRRTHNRNSCRILEDKMLAKLLLLALAGLTAAYQYENSFKGYNPGYKGYDAGYKGYGYDAGYKYNNQGYSYKNGFEYGYQNAYQAAFYKHRPNVTEFEFSSWMPNYEYVYNVTSKTMTALAELDDQWTGVFTRAYLVIRPKSRDYVVAYVKQPEYAVFNERLPYGYATKFYHDMFKFQPMPMSSKPFGIRYHKGAIKGLYVEKTIPNNEVNILKAWISQLQVDTRGANLMHSSKPIHPSKNEWNGHYKVMEPLVTGECETHYDVNLIPAYMIQAHKQWVPQGQLRGEDGQFIQVTKTQNFDRCDQRMGYHFGFTGYSDFRPNTNQMGNVASKSLVSYMYLTGNWYNFTIQSSSMINKVAIAPSLVNKEPALVYAQVNMTLNDVHPYDKVPMGPAEDLKVFVDLVYSYNMPSDKKNYVRPGNETSSSSSSSSSSSSSSSESSSSSSESVENPKISPVEQYKPLLDKVEKRGNRYRRDLNAIKEKKYYEAYKMDQYRLHRLNDTSSDSSSSDSSSSSSSESKEHRNGTSSYSSSSSSSSSSSSSESSSYSSSSSSSSESYSISSEEYYYQPTPANFSYAPEAPFLPFFTGYKGYNIFYARNVDAIRSVGKLVEEIASDLENPSDLPKSNTMSKFNILTRAIRAMGYEDIYELAQKYFVSQKERQVAQFSDKKFSKRVDAWVTLRDAVAEAGTPSAFKLIFDFIKEKKLRGYEAATVIASLAQSIRYPTEHLLHEFFLLVTSDVVLHQEYLNATALFAYSNFVNQAHVSNRSAYNYYPVFSFGRLADADYKIIEHKIVPWFAHQLREAVNEGDSVKIQVYIRSLGNLGHPQILSVFEPYLEGTIQITDFQRLAIMVALDNLVIYYPSLARSVLYRAYQNTADVHEVRCAAVHLLMRTDPPADMLQRMAEFTHHDPSLYVRAAVKSAIETAALADDYDEDSKLAINAKAAINFLNPEDVSIQYSFNHIRDYALENLELSYRLHYGEIASNDHRYPSGLFYHLRQNFGGFKKYTSFYYLVSSMEAFFDIFKKQYNTKYFADYYKSADYSTNYYNFDKYSKYYKQYYYSKDSEYYQKFYGQKKDYYNDKEPFKFTAPRIAKLLNIDAEEAEQLEGQLLFKLFNGYFFTAFDNQTIENLPHKMRHLFENLEDGYAFDVTKFYQQQDVVLAWPLATGFPFIYTLKAPTVFKFEVDASAKTHPQVYKMPAGHPETENDDFFYMPQSINGSVDVNLLYHRMVDAKVGFVTPFDHQRYIAGYQKKLHGYLPFNVELGLDFVKDEYEFEFKFLEPKDDHLLFHMSSWPYTGYKDITDMRPIAENPNAKIVHDDNQSTKTMEHTFGQDMTGVALRFHAKYDFDLINFQQFWSLVQKNDFVSAVNYPFAYQPYEYHQFNLFYDSQRTHAKSFKFYAYQKFGAPSFEETGPKHPANRHSYSGNYYESNYAQPFVYSPGSQRRYEQFFRNAASGIRNSFVRYYDFGFEFYAPQYKSEFTFTTAFADSPVDKTSRQLYYFYASPMFPSQSYFKDIPFSGKQFQFCATATSEFPRVPYLKFSDFDKYYGDASQYFDFLYGESCQGGAHIAVKGKQKQTGKYREYLRFSDVAKACKEQMANGYYQFEECQQAIDQAYYYDFYDYAIEYKDVGSVAKNLTNKFYNYFQYAFYPYFESNFFYHGKSNYIKAEFEFAPYGDYYNASFFGPSYAFQVQNYPVFNDYSTYFPYFFKYTFFPRYQPYYMHRLPAHKPRNRPYYELSNYEQFAVFDRKPQYPSCSFSNDYFYTFDNKKYFYDMGECWHAVMYTVKPDYDFYAQQSHFYNSDFEYKYKNGFEEYEQFAALARRGSDNQLYFKFLFGDNYIEVFPNNGGIPFVKYNGRPYDISKSNIAHFEYKEGYPSFPFFYAFAYPNKDLEVSFFGGKLKFATDGYRARFFSDYSFYNNFVGLCGTNNGEYFDEFVTPDQCYMRKPEFFAASYAITGQNCTGPAKAFNYAYQQKAKQECVKREVYYGDIIYNQEYYHPRYRYYNHNVEESSSSSSSSSSDSSSSSSSSESSSRSRSGSSSSSSSSEEQKEFHPHKQEHSMKECPVQHQHQFFEQGDRTCFSLRPLPVCHSKCVATEKISKYFDVHCFEKDSTQAKKYKSDIGRGYTPDFKSFAPHKTYKFNYPKSCVYKAY	1	Q16927
27	MKTLSPTGYGLLLVLPLLLAVLQSTTAHKNDINIYSLTVDSKVSSRFAHTVVTSRVVNKGSAVQEATFQMELPKKAFITNFSMIIDGVTYPGNIKEKAAAQEQYSAVARGESAGLVRATGRKTEQFQVAVSVAPAAKVTFELVYEELLARHLGVYELLLKIQPQQLVKHLQMDIHIFEPQGISFLETESTFMTNELAEALTISQNKTKAHIRFKPTLSQQQKSPEQQETVLDGNFIVRYDVNRTVTGGSIQIENGYFVHYFAPEVWSAIPKNVIFVIDTSGSMRGRKIQQTREALIKILGDLGSRDQFNLVSFSGEAPRRRAVAASAENVEEAKSYAAEIHAQGGTNINDAMLMAVQLLERANREELLPARSVTFIILLTDGDPTVGETNPSKIQKNVREAIDGQHSLFCLGFGFDVPYAFLEKMALENGGLARRIYEDSDSALQLEDFYQEVANPLLRLVAFEYPSNAVEEVTQDNFRLFFKGSELVVAGKLRDQSPDVLSAKVRGQLHMENVTFVMESRVAEQEAEFLSPKYIFHSFMERLWAYLTIQQLLAQTVSASDAEKKALEARALSLSLNYSFVTPLTSMVITKPEGQEQSQVAEKPVENGNRQGNTHSGHSSFQFHSVGDRTSRLTGGSSVDPVFSHRRGWKGQAQGFEKMSYLPPRLGPPGPLQPTRFSHPFSRITLDRVLPEVLSVPDETSHDMDSRIIGATIPPPPARIQAPSVILPLPGQSVDQLCVDLKHSQGPVKLLSDPGQGVEVTGHYEREKARFSWIEVTFKHPPLQVRASLEHIVVIRNRQSSAYKWKETLYSVMPGLKITMDKAGLLLLSSPNRVTIGLLSWDGPGKGLRLLLRDTDHFSSQISGTFGQFYQDVVWGPPAAADDSKRTVTVQGHDHSATRELKLDYQEGSPGKEISCWTVVL	1	P79263
19	MKLASGFLVLWLSLGGGLAQSDTSPDTEESYSDWGLRHLRGSFESVNSYFDSFLELLGGKNGVCQYRCRYGKAPMPRPGYKPQEPNGCGSYFLGLKVPESMDLGIPAMTKCCNQLDVCYDTCGANKYRCDAKFRWCLHSICSDLKRSLGFVSKVEAACDSLVDTVFNTVWTLGCRPFMNSQRAACICAEEEKEEL	1	Q9BX93
20	MKLMVLVFTIGLTLLLGVQAMPANRLSCYRKILKDHNCHNLPEGVADLTQIDVNVQDHFWDGKGCEMICYCNFSELLCCPKDVFFGPKISFVIPCNNQ	1	O75711
23	MALSLFTVGQFIFLFWTISITEANIDPAARAAAAAAASKAAVTAADAAAAAATIAASAASVAAATAADDAAASIATINAASAAAKSIAAAAAMAAKDTAAAAASAAAAAVASAAKALETINVKAAYAAATTANTAAAAAAATATTAAAAAAAKATIDNAAAAKAAAVATAVSDAAATAATAAAVAAATLEAAAAKAAATAVSAAAAAAAAAIAFAAAP	1	B1P0S1
21	MQRVILVVLLLSCMAVLSVRADNSEMLAPPPRPEEFTSAQQLRQYLAALNEYYSIMGRPRFGKRGDSFRKREFFRTNGERYPEDAAAWTEFQ	1	Q27441
18	MRLLAKIICLMLWAICVAEDCNELPPRRNTEILTGSWSDQTYPEGTQAIYKCRPGYRSLGNVIMVCRKGEWVALNPLRKCQKRPCGHPGDTPFGTFTLTGGNVFEYGVKAVYTCNEGYQLLGEINYRECDTDGWTNDIPICEVVKCLPVTAPENGKIVSSAMEPDREYHFGQAVRFVCNSGYKIEGDEEMHCSDDGFWSKEKPKCVEISCKSPDVINGSPISQKIIYKENERFQYKCNMGYEYSERGDAVCTESGWRPLPSCEEKSCDNPYIPNGDYSPLRIKHRTGDEITYQCRNGFYPATRGNTAKCTSTGWIPAPRCTLKPCDYPDIKHGGLYHENMRRPYFPVAVGKYYSYYCDEHFETPSGSYWDHIHCTQDGWSPAVPCLRKCYFPYLENGYNQNYGRKFVQGKSIDVACHPGYALPKAQTTVTCMENGWSPTPRCIRVKTCSKSSIDIENGFISESQYTYALKEKAKYQCKLGYVTADGETSGSITCGKDGWSAQPTCIKSCDIPVFMNARTKNDFTWFKLNDTLDYECHDGYESNTGSTTGSIVCGYNGWSDLPICYERECELPKIDVHLVPDRKKDQYKVGEVLKFSCKPGFTIVGPNSVQCYHFGLSPDLPICKEQVQSCGPPPELLNGNVKEKTKEEYGHSEVVEYYCNPRFLMKGPNKIQCVDGEWTTLPVCIVEESTCGDIPELEHGWAQLSSPPYYYGDSVEFNCSESFTMIGHRSITCIHGVWTQLPQCVAIDKLKKCKSSNLIILEEHLKNKKEFDHNSNIRYRCRGKEGWIHTVCINGRWDPEVNCSMAQIQLCPPPPQIPNSHNMTTTLNYRDGEKVSVLCQENYLIQEGEEITCKDGRWQSIPLCVEKIPCSQPPQIEHGTINSSRSSQESYAHGTKLSYTCEGGFRISEENETTCYMGKWSSPPQCEGLPCKSPPEISHGVVAHMSDSYQYGEEVTYKCFEGFGIDGPAIAKCLGEKWSHPPSCIKTDCLSLPSFENAIPMGEKKDVYKAGEQVTYTCATYYKMDGASNVTCINSRWTGRPTCRDTSCVNPPTVQNAYIVSRQMSKYPSGERVRYQCRSPYEMFGDEEVMCLNGNWTEPPQCKDSTGKCGPPPPIDNGDITSFPLSVYAPASSVEYQCQNLYQLEGNKRITCRNGQWSEPPKCLHPCVISREIMENYNIALRWTAKQKLYSRTGESVEFVCKRGYRLSSRSHTLRTTCWDGKLEYPTCAKR	1	P08603
15	MKLATAFTILTAVLAAPLAAPAPAPDAAPAAVPEGPAAAAYSSILSVVAKQSKKFKHHKRDLDEKDQFIVVFDSSATVDQIASEIQKLDSLVDEDSSNGITSALDLPVYTDGSGFLGFVGKFNSTIVDKLKESSVLTVEPDTIVSLPEIPASSNAKRAIQTTPVTQWGLSRISHKKAQTGNYAYVRETVGKHPTVSYVVDSGIRTTHSEFGGRAVWGANFADTQNADLLGHGTHVAGTVGGKTYGVDANTKLVAVKVFAGRSAALSVINQGFTWALNDYISKRDTLPRGVLNFSGGGPKSASQDALWSRATQEGLLVAIAAGNDAVDACNDSPGNIGGSTSGIITVGSIDSSDKISVWSGGQGSNYGTCVDVFAPGSDIISASYQSDSGTLVYSGTSMACPHVAGLASYYLSINDEVLTPAQVEALITESNTGVLPTTNLKGSPNAVAYNGVGI	1	P09230
28	MARLALSPVPSHWMVALLLLLSAEPVPAARSEDRYRNPKGSACSRIWQSPRFIARKRGFTVKMHCYMNSASGNVSWLWKQEMDENPQQLKLEKGRMEESQNESLATLTIQGIRFEDNGIYFCQQKCNNTSEVYQGCGTELRVMGFSTLAQLKQRNTLKDGIIMIQTLLIILFIIVPIFLLLDKDDSKAGMEEDHTYEGLDIDQTATYEDIVTLRTGEVKWSVGEHPGQE	1	P40259
24	MAPWMHLLTVLALLALWGPNSVQAYSSQHLCGSNLVEALYMTCGRSGFYRPHDRRELEDLQVEQAELGLEAGGLQPSALEMILQKRGIVDQCCNNICTFNQLQNYCNVP	1	P17715
25	MPPRWASLLLLACSLLLLAVPPGTAGPSQPTYPGDDAPVEDLIRFYNDLQQYLNVVTRHRYGRRSSSRVLCEEPMGAAGC	1	P68248
19	MRSLGALLLLLSACLAVSAGPVPTPPDNIQVQENFNISRIYGKWYNLAIGSTCPWLKKIMDRMTVSTLVLGEGATEAEISMTSTRWRKGVCEETSGAYEKTDTDGKFLYHKSKWNITMESYVVHTNYDEYAIFLTKKFSRHHGPTITAKLYGRAPQLRETLLQDFRVVAQGVGIPEDSIFTMADRGECVPGEQEPEPILIPRVRRAVLPQEEEGSGGGQLVTEVTKKEDSCQLGYSAGPCMGMTSRYFYNGTSMACETFQYGGCMGNGNNFVTEKECLQTCRTVAACNLPIVRGPCRAFIQLWAFDAVKGKCVLFPYGGCQGNGNKFYSEKECREYCGVPGDGDEELLRFSN	1	P02760
23	MMSASRLAGTLIPAMAFLSCVRPESWEPCVEVVPNITYQCMELNFYKIPDNLPFSTKNLDLSFNPLRHLGSYSFFSFPELQVLDLSRCEIQTIEDGAYQSLSHLSTLILTGNPIQSLALGAFSGLSSLQKLVAVETNLASLENFPIGHLKTLKELNVAHNLIQSFKLPEYFSNLTNLEHLDLSSNKIQSIYCTDLRVLHQMPLLNLSLDLSLNPMNFIQPGAFKEIRLHKLTLRNNFDSLNVMKTCIQGLAGLEVHRLVLGEFRNEGNLEKFDKSALEGLCNLTIEEFRLAYLDYYLDDIIDLFNCLTNVSSFSLVSVTIERVKDFSYNFGWQHLELVNCKFGQFPTLKLKSLKRLTFTSNKGGNAFSEVDLPSLEFLDLSRNGLSFKGCCSQSDFGTTSLKYLDLSFNGVITMSSNFLGLEQLEHLDFQHSNLKQMSEFSVFLSLRNLIYLDISHTHTRVAFNGIFNGLSSLEVLKMAGNSFQENFLPDIFTELRNLTFLDLSQCQLEQLSPTAFNSLSSLQVLNMSHNNFFSLDTFPYKCLNSLQVLDYSLNHIMTSKKQELQHFPSSLAFLNLTQNDFACTCEHQSFLQWIKDQRQLLVEVERMECATPSDKQGMPVLSLNITCQMNKTIIGVSVLSVLVVSVVAVLVYKFYFHLMLLAGCIKYGRGENIYDAFVIYSSQDEDWVRNELVKNLEEGVPPFQLCLHYRDFIPGVAIAANIIHEGFHKSRKVIVVVSQHFIQSRWCIFEYEIAQTWQFLSSRAGIIFIVLQKVEKTLLRQQVELYRLLSRNTYLEWEDSVLGRHIFWRRLRKALLDGKSWNPEGTVGTGCNWQEATSI	1	O00206
15	MRLLILTCLVAVALARPKLPLRYPERLQNPSESSEPIPLESREEYMNGMNRQRNILREKQTDEIKDTRNESTQNCVVAEPEKMESSISSSSEEMSLSKCAEQFCRLNEYNQLQLQAAHAQEQIRRMNENSHVQVPFQQLNQLAAYPYAVWYYPQIMQYVPFPPFSDISNPTAHENYEKNNVMLQW	1	P47710
20	MDLFKILLLVFFVNISFCFAADPYSFYNFEVSYITASPLGVPQQVIAINGKFPGPTINVTTNENLVVNVRNKLDEGLLLHWNGIQQRRVSWQDGVLGTNCPIPPKWNWTYEFQVKDQIGSFFYFPSLHFQRASGGFGSFVVNPRAIIPVPFSTPDGDITVTIGDWYIRNHTALRKALDDGKDLGMPDGVLINGKGPYRYNDTLVADGIDFETITVHPGKTYRLRVSNVGISTSLNFRIQGHNLVLAESEGSYTVQQNYTSLDIHVGQSYSFLVTMDQNASSDYYIVASARVVNETIWRRVTGVGILKYTNSKGKAKGQLPPGPQDEFDKTFSMNQARSIRWNVSASGARPNPQGSFKYGSINVTDVYVLRNMPPVTISGKRRTTLNGISFKNPSTPIRLADKLKVKDVYKLDFPKRPLTGPAKVATSIINGTYRGFMEVVLQNNDTKMQSYHMSGYAFFVVGMDYGEWTENSRGTYNKWDGIARSTIQVYPGAWSAILISLDNPGAWNLRTENLDSWYLGQETYVRVVNPDENNKTEFGHPDNVLYCGALSKLQKPQKVSSSASKSIGFTSLSMVVMALVMMMMLQH	1	Q9SU40
21	MKLTFFLGLLALISCFTPSESQRFSRRPYLPGQLPPPPLYRPRWVPPSPPPPYDSRLNSPLSLPFVPGRVPPSSFSRFSQAVILSQLFPLESIRQPRLFPGYPNLHFPLRPYYVGPIRILKPPFPPIPFFLAIYLPISNPEPQINITTADTTITTNPPTTATATTSTSTKPTMTISSSTVPISSTPEPATSISAATPAASTENTTQILANRPHTVLLNATVQVTTSNQTILSSPAFKSFWQKLFAIFG	1	Q99935
22	MAGKLGVLLLALVLSLAQPASARRKLLVFLLDGFRADYISDEALESLPGFKEIVSRGVKVDYLTPDFPTLSYPNYYSLMTGRHCEVHQMTGNYMWDPDTNKSFDLGINRDSRLPLWWNGSEPLWVTLTKAKRKVYMYYWPGCEVEILGVRPTYCLEYKSVPTDINFVNAVSGALDVFKSGQADLAAIYYERVDVEGHHYGPSSPQRKDAVKAVDTVMAYMTKWIQERDLQDDLNVIIFSDHGMTDISWTDKVIKLDNYINLRDLQQLKGRGPVVSLWPAPGKHSEIYNKVRRVEHMTVYAKEDIPSRFYYKKGKFVSPLTLVADEGWFITENRESLPFWMNSTVTRKPEGWQWGWHGYDNELRAMRGIFLAFGPDFKSDFRAAPIRVVDIYNLMCKVTGVTPLPNNGSWSRVMCMLKDPASSAPGAPPCACALVTVLLVLLAILA	1	F1N5C8
16	MLLCLTLLFSASAVLAMPTPEGSPHHEIYKVCVPEGALESCHRMSQESDLHMTCVAARDRIECLDKIKHREADFAPVDPEDMYVAAKIPQQDFIIFKEIRTKEEPDEEFRYEAVCVIHKDLDITSIHGLQGLKSCHTGVGRNVGYKIPITKLRHMGVLGPLNNSDLTPRENELHALSHLFSEACLVGKWAPDPAQNQALKAKYPNLCALCEHPEICDYPDKYSGYDGALRCLAEHGGQVAWTKVYYVKKHFGMAIGAGEAVPTGQNPDDYAYLCPDATKKPITGKPCIWAARPWQGYMANHDLDNDIADLRAKISLADTIGETENADWLSKVLDLNNKTIPIDNQGPYSPENYLNKANYTDVIERDTGAPHRPVRFCVTSDAELEKCRVLKRAAYSRDIRPAFDCVREAGLHECLRTVRDDGADVITLDGGEVFVAQRQYNLKPIVAEQYGEHGSLYYAVAVVRKDSTYQSIEDLRGAKSCHTGYGRNAGWNVPLYTLLSKELISKNSCPYSSALSSYFSGGSCVPGAQLPENNPANQNPDSLCSICAGNLDAPNNDPAWKCSASNDESFFGYSGAFRCLASGEGQVAFVKHTTVPENTDGHNQAAWTAGLRSEDFELLCADGGRASINEYSRCHLAEVPPHMVVTSNDKTDIQLNEIRHAILAAGDLYSRRPDLFKLFGDFGGTKDLLFKNSATGLLSVENGSPLMQRYSEILEVIRACENQPTP	1	Q02942
26	MALPPGPAALRHTLLLLPALLSSGWGELEPQIDGQTWAERALRENERHAFTCRVAGGPGTPRLAWYLDGQLQEASTSRLLSVGGEAFSGGTSTFTVTAHRAQHELNCSLQDPRSGRSANASVILNVQFKPEIAQVGAKYQEAQGPGLLVVLFALVRANPPANVTWIDQDGPVTVNTSDFLVLDAQNYPWLTNHTVQLQLRSLAHNLSVVATNDVGVTSASLPAPGLLATRVEVPLLGIVVAAGLALGTLVGFSTLVACLVCRKEKKTKGPSRHPSLISSDSNNLKLNNVRLPRENMSLPSNLQLNDLTPDSRAVKPADRQMAQNNSRPELLDPEPGGLLTSQGFIRLPVLGYIYRVSSVSSDEIWL	1	Q86YD3
19	MNILLATASFVLSLGFVKAEPTRHHDRYAYIERVVCDVNFPDLLCRRKSHAIAYRMFRLIPVRNPNYEISTDYVSHEFNTTRVRSESEKYLCSSYGPNGYVSGDVFILRNALNKLFDHHEIEELAYELFIRLVASFLDSCSYPKSFEHNLVRCRSEDEELCTSPLAAFIKLVSRRSTRDVVLIVLNDFSHYLKLEEGHGFSKDRKSNQCVKFTQLYFYYLSAAVNFIERKISAFTLIPVMDDRRIASVSAIMISSKFANTTGNYVINATSFMDNTIPF	1	B3STN5
21	MPLPLLLAALCLAASPAPARACQLPSEWRPLSEGCRAELAETIVYAKVLALHPEVPGLYNYLPWQYQAGEGGLFYSAEVEMLCDQAWGSMLEVPAGSRLNLTGLGYFSCHSHTVVQDYSYFFFVRMDENYNLLPHGVNFQDAIFPDTQENRRMFSSLFQFANCSQGQQLTTFSSDWEVQEDNRLMCSSVQKALFEEEDHVKKLQQKVATLEKRNRQLRERVKKVKRSLRQARKNSRHLELVNQKLNEKLGASSAQQHINALGREPVRAPYLHG	1	Q9D6Y1
18	MIIKALAIVSLCLASIQASKVGAPQLPKKHLVCYYDSASFVKEGLGKLVIDELEPALQFCDYLVYGYAGIERDSHKAVSLNQQLDLDLGKGLYRTVTRLKRKYPNVKILLSVGGDKDIELDKDAKELPNKYLELLESPTGRTRFVNTVYSLVKTYGFDGLDVAWQFPKNKPKKVHSGIGSLWKGFKKVFSGDSIVDEKSEEHKEQFTALLRDVKNAFRPDNLLLSTTVLPNVNSSLFYDIPAVVNYLDFVNLGTFDFFTPQRNPEVADYAAPIYELSERNPEFNVAAQVKYWLRNNCPASKINVGVATYGRPWKLTDDSGDTGVPPVKDVKDEAPVGGNTQVPGIYSWPEVCALLPNQNNAYLKGANAPLIKVQDPAKRFGSYAYRAADKKGDNGIWVSFEDPDTAADKAGYVRTENLGGVALFDLSYDDFRGLCTNEKYPILRAIKYRLTN	1	Q23997
21	MWVSWAPGLWLLGLWATFGHGANTGAQCPPSQQEGLKLEHSSSLPANVTGFNLIHRLSLMKTSAIKKIRNPKGPLILRLGAAPVTQPTRRVFPRGLPEEFALVLTLLLKKHTHQKTWYLFQVTDANGYPQISLEVNSQERSLELRAQGQDGDFVSCIFPVPQLFDLRWHKLMLSVAGRVASVHVDCSSASSQPLGPRRPMRPVGHVFLGLDAEQGKPVSFDLQQVHIYCDPELVLEEGCCEILPAGCPPETSKARRDTQSNELIEINPQSEGKVYTRCFCLEEPQNSEVDAQLTGRISQKAERGAKVHQETAADECPPCVHGARDSNVTLAPSGPKGGKGERGLPGPPGSKGEKGARGNDCVRISPDAPLQCAEGPKGEKGESGALGPSGLPGSTGEKGQKGEKGDGGIKGVPGKPGRDGRPGEICVIGPKGQKGDPGFVGPEGLAGEPGPPGLPGPPGIGLPGTPGDPGGPPGPKGDKGSSGIPGKEGPGGKPGKPGVKGEKGDPCEVCPTLPEGFQNFVGLPGKPGPKGEPGDPVPARGDPGIQGIKGEKGEPCLSCSSVVGAQHLVSSTGASGDVGSPGFGLPGLPGRAGVPGLKGEKGNFGEAGPAGSPGPPGPVGPAGIKGAKGEPCEPCPALSNLQDGDVRVVALPGPSGEKGEPGPPGFGLPGKQGKAGERGLKGQKGDAGNPGDPGTPGTTGRPGLSGEPGVQGPAGPKGEKGDGCTACPSLQGTVTDMAGRPGQPGPKGEQGPEGVGRPGKPGQPGLPGVQGPPGLKGVQGEPGPPGRGVQGPQGEPGAPGLPGIQGLPGPRGPPGPTGEKGAQGSPGVKGATGPVGPPGASVSGPPGRDGQQGQTGLRGTPGEKGPRGEKGEPGECSCPSQGDLIFSGMPGAPGLWMGSSWQPGPQGPPGIPGPPGPPGVPGLQGVPGNNGLPGQPGLTAELGSLPIEQHLLKSICGDCVQGQRAHPGYLVEKGEKGDQGIPGVPGLDNCAQCFLSLERPRAEEARGDNSEGDPGCVGSPGLPGPPGLPGQRGEEGPPGMRGSPGPPGPIGPPGFPGAVGSPGLPGLQGERGLTGLTGDKGEPGPPGQPGYPGATGPPGLPGIKGERGYTGSAGEKGEPGPPGSEGLPGPPGPAGPRGERGPQGNSGEKGDQGFQGQPGFPGPPGPPGFPGKVGSPGPPGPQAEKGSEGIRGPSGLPGSPGPPGPPGIQGPAGLDGLDGKDGKPGLRGDPGPAGPPGLMGPPGFKGKTGHPGLPGPKGDCGKPGPPGSTGRPGAEGEPGAMGPQGRPGPPGHVGPPGPPGQPGPAGISAVGLKGDRGATGERGLAGLPGQPGPPGHPGPPGEPGTDGAAGKEGPPGKQGFYGPPGPKGDPGAAGQKGQAGEKGRAGMPGGPGKSGSMGPVGPPGPAGERGHPGAPGPSGSPGLPGVPGSMGDMVNYDEIKRFIRQEIIKMFDERMAYYTSRMQFPMEMAAAPGRPGPPGKDGAPGRPGAPGSPGLPGQIGREGRQGLPGVRGLPGTKGEKGDIGIGIAGENGLPGPPGPQGPPGYGKMGATGPMGQQGIPGIPGPPGPMGQPGKAGHCNPSDCFGAMPMEQQYPPMKTMKGPFG	1	Q07092
26	MHFSGVAFILISMVLIGSIFETTVEAGEGPKSDCKPDLCEAACKDLGKPMDFCKDGTCKCKD	1	P0C1X6
20	MASFATKFVIACFLFFSASAHNVLLPAYGRRCFFEDLSKGDELSISFQFGDRNPQSSSQLTGDFIIYGPERHEVLKTVRDTSHGEITLSAPYKGHFQYCFLNENTGIETKDVTFNIHGVVYVDLDDPNTNTLDSAVRKLSKLTREVKDEQSYIVIRERTHRNTAESTNDRVKWWSIFQLGVVIANSLFQIYYLRRFFEVTSLV	1	P32803
22	MVMRPLWSLLLWEALLPITVTGAQVLSKVGGSVLLVAARPPGFQVREAIWRSLWPSEELLATFFRGSLETLYHSRFLGRAQLHSNLSLELGPLESGDSGNFSVLMVDTRGQPWTQTLQLKVYDAVPRPVVQVFIAVERDAQPSKTCQVFLSCWAPNISEITYSWRRETTMDFGMEPHSLFTDGQVLSISLGPGDRDVAYSCIVSNPVSWDLATVTPWDSCHHEAAPGKASYKDVLLVVVPVSLLLMLVTLFSAWHWCPCSGKKKKDVHADRVGPETENPLVQDLP	1	Q9P0V8
25	MVAFSALSGVSALSLLLCLVQHAHGVSLKVSTQGGNSSSPILYGFMFEDINHSGDGGIYGQLLQNPGLQGTTPNLTAWAAVGDATIAIDGDSPLTSAIPSTIKLDVADDATGAVGLTNEGYWGIPVDGSEFQSSFWIKGDYSGDITVRLVGNYTGTEYGSATITHTSTADNFTQASVKFPTTKAPDGNVLYELTVDGSVAAGSSLNFGYLTLFGETYKSRENGLKPQLANVLADMKGSFLRFPGGNNLEGNSAENRWKWNETIGDLWDRPGREGTWTYYNTDGLGLHEYFYWCEDLGLVPVLGVWDGFALESGGNTPITGDALTPYIDDVLNELEYILGDTSTTYGAWRAANGQEEPWNLTMVEIGNEDMLGGGCESYAERFTAFYDAIHAAYPDLILIASTSEADCLPESMPEGSWVDYHDYSTPDGLVGQFNYFDNLDRSVPYFIGEYSRWEIDWPNMKGSVSEAVFMIGFERNSDVVKMAAYAPLLQLVNSTQWTPDLIGYTQSPDDIFLSTSYYVQEMFSRNRGDTIKEVTSDSDFGPLYWVASSAGDSYYVKLANYGSETQDLTVSIPGTSTGKLTVLADNDPDAYNSDTQTLVTPSESTVQASNGTFTFSLPAWAVAVLAAN	1	Q8NK90
20	MVRLPLQCVLWGCLLTAVHPEPPTACREKQYLINSQCCSLCQPGQKLVSDCTEFTETECLPCGESEFLDTWNRETHCHQHKYCDPNLGLRVQQKGTSETDTICTCEEGWHCTSEACESCVLHRSCSPGFGVKQIATGVSDTICEPCPVGFFSNVSSAFEKCHPWTSCETKDLVVQQAGTNKTDVVCGPQDRLRALVVIPIIFGILFAILLVLVFIKKVAKKPTNKAPHPKQEPQEINFPDDLPGSNTAAPVQETLHGCQPVTQEDGKESRISVQERQ	1	P25942
16	MGTWILFACLLGAAFSMPLPPHPGHPGYINFSYEVLTPLKWYQNMIRHPYTSYGYEPMGGWLHHQIIPVVSQQTPQSHALQPHHHIPMVPAQQPGIPQQPMMPLPGQHSMTPTQHHQPNLPLPAQQPFQPQPVQPQPHQPLQPQSPMHPIQPLLPQPPLPPMFSMQSLLPDLPLEAWPATDKTKREEVD	1	P45561
24	MRPSGTAGAALLALLAALCPASRALEEKKVCQGTSNKLTQLGTFEDHFLSLQRMFNNCEVVLGNLEITYVQRNYDLSFLKTIQEVAGYVLIALNTVERIPLENLQIIRGNMYYENSYALAVLSNYDANKTGLKELPMRNLQEILHGAVRFSNNPALCNVESIQWRDIVSSDFLSNMSMDFQNHLGSCQKCDPSCPNGSCWGAGEENCQKLTKIICAQQCSGRCRGKSPSDCCHNQCAAGCTGPRESDCLVCRKFRDEATCKDTCPPLMLYNPTTYQMDVNPEGKYSFGATCVKKCPRNYVVTDHGSCVRACGADSYEMEEDGVRKCKKCEGPCRKVCNGIGIGEFKDSLSINATNIKHFKNCTSISGDLHILPVAFRGDSFTHTPPLDPQELDILKTVKEITGFLLIQAWPENRTDLHAFENLEIIRGRTKQHGQFSLAVVSLNITSLGLRSLKEISDGDVIISGNKNLCYANTINWKKLFGTSGQKTKIISNRGENSCKATGQVCHALCSPEGCWGPEPRDCVSCRNVSRGRECVDKCNLLEGEPREFVENSECIQCHPECLPQAMNITCTGRGPDNCIQCAHYIDGPHCVKTCPAGVMGENNTLVWKYADAGHVCHLCHPNCTYGCTGPGLEGCPTNGPKIPSIATGMVGALLLLLVVALGIGLFMRRRHIVRKRTLRRLLQERELVEPLTPSGEAPNQALLRILKETEFKKIKVLGSGAFGTVYKGLWIPEGEKVKIPVAIKELREATSPKANKEILDEAYVMASVDNPHVCRLLGICLTSTVQLITQLMPFGCLLDYVREHKDNIGSQYLLNWCVQIAKGMNYLEDRRLVHRDLAARNVLVKTPQHVKITDFGLAKLLGAEEKEYHAEGGKVPIKWMALESILHRIYTHQSDVWSYGVTVWELMTFGSKPYDGIPASEISSILEKGERLPQPPICTIDVYMIMVKCWMIDADSRPKFRELIIEFSKMARDPQRYLVIQGDERMHLPSPTDSNFYRALMDEEDMDDVVDADEYLIPQQGFFSSPSTSRTPLLSSLSATSNNSTVACIDRNGLQSCPIKEDSFLQRYSSDPTGALTEDSIDDTFLPVPEYINQSVPKRPAGSVQNPVYHNQPLNPAPSRDPHYQDPHSTAVGNPEYLNTVQPTCVNSTFDSPAHWAQKGSHQISLDNPDYQQDFFPKEAKPNGIFKGSTAENAEYLRVAPQSSEFIGA	1	P00533
21	MKTPLFLLLVVLASLLGLALSQDRNDTEWIQSQKDREKWCRLNLGPYLGGRCRK	1	P81160
22	MVKMQVIFIAFIAVIACSMVYGDSLSPWNEGDTYYGCQRQTDEFCNKICKLHLASGGSCQQPAPFVKLCTCQGIDYDNSFFFGALEKQCPKLRG	1	Q95P90
26	MPSSVIMFTFLALTVLTAVMVGTSEAVSCMDNKNKPVDWFIVYKLPQDSASSKPVIREGYGQMYMDVNNQALKFSSTSLKDDDHAIAYTVDDIYKNHGKGNLAHVMYNDQPPAGEEIQSGLVGHTKGVLAFDGTSGFWLVHSVPKFPLPASKSYNWPDNAKRNGQTLLCITFKYDQFEKIGQQLKYNYPGVYDSDLPSKLVGKTPSIVDLVKNVHVTSPPWNRQLNLQSKSGQTFVSFNKASKWGEDLYKNWLATHFKSGLYCETWQNGGRNLNSSCEAGLNVYNVKKVSLSGGSDFKGTKDHSKWAVTTKSGLKWTCIGGINRQTSQMYRGGGAVCLENANVHKAFYDSVAEYEPCT	1	Q75WF2
27	MGLVHALLPFAAAAALLLLAAPPPATADDPGLAVYWGRHKEEGSLREACDTGRYTTVIITFYNAFGHGRYSLDISGHPLAAVGADIKHCQSRGITVLLSIGGQGGAYSLPTNASAADVADNLWNAYLGGHRAGVARPFGDDAAVDGIDFFIDQGGADHYDDLARRLDGYNKYYRGRVGVLLTATTRCSYPDHRLEKALATGVFARIHVRMFGDEQCTMSPRYSWEKWAAAFPGSKVYIGLVASPEQDSAWMFQKDLYYEMLQFVRSLPNYGGLAIYDRYFDKKANYTGEG	1	Q53NL5
17	MAVFLQLLPLLLSRAQGNPGASLDGRPGDRVNLSCGGVSHPIRWVWAPSFPACKGLSKGRRPILWASSSGTPTVPPLQPFVGRLRSLDSGIRRLELLLSAGDSGTFFCKGRHEDESRTVLHVLGDRTYCKAPGPTHGSVYPQLLIPLLGAGLVLGLGALGLVWWLHRRLPPQPIRPLPRFAPLVKTEPQRPVKEEEPKIPGDLDQEPSLLYADLDHLALSRPRRLSTADPADASTIYAVVV	1	O95866
19	MYGKIIFVLLLSEIVSISALSTTEVAMHTSTSSSVTKSYISSQTNGETGQLVHRFTVPAPVVIILIILCVMAGIIGTILLISYSIRRLIKA	1	P06028
22	MKGSIFTLFLFSVLFAISEVRSKESVRLCGLEYIRTVIYICASSRWRRHQEGIPQAQQAETGNSFQLPHKREFSEENPAQNLPKVDASGEDRLWGGQMPTEELWKSKKHSVMSRQDLQTLCCTDGCSMTDLSALC	1	Q9Y5Q6
26	MAFKSLLSFVSVIGALQGANAALTRRVACPDGVNTATNAACCQLFAVREDLQQNLFHGGLCTAEAHESLRLTFHDAIAISPALEAQGIFGGGGADGSIAIFPEIETNFHPNIGLDEIIELQKPFIARHNISVADFIQFAGAIGASNCAGAPQLAAFVGRKDATQPAPDGLVPEPFHTPDQIFDRLADASQGEFDPILTVWLLTAHTVAAANDVDPTKSGLPFDSTPELWDTQFFLETQLRGTSFPGSGGNQGEVESPLAGEMRLQSDHTIARDSRTACEWQSFVDNQPKAQQMFQFVFHDLSIFGQDINTLVDCTEVVPIPADPQGHTHFPAGLSNADIEQACAETPFPTFPTDPGPKTAVAPVPKPPAARK	1	P20013
18	MLLFVLTCLLAVFPAISTKSPIFGPEEVNSVEGNSVSITCYYPPTSVNRHTRKYWCRQGARGGCITLISSEGYVSSKYAGRANLTNFPENGTFVVNIAQLSQDDSGRYKCGLGINSRGLSFDVSLEVSQGPGLLNDTKVYTVDLGRTVTINCPFKTENAQKRKSLYKQIGLYPVLVIDSSGYVNPNYTGRIRLDIQGTGQLLFSVVINQLRLSDAGQYLCQAGDDSNSNKKNADLQVLKPEPELVYEDLRGSVTFHCALGPEVANVAKFLCRQSSGENCDVVVNTLGKRAPAFEGRILLNPQDKDGSFSVVITGLRKEDAGRYLCGAHSDGQLQEGSPIQAWQLFVNEESTIPRSPTVVKGVAGGSVAVLCPYNRKESKSIKYWCLWEGAQNGRCPLLVDSEGWVKAQYEGRLSLLEEPGNGTFTVILNQLTSRDAGFYWCLTNGDTLWRTTVEIKIIEGEPNLKVPGNVTAVLGETLKVPCHFPCKFSSYEKYWCKWNNTGCQALPSQDEGPSKAFVNCDENSRLVSLTLNLVTRADEGWYWCGVKQGHFYGETAAVYVAVEERKAAGSRDVSLAKADAAPDEKVLDSGFREIENKAIQDPRLFAEEKAVADTRDQADGSRASVDSGSSEEQGGSSRALVSTLVPLGLVLAVGAVAVGVARARHRKNVDRVSIRSYRTDISMSDFENSREFGANDNMGASSITQETSLGGKEEFVATTESTTETKEPKKAKRSSKEEAEMAYKDFLLQSSTVAAEAQDGPQEA	1	P01833
20	MGLPGLFCLAVLAASSFSKAREEEITPVVSIAYKVLEVFPKGRWVLITCCAPQPPPPITYSLCGTKNIKVAKKVVKTHEPASFNLNVTLKSSPDLLTYFCWASSTSGAHVDSARLQMHWELWSKPVSELRANFTLQDRGAGPRVEMICQASSGSPPITNSLIGKDGQVHLQQRPCHRQPANFSFLPSQTSDWFWCQAANNANVQHSALTVVPPGGDQKMEDWQGPLESPILALPLYRSTRRLSEEEFGGFRIGNGEVRGRKAAAM	1	Q6UX52
19	MAWQMTQLLLLALVAAAWGAQAPRTPRARTDLLNVCMDAKHHKAEPGPEDSLHEQCSPWRKNACCSVNTSIEAHKDISYLYRFNWDHCGKMEPACKRHFIQDTCLYECSPNLGPWIREVNQRWRKERVLGVPLCKEDCQSWWEDCRTSYTCKSNWHKGWNWTSGYNQCPVKAACHRFDFYFPTPAALCNEIWSHSYKVSNYSRGSGRCIQMWFDPFQGNPNEEVARFYAENPTSGSTPQGI	1	P02702
18	MSKLLILLLLSLVASIFSTPLDDYVNAPDDTYKWTLNNTIEYETFTGYILELTSQTWMAEKSDWPVWKHWVSICVPKGVTTTTTFIYVDGGSNDNWKVPGSMDQTIEIVCLSSGSVSVGLTQIPNQPIIFNNDGVQRFEDDLVAYTWRQFLGNTSEPLWLARLPMTKAVVKCMDAVQEFGKTIGYNSENFVIAGASKRGWTTWLAGVVDPRIIAIVPIVMPILNMIPNMGHQFYAYGEWSFALNDYTGQGVMDYLNGPQMVELAAIVDPFSYRDRYTMPIYAIASSDDEFFLPDSPQFFWNNLTATPEKHLRIVPNAEHSLMGHQIDIILSIVTFVRLLITNQPRPTFTWDITYSEDLNSGTIVLTVPEGGIIPYKVKVWTAVTESTTRRDFRIITCMDITKCIQFIIWDPSDITPTSTGVYSITLSKPDAGWRAFFLEAEYLYAKNSIDDEYTLKFTSEVAIVPNTLPFGSCSEYNACGDGSQGDSASSTATL	1	Q5XM24
22	MWKVSALLFVLGSASLWVLAEGASTGQPEDDTETTGLEGGVAMPGAEDDVVTPGTSEDRYKSGLTTLVATSVNSVTGIRIEDLPTSESTVHAQEQSPSATASNVATSHSTEKVDGDTQTTVEKDGLSTVTLVGIIVGVLLAIGFIGAIIVVVMRKMSGRYSP	1	Q86YL7
18	MKPLLLAVSLGLIAALQAHHLLASDEEIQDVSGTWYLKAMTVDREFPEMNLESVTPMTLTTLEGGNLEAKVTMLISGRCQEVKAVLEKTDEPGKYTADGGKHVAYIIRSHVKDHYIFYCEGELHGKPVRGVKLVGRDPKNNLEALEDFEKAAGARGLSTESILIPRQSETCSPGSD	1	P31025
18	MKAAVLAVALVFLTGCQAWEFWQQDEPQSQWDRVKDFATVYVDAVKDSGRDYVSQFESSTLGKQLNLNLLDNWDTLGSTVGRLQEQLGPVTQEFWANLEKETDWLRNEMNKDLENVKQKMQPHLDEFQEKWNEEVEAYRQKLEPLGTELHKNAKEMQRHLKVVAEEFRDRMRVNADALRAKFGLYSDQMRENLAQRLTEIKNHPTLIEYHTKASDHLKTLGEKAKPALDDLGQGLMPVLEAWKAKIMSMIDEAKKKLNA	1	P04639
33	MWGARRSSVSSSWNAASLLQLLLAALLAAGARASGEYCHGWLDAQGVWRIGFQCPERFDGGDATICCGSCALRYCCSSAEARLDQGGCDNDRQQGAGEPGRADKDGPDGSAVPIYVPFLIVGSVFVAFIILGSLVAACCCRCLRPKQDPQQSRAPGGNRLMETIPMIPSASTSRGSSSRQSSTAASSSSSANSGARAPPTRSQTNCCLPEGTMNNVYVNMPTNFSVLNCQQATQIVPHQGQYLHPPYVGYTVQHDSVPMTAVPPFMDGLQPGYRQIQSPFPHTNSEQKMYPAVTV	1	Q6UWI4
21	MQRLGATLLCLLLAAAVPTAPAPAPTATSAPVKPGPALSYPQEEATLNEMFREVEELMEDTQHKLRSAVEEMEAEEAAAKASSEVNLANLPPSYHNETNTDTKVGNNTIHVHREIHKITNNQTGQMVFSETVITSVGDEEGRRSHECIIDEDCGPSMYCQFASFQYTCQPCRGQRMLCTRDSECCGDQLCVWGHCTKMATRGSNGTICDNQRDCQPGLCCAFQRGLLFPVCTPLPVEGELCHDPASRLLDLITWELEPDGALDRCPCASGLLCQPHSHSLVYVCKPTFVGSRDQDGEILLPREVPDEYEVGSFMEEVRQELEDLERSLTEEMALREPAAAAAALLGGEEI	1	Q9UBP4
21	MGMRMMFTMILLVVLVTTVVSFTLDRVLGPVSDGRNAAPDDEKFDRMEYFLSKCCANPSTCDLSLLCIFG	1	P0DUQ6
22	MARGAALALLLFGLLGVLVAAPDGGFDLSDALPDNENKKPTAIPKKPSAGDDFDLGDAVVDGENDDPRPPNPPKPMPNPNPNHPSSSGSFSDADLADGVSGGEGKGGSDGGGSHRKEGEEADAPGVIPGIVGAVVVAVAGAISSFIAYQKKKLCFKENAEQGEVDMESHRNANAEPAVQRTLLEK	1	P14209
16	MLARALLLCAAVVCGAANPCCSHPCQNRGVCMSVGFDQYKCDCTRTGFYGENCTTPEFLTRIKLLLKPTPDTVHYILTHFKGVWNIVNKISFLRNMIMRYVLTSRSHLIESPPTYNVHYSYKSWEAFSNLSYYTRALPPVPDDCPTPMGVKGRKELPDSKEVVKKVLLRRKFIPDPQGTNLMFAFFAQHFTHQFFKTDIERGPAFTKGKNHGVDLSHVYGESLERQHNRRLFKDGKMKYQMINGEMYPPTVKDTQVEMIYPPHIPEHLKFAVGQEVFGLVPGLMMYATIWLREHNRVCDVLKQEHPEWGDEQLFQTSRLILIGETIKIVIEDYVQHLSGYHFKLKFDPELLFNQQFQYQNRIAAEFNTLYHWHPLLPDVFQIDGQEYNYQQFIYNNSVLLEHGVTQFVESFTRQIAGRVAGRRNLPAAVEKVSKASLDQSREMKYQSFNEYRKRFLLKPYESFEELTGEKEMAAELEALYGDIDAMELYPALLVEKPAPDAIFGETMVEAGAPFSLKGLMGNPICSPEYWKPSTFGGEVGFKIINTASIQSLICSNVKGCPFTSFSVQDAHLTKTVTINASSSHSGLDDINPTVLLKERSTEL	1	P79208
19	MKLLTSLVFCSLLLGVCHGGFFSFIGEAFQGAGDMWRAYTDMKEAGWKDGDKYFHARGNYDAAQRGPGGVWAAEKISDARESFQEFFGRGHEDTMADQEANRHGRSGKDPNYYRPPGLPAKY	1	P05367
35	MRLPVSFPLTVLSLLGSTIAHPYGETEAVLRSEPKSNQAKADAVKEAFQHAWNGYMKYAFPHDELTPVSNGHADSRNGWGASAVDALSTAVIMGKADVVNAILEHVADIDFSKTSDTVSLFETTIRYLAGMLSGYDLLQGPAKNLVDNQDLIDGLLDQSRNLADVLKFAFDTPSGVPYNNINITSHGNDGATTNGLAVTGTLVLEWTRLSDLTGDEEYAKLSQKAESYLLKPQPSSSEPFPGLVGSSININDGQFADSRVSWNGGDDSFYEYLIKMYVYDPKRFETYKDRWVLAAESTIKHLKSHPKSRPDLTFLSSYSNRNYDLSSQHLTCFDGGSFLLGGTVLDRQDFIDFGLELVDGCEATYNSTLTKIGPDSWGWDPKKVPSDQKEFYEKAGFYISSGSYVLRPEVIESFYYAHRVTGKEIYRDWVWNAFVAINSTCRTDSGFAAVSDVNKANGGSKYDNQESFLFAEVMKYSYLAHSEDAAWQVQKGGKNTFVYNTEAHPISVARN	1	P31723
19	MATLLLLLGVLVVSPDALGSTTAVQTPTSGEPLVSTSEPLSSKMYTTSITSDPKADSTGDQTSALPPSTSINEGSPLWTSIGASTGSPLPEPTTYQEVSIKMSSVPQETPHATSHPAVPITANSLGSHTVTGGTITTNSPETSSRTSGAPVTTAASSLETSRGTSGPPLTMATVSLETSKGTSGPPVTMATDSLETSTGTTGPPVTMTTGSLEPSSGASGPQVSSVKLSTMMSPTTSTNASTVPFRNPDENSRGMLPVAVLVALLAVIVLVALLLLWRRRQKRRTGALVLSRGGKRNGVVDAWAGPAQVPEEGAVTVTVGGSGGDKGSGFPDGEGSSRRPTLTTFFGRRKSRQGSLAMEELKSGSGPSLKGEEEPLVASEDGAVDAPAPDEPEGGDGAAP	1	P16150
31	MDPTAPGSSVSSLPLLLVLALGLAILHCVVADGNTTRTPETNGSLCGAPGENCTGTTPRQKVKTHFSRCPKQYKHYCIHGRCRFVVDEQTPSCICEKGYFGARCERVDLFYLQQDRGQILVVCLIVVMVVFIILVIGVCTCCHPLRKHRKKKKEEKMETLDKDKTPISEDIQETNIA	1	Q05928
20	MKPYFSCVFVFCFLIKLLTGELNDLANHRMFSFHDGGVQISCNYPETVQQLKMQLFKDREVLCDLTKTKGSGNTVSIKNPMSCPYQLSNNSVSFFLDNADSSQGSYFLCSLSIFDPPPFQEKNLSGGYLLIYESQLCCQLKLWLPVGCAAFVAALLFGCIFIVWFAKKKYRSSVHDPNSEYMFMAAVNTNKKSRLAGMTS	1	Q9R1T7
