SP length	Sequence	1
23	MAPFEPLASGILLLLWLIAPSRACTCVPPHPQTAFCNSDLVIRAKFVGTPEVNQTTLYQRYEIKMTKMYKGFQALGDAADIRFVYTPAMESVCGYFHRSHNRSEEFLIAGKLQDGLLHITTCSFVAPWNSLSLAQRRGFTKTYTVGCEECTVFPCLSIPCKLQSGTHCLWTDQLLQGSEKGFQSRHLACLPREPGLCTWQSLRSQIA	1
35	MRSSYRVGNPIRFQPTNVVGLLLLSLVLSFMLVQSYELGHASGETNANSKYPLTTPVEENLKVRFKIGVISDDDKNAVSKDESNTWVSTYLTGTLEWEKSTDKITVQWDKGNEKKVKSKYSYGGRGMELSELVTFNGNLLTFDDRTGLVYILKDDKVYPWVVLADGDGKNSKGFKSEWATEKAGNLYVGSSGKEWTTKEGTIENYNPMWVKMINKNGEVTSLNWQTNYEKIRSSMNITFPGYMWHEAACWSDKYNKWFFLPRALSQEAYDSKKFETQGANVIISCDDKFEKCEPTQIQGKTEDKRGFSNFKFVPTSEDKIIVGLKTVEADDTTETYFTAFDLEGKVLLEETKIDDHKYEGVDFV	1
17	MIILIYLFLLLWEDTQGWGFKDGIFHNSIWLERAAGVYHREARSGKYKLTYAEAKAVCEFEGGHLATYKQLEAARKIGFHVCAAGWMAKGRVGYPIVKPGPNCGFGKTGIIDYGIRLNRSERWDAYCYNPHAKECGGVFTDPKQIFKSPGFPNEYEDNQICYWHIRLKYGQRIHLSFLDFDLEDDPGCLADYVEIYDSYDDVHGFVGRYCGDELPDDIISTGNVMTLKFLSDASVTAGGFQIKYVAMDPVSKSSQGKNTSTTSTGNKNFLAGRFSHL	1
64	MMFPAVAAPPRRLPGERLQRSQNPVETSWLSFRILATRGPCVTSTFLFLTVAFLGLSWVSVAVAAHAEHPEDSATNFLFSFAENSLANREPPEDSAARPSSRSGGAERRRLDSLIPGFLKRRRIFKQLRPVDEFQLREFQEASSKVKAQFFSAGHSKVTFVDRPSAALLSFLHLEEEDVPYGVVIKAIPYDAFDFYESVAEPYIHRMFDDPRKFPYVVPVLAALRSTSKRVLYLVLPLYRELPETVDEEARSLDFVLLLAEMAMAVCQLHERNLAHRDLKEDNFLVSPEGHIVVSDLATLDITDNKSFLIGTSGYMPPETRSSYLLRKGYKRSRYGEKTDVYSLGVAFRHLAFMLEGLGVQVPHRTQLAKLIKKMTSPDPEKRPLIGEVMEDPFFASVDFRLVRQRAGKHPFKKLPGADLLAERQRARLEAREKADAAAKAADNAEVPAAKSPAGKTGGAGTLSGDRDRAGSGEKPAERAEEEKGRGRGAQTHEGNHDRTDDAGREELREGPGDQKPSGEENREGGQPPGQREEQREGTGLEEGFNKEDAQES	1
24	MASILHYFLALSLSCSFLFFLSDSVTPTKPINLVVLPVQNDGSTGLHWANLQKRTPLMQVPVLVDLNGNHLWVNCEQQYSSKTYQAPFCHSTQCSRANTHQCLSCPAASRPGCHKNTCGLMSTNPITQQTGLGELGEDVLAIHATQGSTQQLGPLVTVPQFLFSCAPSFLVQKGLPRNTQGVAGLGHAPISLPNQLASHFGLQRQFTTCLSRYPTSKGAIIFGDAPNNMRQFQNQDIFHDLAFTPLTITLQGEYNVRVNSIRINQHSVFPLNKISSTIVGSTSGGTMISTSTPHMVLQQSVYQAFTQVFAQQLPKQAQVKSVAPFGLCFNSNKINAYPSVDLVMDKPNGPVWRISGEDLMVQAQPGVTCLGVMNGGMQPRAEITLGARQLEENLVVFDLARSRVGFSTSSLHSHGVKCADLFNFANA	1
23	MILNKALMLGALALTTVMSPCGGEDIVADHVASYGVNLYQSYGPSGQYTHEFDGDEQFYVDLGRKETVWCLPVLRQFRFDPQFALTNIAVLKHNLNSLIKRSNSTAATNEVPEVTVFSKSPVTLGQPNILICLVDNIFPPVVNITWLSNGHSVTEGVSETSFLSKSDHSFFKISYLTLLPSAEESYDCKVEHWGLDKPLLKHWEPEIPAPMSELTETVVCALGLSVGLVGIVVGTVFIIRGLRSVGASRHQGPL	1
21	MKVSTIFAAASALFAATTTLAQDVACLVDNQQVAVVDLDTGVCPFTIPASLAAFFTFVSLEEYNVQFYYTIVNNVRYNTDIRNAGKVINVPARNLYGAGAVPFFQVHLEKQLEANSTAAIRRRLMGETPIVKRDQIDDFIASIENTEGTALEGSTLEVVDYVPGSSSASPSGSASPSGSESGSGSDSATIRSTTVVSSSSCESSGDSAATATGANGESTVTEQNTVVVTITSCHNDACHATTVPATASIGVTTVHGTETIFTTYCPLSSYETVESTKVITITSCSENKCQETTVEATPSTATTVSEGVVTEYVTYCPVSSVETVASTKVITVVACDEHKCHETTAVATPTEVTTVVEGSTTHYVTYKPTGSGPTQGETYATNAITSEGTVYVPKTTAVTTHGSTFETVAYITVTKATPTKGGEQHQPGSPAGAATSAPGAPAPGASGAHASTANKVTVEAQATPGTLTPENTVAGGVNGEQVAVSAKTTISQTTVAKASGSGKAAISTFEGAAAASAGASVLALALIPLAYFI	1
23	MLPPAIHFYLLPLACILMKSCLAFKNDATEILYSHVVKPVPAHPSSNSTLNQARNGGRHFSNTGLDRNTRVQVGCRELRSTKYISDGQCTSISPLKELVCAGECLPLPVLPNWIGGGYGTKYWSRRSSQEWRCVNDKTRTQRIQLQCQDGSTRTYKITVVTACKCKRYTRQHNESSHNFESMSPAKPVQHHRERKRASKSSKHSMS	1
21	MSRYALIVLIVVVVAANLCEASDCGPNRVYKSCGTGCPETCENPDPDCDRACHQGCFCSKGLLQDIDGNCISPDKCP	1
17	MLLTALAVLFASTGCQARLSVSGTNLNYNGHHIFLSGANQAWVNYARDFGHNQYSKGKSTFESTLSDIQSHGGNSVRVWLHIEGESTPEFDNNGYVTGIDNTLISDMRAYLHAAQRHNILIFFTLWNGAVKQSTHYRLNGLMVDTRKLQSYIDHALKPMANALKNEKALGGWDIMNEPEGEIKPGESSSEPCFDTRHLSGSGAGWAGHLYSAQEIGRFVNWQAAAIKEVDPGAMVTVGSWNMKADTDAMGFHNLYSDHCLVKAGGKQSGTLSFYQVHTYDWQNHFGNESPFKHSFSNFRLKKPMVIGEFNQEHGAGMSSESMFEWAYTKGYSGAWTWSRTDVSWNNQLRGIQHLKSRTDHGQVQFGL	1
31	MKLSLSQPCSFSGALLLLAVSNLLVWEKVTSLPNYRLPTESLYQRVIVVSHNAHDLASKAFMEFEMKFGRTAWTYGLMLSPCHTAAILTPENSEQVHQTTSEDLLKVSITILQAWEEPLKHMVAAVAALPHVPDTLLSRTKELEERIQGLLEGLKIIFNRVYPGAVASDYTFWSAWSDLQSSDESTKNSALRTLWRCVRRDTHKVDNYLKVLKCRDVHNNNC	1
27	MGSGRRALSAVPAVLLVLTLPGLPVWAQNDTEPIVLEGKCLVVCDSNPATDSKGSSSSPLGISVRAANSKVAFSAVRSTNHEPSEMSNKTRIIYFDQILVNVGNFFTLESVFVAPRKGIYSFSFHVIKVYQSQTIQVNLMLNGKPVISAFAGDKDVTREAATNGVLLYLDKEDKVYLKLEKGNLVGGWQYSTFSGFLVFPL	1
26	MVPKPLSLLLFLLLALSAAVVGGRKLVAAGGWRPIESLNSAEVQDVAQFAVSEHNKQANDELQYQSVVRGYTQVVAGTNYRLVIAAKDGAVVGNYEAVVWDKPWMHFRNLTSFRKV	1
21	MQAFAVAALSIWLCLGATTLAESHGPQHCTSPNMTGVLTVLALTGGEIKATGHYSYDSTDKKIRFTESEMHLNKTEHLEDYLMLFEEGVFYDIDMKNQSCKKMSLHSHAHALELPAGAAHQVELFLGSDTVQEEDIKVNIWTGSVPETKGQYFLSTTVGECLPLSTFYSTDSITLLFSNSEVVTEVKAPEVFNLPSFCEGVELEEAPEGQKNDFFSLFNSV	1
27	MASSSCLWLLALAFLLGSCASLALGHLDPPAPLPLVIWHGMGDSCCNPLSMGAIKKMVEKKIPGIHVLSLEIGKTLREDVENSFFLNVNSQVTTVCQILAKDPKLQQGYNAMGFSQGGQFLRAVAQRCPSPPMVNLISVGGQHQGVFGLPRCPGESSHICDFIRKTLNAGAYNKAIQERLVQAEYWHDPIREDIYRNHSIFLADINQERGVNESYKKNLMALKKFVMVKFLNDTIVDPVDSEWFGFYRSGQAKETIPLQESTLYTQDRLGLKAMDKAGQLVFLALEGDHLQLSEEWFYAHIIPFLE	1
19	MPLLTLYLLLFWLSGYSIVTQITGPTTVNGLERGSLTVQCVYRSGWETYLKWWCRGAIWRDCKILVKTSGSEQEVKRDRVSIKDNQKNRTFTVTMEDLMKTDADTYWCGIEKTGNDLGVTVQVTIDPAPVTQEETSSSPTLTGHHLDNRHKLLKLSVLLPLIFTILLLLLVAASLLAWRMMKYQQKAAGMSPEQVLQPLEGDLCYADLTLQLAGTSPQKATTKLSSAQVDQVEVEYVTMASLPKEDISYASLTLGAEDQEPTYCNMGHLSSHLPGRGPEEPTEYSTISRP	1
21	MRPAFALCLLWQALWPGPGGGEHPTADRAGCSASGACYSLHHATMKRQAAEEACILRGGALSTVRAGAELRAVLALLRAGPGPGGGSKDLLFWVALERRRSHCTLENEPLRGFSWLSSDPGGLESDTLQWVEEPQRSCTARRCAVLQATGGVEPAGWKEMRCHLRANGYLCKYQFEVLCPAPRPGAASNLSYRAPFQLHSAALDFSPPGTEVSALCRGQLPISVTCIADEIGARWDKLSGDVLCPCPGRYLRAGKCAELPNCLDDLGGFACECATGFELGKDGRSCVTSGEGQPTLGGTGVPTRRPPATATSPVPQRTWPIRVDEKLGETPLVPEQDNSVTSIPEIPRWGSQSTMSTLQMSLQAESKATITPSGSVISKFNSTTSSATPQAFDSSSAVVFIFVSTAVVVLVILTMTVLGLVKLCFHESPSSQPRKESMGPPGLESDPEPAALGSSSAHCTNNGVKVGDCDLRDRAEGALLAESPLGSSDA	1
31	MARALCPLQALWLLEWVLLLLGPCAAPPAWALNLDPVQLTFYAGPNGSQFGFSLDFHKDSHGRVAIVVGAPRTLGPSQEETGGVFLCPWRAEGGQCPSLLFDLRDETRNVGSQTLQTFKARQGLGASVVSWSDVIVACAPWQHWNVLEKTEEAEKTPVGSCFLAQPESGRRAEYSPCRGNTLSRIYVENDFSWDKRYCEAGFSSVVTQAGELVLGAPGGYYFLGLLAQAPVADIFSSYRPGILLWHVSSQSLSFDSSNPEYFDGYWGYSVAVGEFDGDLNTTEYVVGAPTWSWTLGAVEILDSYYQRLHRLRGEQMASYFGHSVAVTDVNGDGRHDLLVGAPLYMESRADRKLAEVGRVYLFLQPRGPHALGAPSLLLTGTQLYGRFGSAIAPLGDLDRDGYNDIAVAAPYGGPSGRGQVLVFLGQSEGLRSRPSQVLDSPFPTGSAFGFSLRGAVDIDDNGYPDLIVGAYGANQVAVYRAQPVVKASVQLLVQDSLNPAVKSCVLPQTKTPVSCFNIQMCVGATGHNIPQKLSLNAELQLDRQKPRQGRRVLLLGSQQAGTTLNLDLGGKHSPICHTTMAFLRDEADFRDKLSPIVLSLNVSLPPTEAGMAPAVVLHGDTHVQEQTRIVLDCGEDDVCVPQLQLTASVTGSPLLVGADNVLELQMDAANEGEGAYEAELAVHLPQGAHYMRALSNVEGFERLICNQKKENETRVVLCELGNPMKKNAQIGIAMLVSVGNLEEAGESVSFQLQIRSKNSQNPNSKIVLLDVPVRAEAQVELRGNSFPASLVVAAEEGEREQNSLDSWGPKVEHTYELHNNGPGTVNGLHLSIHLPGQSQPSDLLYILDIQPQGGLQCFPQPPVNPLKVDWGLPIPSPSPIHPAHHKRDRRQIFLPEPEQPSRLQDPVLVSCDSAPCTVVQCDLQEMARGQRAMVTVLAFLWLPSLYQRPLDQFVLQSHAWFNVSSLPYAVPPLSLPRGEAQVWTQLLRALEERAIPIWWVLVGVLGGLLLLTILVLAMWKVGFFKRNRPPLEEDDEEGE	1
22	MGTRYFLVGFLILLVLGFEVQGAHVPQQDEASSPALLTQVQESLLGYWDTAKAAAQKLYKKTYLPAVDEKIRDIYSKSTAAVTTYAGIITDQVFSVLSGKD	1
18	MKVAVVVALLCFVCYTAAETCSADGDCKNTICDASHDLECHRGQCTCVNHATACSSAADCSGSCTIFGRHGRWHCVDAKCRCFFV	1
30	MVLNNKTALWFMTLVLLLLSSREMVPGAEARLCRVRGTRGHCFNDHGCDKVCTREGFVRGKCNGILRRCICDRQC	1
37	MPAGRRGPAAQSARRPPPLLPLLLLLCVLGAPRAGSGAHTAVISPQDPTLLIGSSLLATCSVHGDPPGATAEGLYWTLNGRRLPPELSRVLNASTLALALANLNGSRQRSGDNLVCHARDGSILAGSCLYVGLPPEKPVNISCWSKNMKDLTCRWTPGAHGETFLHTNYSLKYKLRWYGQDNTCEEYHTVGPHSCHIPKDLALFTPYEIWVEATNRLGSARSDVLTLDILDVVTTDPPPDVHVSRVGGLEDQLSVRWVSPPALKDFLFQAKYQIRYRVEDSVDWKVVDDVSNQTSCRLAGLKPGTVYFVQVRCNPFGIYGSKKAGIWSEWSHPTAASTPRSERPGPGGGACEPRGGEPSSGPVRRELKQFLGWLKKHAYCSNLSFRLYDQWRAWMQKSHKTRNQDEGILPSGRRGTARGPAR	1
32	MSWKKALRIPGGLRAATVTLMLAMLSTPVAEGRDSPEDFVYQFKAMCYFTNGTERVRYVTRYIYNREEYARFDSDVEVYRAVTPLGPPDAEYWNSQKEVLERTRAELDTVCRHNYQLELRTTLQRRVEPTVTISPSRTEALNHHNLLVCSVTDFYPAQIKVRWFRNDQEETTGVVSTPLIRNGDWTFQILVMLEMTPQHGDVYTCHVEHPSLQNPITVEWRAQSESAQSKMLSGIGGFVLGLIFLGLGLIIHHRSQKGLLH	1
22	MLVLRNLLALVTLALLFTLSSAQYTLSVSNSASGSKCTTAVSAKLNACNTGCLNSFNIVESSNGKGLVFKTFINAACSGEYESLSQFTCAANQKIPTTSYIVSCNSTPSSNSTTDSDSSSGSTVMIGLASSLLFAFATLLALF	1
22	MDTSPLCFSILLVLCIFIQSSALGQSLKPEPFGRRAQAVETNKTLHEMKTRFLLFGETNQGCQIRINHPDTLQECGFNSSLPLVMIIHGWSVDGVLENWIWQMVAALKSQPAQPVNVGLVDWITLAHDHYTIAVRNTRLVGKEVAALLRWLEESVQLSRSHVHLIGYSLGAHVSGFAGSSIGGTHKIGRITGLDAAGPLFEGSAPSNRLSPDDANFVDAIHTFTREHMGLSVGIKQPIGHYDFYPNGGSFQPGCHFLELYRHIAQHGFNAITQTIKCSHERSVHLFIDSLLHAGTQSMAYPCGDMNSFSQGLCLSCKKGRCNTLGYHVRQEPRSKSKRLFLVTRAQSPFKVYHYQFKIQFINQTETPIQTTFTMSLLGTKEKMQKIPITLGKGIASNKTYSFLITLDVDIGELIMIKFKWENSAVWANVWDTVQTIIPWSTGPRHSGLVLKTIRVKAGETQQRMTFCSENTDDLLLRPTQEKIFVKCEIKSKTSKRKIR	1
34	MGDTWAQLPWPGPPHPAMLLISLLLAAGLMHSDAGTSCPVLCTCRNQVVDCSSQRLFSVPPDLPMDTRNLSLAHNRITAVPPGYLTCYMELQVLDLHNNSLMELPRGLFLHAKRLAHLDLSYNNFSHVPADMFQEAHGLVHIDLSHNPWLRRVHPQAFQGLMQLRDLDLSYGGLAFLSLEALEGLPGLVTLQIGGNPWVCGCTMEPLLKWLRNRIQRCTADSQLAECRGPPEVEGAPLFSLTEESFKACHLTLTLDDYLFIAFVGFVVSIASVATNFLLGITANCCHRWSKASEEEEI	1
17	MRSLLLGTLCLLAVALAAEVKKPLEAAAPGTAEKLSSKATTLAERSTGLAFSLYQAMAKDQAVENILLSPLVVASSLGLVSLGGKATTASQAKAVLSAEKLRDEEVHTGLGELLRSLSNSTARNVTWKLGSRLYGPSSVSFADDFVRSSKQHYNCEHSKINFRDKRSALQSINEWASQTTDGKLPEVTKDVERTDGALLVNAMFFKPHWDEKFHHKMVDNRGFMVTRSYTVGVTMMHRTGLYNYYDDEKEKLQMVEMPLAHKLSSLIILMPHHVEPLERLEKLLTKEQLKAWMGKMQKKAVAISLPKGVVEVTHDLQKHLAGLGLTEAIDKNKADLSRMSGKKDLYLASVFHATAFEWDTEGNPFDQDIYGREELRSPKLFYADHPFIFLVRDNQSGSLLFIGRLVRPKGDKMRDEL	1
27	MEKSTMSAILLVLHLFVLLLQYSEVHSLATTSNHDFSYLRFAYDATDLELEGSYDYVIVGGGTSGCPLAATLSEKYKVLVLERGSLPTAYPNVLTADGFVYNLQQEDDGKTPVERFVSEDGIDNVRGRVLGGTSMINAGVYARANTSIYSASGVDWDMDLVNKTYEWVEDTIVFKPNYQPWQSVTGTAFLEAGVDPNHGFSLDHEAGTRITGSTFDNKGTRHAADELLNKGNSNNLRVGVHASVEKIIFSNAPGLTATGVIYRDSNGTPHRAFVRSKGEVIVSAGTIGTPQLLLLSGVGPESYLSSLNIPVVLSHPYVGQFLHDNPRNFINILPPNPIEPTIVTVLGISNDFYQCSFSSLPFTTPPFSFFPSTSYPLPNSTFAHFASKVAGPLSYGSLTLKSSSNVRVSPNVKFNYYSNPTDLSHCVSGMKKIGELLSTDALKPYKVEDLPGIEGFNILGIPLPKDQTDDAAFETFCRESVASYWHYHGGCLVGKVLDGDFRVTGIDALRVVDGSTFPYTPASHPQGFYLMLGRYVGIKILQERSASDLKILDSLKSAASLVL	1
34	MARAALSAAPSNPRLLRVALLLLLLVAAGRRAAGASVATELRCQCLQTLQGIHPKNIQSVNVKSPGPHCAQTEVIATLKNGRKACLNPASPIVKKIIEKMLNSDKSN	1
25	MGPQAAAGRMILLVVLMLSAKVGSGALTSTEDPEPPSVPVPTNVLIKSYNLNPVVCWEYQNMSQTPIFTVQVKVYSGSWTDSCTNISDHCCNIYEQIMYPDVSAWARVKAKVGQKESDYARSKEFLMCLKGKVGPPGLEIRRKKEEQLSVLVFHPEVVVNGESQGTMFGDGSTCYTFDYTVYVEHNRSGEILHTKHTVEKEECNETLCELNISVSTLDSRYCISVDGISSFWQVRTEKSKDVCIPPFHDDRKDSIWILVVAPLTVFTVVILVFAYWYTKKNSFKRKSIMLPKSLLSVVKSATLETKPESKYSLVTPHQPAVLESETVICEEPLSTVTAPDSPEAAEQEELSKETKALEAGGSTSAMTPDSPPTPTQRRSFSLLSSNQSGPCSLTAYHSRNGSDSGLVGSGSSISDLESLPNNNSETKMAEHDPPPVRKAPMASGYDKPHMLVDVLVDVGGKESLMGYRLTGEAQELS	1
20	MKGMILFISCLLLIGIVVECKEGYLMDHEGCKLSCFIRPSGYCGRECGIKKGSSGYCAWPACYCYGLPNWVKVWDRATNKCGKK	1
27	MMQKLLKCSRLVLALALILVLESSVQGYPTRRARYQWVRCNPDSNSANCLEEKGPMFELLPGESNKIPRLRTDLFPKTRIQDLNRIFPLSEDYSGSGFGSGSGSGSGSGSGFLTEMEQDYQLVDESDAFHDNLRSLDRNLPSDSQDLGQHGLEEDFML	1
19	MKHLIPLIVMASVVLAVYADRGYGGGRRGGGYGGGGYGGGGYGGGGGGYGGGVGGGRGGGGGLGGGRGGGGGVIDGKDDVGLGGGGYGGGLGGGQGGGGGLGGGQGGGGGLGGGRGGGGYGGGGGGYGGGKYGGGKYGGK	1
28	MPGGLEALRALPLLLFLSYACLGPGCQALRVEGGPPSLTVNLGEEARLTCENNGRNPNITWWFSLQSNITWPPVPLGPGQGTTGQLFFPEVNKNHRGLYWCQVIENNILKRSCGTYLRVRNPVPRPFLDMGEGTKNRIITAEGIILLFCAVVPGTLLLFRKRWQNEKFGVDMPDDYEDENLYEGLNLDDCSMYEDISRGLQGTYQDVGNLHIGDAQLEKP	1
21	MTKFTILLISLLFCIAHTCSASKWQHQQDSCRKQLQGVNLTPCEKHIMEKIQGRGDDDDDDDDDNHILRTMRGRINYIRRNEGKDEDEEEEGHMQKCCTEMSELRSPKCQCKALQKIMENQSEELEEKQKKKMEKELINLATMCRFGPMIQCDLSSDD	1
27	MEGAALLRVSVLCIWMSALFLGVGVRAEEAGARVQQNVPSGTDTGDPQSKPLGDWAAGTMDPESSIFIEDAIKYFKEKVSTQNLLLLLTDNEAWNGFVAAAELPRNEADELRKALDNLARQMIMKDKNWHDKGQQYRNWFLKEFPRLKSELEDNIRRLRALADGVQKVHKGTTIANVVSGSLSISSGILTLVGMGLAPFTEGGSLVLLEPGMELGITAALTGITSSTMDYGKKWWTQAQAHDLVIKSLDKLKEVREFLGENISNFLSLAGNTYQLTRGIGKDIRALRRARANLQSVPHASASRPRVTEPISAESGEQVERVNEPSILEMSRGVKLTDVAPVSFFLVLDVVYLVYESKHLHEGAKSETAEELKKVAQELEEKLNILNNNYKILQADQEL	1
26	MIPQLNRNYAWAIALGLVARSSLVSAGPCDIYASGGTPCVAAHGTTRALHDSYTGPLYQVKRGSDGATTDIAPRHAGGVANATHQDTFCAGTTCLITIIYDQSGHGNHLSQAPPGHFIGPDSQGYDNLASAIGAPVTLNGQKAYGVFISPGTGYRNNAAKNTATGDEAEGLYAVLDGTHYNNGCCFDYGNAEVSGDDTGNGHMEAIYFGDLTAYGTGSGSGPWIMADLENGLFSGFNAKNNAEDPSLSYRFISAAVKGGPNKWAIRGGNAASGPLSTFYNGSRPNARGYNPMSKEGAIILGIGGHNSKLTVGSSISLRATTLCCTTRYVAHNGSTVNTQVVSSSSSAALKQQASWRVRTGLANSECFSFESVDTPNSFLMHNNFVLLLKSNDGTKALHEAATFCPQLGLNGKGNSIRSWSYPTRYFRHYDNVLYAASNGGVHKFDNPASFNDDVSWVVSASFA	1
20	MSIFPIVLALLLIGLEETEALDGYPLSKINNCKIYCPDDDVCKWTCKHRAGATNGKGDCIWYGCYCYDVAPGTKMYPGSSPCYA	1
15	MKLLILALCFAAASALTADQISTVQSSFAGVKGDAVGILYAVFKADPSIQAKFTQFAGKDLDSIKGSADFSAHANKIVGFFSKIIGDLPNIDGDVTTFVASHTPRGVTHDQLNNFRAGFVSYMKAHTDFAGAEAAWGATLDAFFGMVFAKM	1
21	MEKYLLLLLLGIFLRVGFLQALTCVSCGRLNSSGICETAETSCEATNNRKCALRLLYKDGKFQYGFQGCLGTCFNYTKTNNNMVKEHKCCDHQNLCNKP	1
17	MLLALGLTLVLYASLQAEENSFTINSIHMESLPSWEVMNGQQLTLECLVDISTTSKSRSQHRVLFYKDDAMVYNVTSREHTESYVIPQARVFHSGKYKCTVMLNNKEKTTIEYEVKVHGVSKPKVTLDKKEVTEGGVVTVNCSLQEEKPPIFFKIEKLEVGTKFVKRRIDKTSNENFVLMEFPIEAQDHVLVFRCQAGILSGFKLQESEPIRSEYVTVQESFSTPKFEIKPPGMIIEGDQLHIRCIVQVTHLVQEFTEIIIQKDKAIVATSKQSSEAVYSVMAMVEYSGHYTCKVESNRISKASSIMVNITELFPKPKLEFSSSRLDQGELLDLSCSVSGTPVANFTIQKEETVLSQYQNFSKIAEESDSGEYSCTAGIGKVVKRSGLVPIQVCEMLSKPSIFHDAKSEIIKGHAIGISCQSENGTAPITYHLMKAKSDFQTLEVTSNDPATFTDKPTRDMEYQCRADNCHSHPAVFSEILRVRVIAPVDEVVISILSSNEVQSGSEMVLRCSVKEGTSPITFQFYKEKEDRPFHQAVVNDTQAFWHNKQASKKQEGQYYCTASNRASSMRTSPRSSTLAVRVFLAPWKKGLIAVVVIGVVIATLIVAAKCYFLRKAKAKQKPVEMSRPAAPLLNSNSEKISEPSVEANSHYGYDDVSGNDAVKPINQNKDPQNMDVEYTEVEVSSLEPHQALGTRATETVYSEIRKVDPNLMENRYSRTEGSLNGT	1
18	MKTSVVILAMSYITSIFANNSYDFCDGEFAISEKDDKCGFSFNPCTLYKQIQKEYSNCVILRFYLKAISNMLESICDNNKRCLPFSIDSLYRPLYNREQFKHKHHHTLYALFRNCLYLVNPIYFKEYQDALACNQLDVCYFLIRRTVCPKYGVTKYIECLKKRCEDRFDEKELAIFICDSETFVNIKLEIDACRKICPADCTLDICKIYSLDFWERRDLLKAIFDYHYCHVLSSDNTRDEIIKKIEEIYLNGTERDIKFTSFIIYQLFTDLVACKSSDKNIKRILDLICLYEKKDKCPSGVMVMIEFFVKVCSYQC	1
24	MTPSPLLLLLLPPLLLGAFPPAAAARGPPKMADKVVPRQVARLGRTVRLQCPVEGDPPPLTMWTKDGRTIHSGWSRFRVLPQGLKVKQVEREDAGVYVCKATNGFGSLSVNYTLVVLDDISPGKESLGPDSSSGGQEDPASQQWARPRFTQPSKMRRRVIARPVGSSVRLKCVASGHPRPDITWMKDDQALTRPEAAEPRKKKWTLSLKNLRPEDSGKYTCRVSNRAGAINATYKVDVIQRTRSKPVLTGTHPVNTTVDFGGTTSFQCKVRSDVKPVIQWLKRVEYGAEGRHNSTIDVGGQKFVVLPTGDVWSRPDGSYLNKLLITRARQDDAGMYICLGANTMGYSFRSAFLTVLPDPKPPGPPVASSSSATSLPWPVVIGIPAGAVFILGTLLLWLCQAQKKPCTPAPAPPLPGHRPPGTARDRSGDKDLPSLAALSAGPGVGLCEEHGSPAAPQHLLGPGPVAGPKLYPKLYTDIHTHTHTHSHTHSHVEGKVHQHIHYQC	1
32	MLQFSLSPTLSMGFHVIAMVALLFSHVDHISAETEMEGEGNETGECTGSYYCKKGVILPIWEPQDPSFGDKIARATVYFVAMVYMFLGVSIIADRFMSSIEVITSQEKEITIKKPNGETTKTTVRIWNETVSNLTLMALGSSAPEILLSVIEVCGHNFTAGDLGPSTIVGSAAFNMFIIIALCVYVVPDGETRKIKHLRVFFVTAAWSIFAYTWLYIILSVSSPGVVEVWEGLLTFFFFPICVVFAWVADRRLLFYKYVYKRYRAGKQRGMIIEHEGDRPSSKTEIEMDGKVVNSHVDSFLDGALVLEVDERDQDDEEARREMARILKELKQKHPEKEIEQLIELANYQVLSQQQKSRAFYRIQATRLMTGAGNILKRHAADQARKAVSMHEVNTEVAENDPVSKIFFEQGTYQCLENCGTVALTIIRRGGDLTNTVFVDFRTEDGTANAGSDYEFTEGTVVFKPGETQKEIRVGIIDDDIFEEDENFLVHLSNVKVSLEASEDGILEASHVSTLACLGSPSTATVTIFDDDHAGIFTFEEPVTHVSESIGIMEVKVLRTSGARGNVIVPYKTIEGTARGGGEDFEDTCGELEFQNDEIVKTISVKVIDDEEYEKNKTFFLEIGEPRLVEMSEKKALLLNELGGFTITGKYLYGQPVFRKVHAREHPLPSTIITIADEYDDKQPLTSKEEEERRIAEMGRPILGEHTRLEVIIEESYEFKSTVDKLIKKTNLALVVGTNSWREQFIEAITVSAGEDDDDDECGEEKLPSCFDYVMHFLTVFWKVLFAFVPPTEYWNGWACFIVSILMIGLLTAFIGDLASHFACTIALKDSVTAVVFVALGTSVPDTFASKVAATQDQYADASIGNVTGSNAVNVFLGIGVAWSIAAIYHAANGEQFKVSPGTLAFSVTLFTIFAFINVGVLLYRRRPEIGGELGGPRTAKLLTSCLFVLLWLLYIFFSSLEAYCHIKGF	1
20	MATCLFLLGLFLLLPRPVPAPCYTATRSECKQKHKFVPGVWMAGEGMDVTTLRRSGSFPVNTQRFLRPDRTCTLCKNSLMRDATQRLPVAITHWRPHSSHCQRNVAAAKVHSTEGVAREAAANINNDWRVGLDVNPRPEANMRASVAGSHSKVANFAAEKTYQDQYNFNSDTVECRMYSFRLVQKPPLHLDFKKALRALPRNFNSSTEHAYHRLISSYGTHFITAVDLGGRISVLTALRTCQLTLNGLTADEVGDCLNVEAQVSIGAQASVSSEYKACEEKKKQHKMATSFHQTYRERHVEVLGGPLDSTHDLLFGNQATPEQFSTWTASLPSNPGLVDYSLEPLHTLLEEQNPKREALRQAISHYIMSRARWQNCSRPCRSGQHKSSHDSCQCECQDSKVTNQDCCPRQRGLAHLVVSNFRAEHLWGDYTTATDAYLKVFFGGQEFRTGVVWNNNNPRWTDKMDFENVLLSTGGPLRVQVWDADYGWDDDLLGSCDRSPHSGFHEVTCELNHGRVKFSYHAKCLPHLTGGTCLEYAPQGLLGDPPGNRSGAVW	1
25	MSSPLRMDVTFLLAAIAVTWVCGLKIGFPGFSTPPRSFIQHPKRTLCPEDCDIASPFKCEESPTCLRLFQVCNGRWDCEHGSDEDNALCAAVLRPLECMIWEFLEGQRDWILPNLFNDANTDLVAHALHEAYSMGDLQSYLNLTDQNIENIRNSTRGAIVGDPRPLMALGMPDRAWPEVMYLLKELYNLGLDVWAE	1
22	MNWLFLVSLVFFCGVSTHPALAMSSNRLLKLANKSPKKIIPLKDSSFENILAPPHENAYIVALFTATAPEIGCSLCLELESEYDTIVASWFDDHPDAKSSNSDTSIFFTKVNLEDPSKTIPKAFQFFQLNNVPRLFIFKPNSPSILDHSVISISTDTGSERMKQIIQAIKQFSQVNDFSLHLPMDWTPIITSTIITFITVLLFKKQSKLMFSIISSRIIWATLSTFFIICMISAYMFNQIRNTQLAGVGPKGEVMYFLPNEFQHQFAIETQVMVLIYGTLAALVVVLVKGIQFLRSHLYPETKKAYFIDAILASFCALFIYVFFAALTTVFTIKSPAYPFPLLRLSAPFK	1
19	MHFLVALVLLGQIIGSTLSSQVRGDLECNDREAKEWADQAVRYINEHKLHEYKQALNVIKNIVVVPWNGDLVAVFLKLNLLETECHVLDPTPVEKCTIRPQQNHAVEMDCDAKIMFDVETFKQDVFVKCHSTPDSVEDVRRNCLKCPILLSPSDPHVVDSVEYVLNKHNEQLSGHVYEVLEISRGQHKYEPEAFYVEFAIVEVNCTAQEAHDDHHHCHPNTAGEDHIAFCKATVFRSHASLEKPKHENFESDCVILDVKEGHAHSHLIEHHIGKYSTSPGQNSTVECVAECPVAFVNKEVPTDISDRHTTPVKGCPGKILHFQL	1
24	MAAPGARRPLLLLLLAGLAHGASALFEVKNNGTTCIMASFSASFLTTYETANGSQIVNISLPASAEVLKNGSSCGKENVSDPSLTITFGRGYLLTLNFTKNTTRYSVQHMYFTYNLSDTEHFPNAISKEIYTMDSTTDIKADINKAYRCVSDIRVYMKNVTVVLRDATIQAYLSSGNFSKEETHCTQDGPSPTTGPPSPSPPLVPTNPTVSKYNVTGNNGTCLLASMALQLNITYLKKDNKTVTRAFNISPNDTSSGSCGINLVTLKVENKNRALELQFGMNASSSLFFLQGVRLNMTLPDALVPTFSISNHSLKALQATVGNSYKCNTEEHIFVSKMLSLNVFSVQVQAFKVDSDRFGSVEECVQDGNNMLIPIAVGGALAGLVLIVLIAYLIGRKRSHAGYQTI	1
19	MKTLFVFAVGIMLSMRASAFTCPECRPELCGDPGYCEYGTTKDACDCCPVCFQGPGGYCGGPEDVFGICADGFACVPLVGERDSQDPEIVGTCVKIP	1
21	MVGSYVLWLALASCILTLASPEQQGNRNLINTRSYDPCQNYTLLDEPSRSTENTEGSQVCDKDKHGWYRFVGDGGVRMPETCVPMYRCQTDAPLWLNGTHPTLAEGIVNRTACAHWSGNCCLWKTVVQVKACPGEFHVYRLEGTPKCSLRYCTDASTATDKCKNLCRPEEACSFLNGTWDCFCRSDLNSSDVHSLQPRLNCGAKEIQVSLDKCQLGGLGFGDEVIAYLRDWNCSNMMQREERNWISVTSPTQARACGNILERNGTHAIYKNTLSLANEFIIRDTILNINFQCAYPLDMKVSLQTALHPIVSSLNISVDGEGEFTVRMALFQDQSYISPYEGAAAVLAVESMLYVGAILEKGDTSRFNLLLRNCYATPTKDKTDPVKYFIIRNSCPNQYDSTIHVEENGVSSESRFSVQMFMFAGNYDLVFLHCEIHLCDSLNEQCQPCCSRSQQRSEIVALNPARVLDLGPITRRSSASVDITDGTPSTAGFLLAWPMLLLPILLAELF	1
21	MLPCLVVLLAALLSLRLGSDAHGTELPSPPSVWFEAEFFHHILHWTPIPNQSESTCYEVALLRYGIESWNSISNCSQTLSYDLTAVTLDLYHSNGYRARVRAVDGSRHSNWTVTNTRFSVDEVTLTVGSVNLEIHNGFILGKIQLPRPKMAPANDTYESIFSHFREYEIAIRKVPGNFTFTHKKVKHENFSLLTSGEVGEFCVQVKPSVASRSNKGMWSKEECISLTRQYFTVTNVIIFFAFVLLLSGALAYCLALQLYVRRRKKLPSVLLFKKPSPFIFISQRPSPETQDTIHPLDEEAFLKVSPELKNLDLHGSTDSGFGSTKPSLQTEEPQFLLPDPHPQADRTLGNREPPVLGDSCSSGSSNSTDSGICLQEPSLSPSTGPTWEQQVGSNSRGQDDSGIDLVQNSEGRAGDTQGGSALGHHSPPEPEVPGEEDPAAVAFQGYLRQTRCAEEKATKTGCLEEESPLTDGLGPKFGRCLVDEAGLHPPALAKGYLKQDPLEMTLASSGAPTGQWNQPTEEWSLLALSSCSDLGISDWSFAHDLAPLGCVAAPGGLLGSFNSDLVTLPLISSLQSSE	1
19	MNIFYVIVLLSFFLSKSSGFFPVIEVRIMNRRGNGRSIGIHCRSKDNDLQNQTVTSGHDMSFSFREDFFHTTHFYCDLQWDKETKFGFYSYQAKRDDDGRCSSQCLWKIMDDGLYGFDQEHQIWQIYHLIKKERKEGRT	1
25	MMMMTKMFVQIAVVCLLATMAVVSAHEGHHHHAPAPAPGPASSSTVVSATNMFTVLAIAAVALVVGSNH	1
24	MNFGKAAIFGVVLFCLLWTEGAQAGLTFLSPADMQKIAERQSQNKLRHGNMNRRGVEDDLAGEEIGVTFPLDMKMTQEQFQKQRAAVQDFLYSSLLSLGSVQDTEDKNENPQSQ	1
23	MTPGKTSLVSLLLLLSLEAIVKAGITIPRNPGCPNSEDKNFPRTVMVNLNIHNRNTNTNPKRSSDYYNRSTSPWNLHRNEDPERYPSVIWEAKCRHLGCINADGNVDYHMNSVPIQQEILVLRREPPHCPNSFRLEKILVSVGCTCVTPIVHHVA	1
27	MAVTDSLSRAATVLATVLLLSFGSVAASHIEDQAEQFFRSGHTNNWAVLVCTSRFWFNYRHVANTLSVYRSVKRLGIPDSHIVLMLADDMACNPRNPKPATVFSHKNMELNVYGDDVEVDYRSYEVTVENFLRVLTGRIPPSTPRSKRLLSDDRSNILIYMTGHGGNGFLKFQDSEEITNIELADAFEQMWQKRRYNELLFIIDTCQGASMYERFYSPNIMALASSQVGEDSLSHQPDPAIGVHLMDRYTFYVLEFLEEINPASQTNMNDLFQVCPKSLCVSTPGHRTDLFQRDPKNVLITDFFGSVRKVEITTETIKLQQDSEIMESSYKEDQMDEKLMEPLKYAEQLPVAQIIHQKPKLKDWHPPGGFILGLWALIIMVFFKTYGIKHMKFIF	1
31	MAYSTVQRVALASGLVLAVSLLLPKAFLSRGKRPEPPPGPEGKLDRFPPMMHHHSAPSDGQTPGARFQRSHLAEAFAKAKGAGGGAGGGGSGRGLMGQIIPIYGFGIFLYILYILFKLSKGKTAEDRNCSTAPPGNAHRKITNFELVQLQEKLKETEEAMEKLINRVGPNGESRAQAVTSDQEKRLLHQLREITRVMKEGKFIDTSPEKEAEEAPYMEDWEGYPEETYPIYDLSDGIKRRQETILVDYPDLKEPSAEEIAEQMGEIEEEGSERLSWDHLPTDPGAQKDNSVAPCDPKPESCSCCVHEEEDPAVLAENAGFSADGYSEQEEATKENLPQDFTNEGLGVSTDNAHVGGMLRKRNPQGFE	1
24	MTSIFHFAIIFMLILQIRIQLSEESEFLVDRSKNGLIHVPKDLSQKTTILNISQNYISELWTSDILSLSKLRILIISHNRIQYLDISVFKFNQELEYLDLSHNKLVKISCHPTVNLKHLDLSFNAFDALPICKEFGNMSQLKFLGLSTTHLEKSSVLPIAHLNISKVLLVLGETYGEKEDPEGLQDFNTESLHIVFPTNKEFHFILDVSVKTVANLELSNIKCVLEDNKCSYFLSILAKLQTNPKLSNLTLNNIETTWNSFIRILQLVWHTTVWYFSISNVKLQGQLDFRDFDYSGTSLKALSIHQVVSDVFGFPQSYIYEIFSNMNIKNFTVSGTRMVHMLCPSKISPFLHLDFSNNLLTDTVFENCGHLTELETLILQMNQLKELSKIAEMTTQMKSLQQLDISQNSVSYDEKKGDCSWTKSLLSLNMSSNILTDTIFRCLPPRIKVLDLHSNKIKSIPKQVVKLEALQELNVAFNSLTDLPGCGSFSSLSVLIIDHNSVSHPSADFFQSCQKMRSIKAGDNPFQCTCELGEFVKNIDQVSSEVLEGWPDSYKCDYPESYRGTLLKDFHMSELSCNITLLIVTIVATMLVLAVTVTSLCSYLDLPWYLRMVCQWTQTRRRARNIPLEELQRNLQFHAFISYSGHDSFWVKNELLPNLEKEGMQICLHERNFVPGKSIVENIITCIEKSYKSIFVLSPNFVQSEWCHYELYFAHHNLFHEGSNSLILILLEPIPQYSIPSSYHKLKSLMARRTYLEWPKEKSKRGLFWANLRAAINIKLTEQAKK	1
21	MLGQVVTLILLLLLKVYQGKGCQGSADHVVSISGVPLQLQPNSIQTKVDSIAWKKLLPSQNGFHHILKWENGSLPSNTSNDRFSFIVKNLSLLIKAAQQQDSGLYCLEVTSISGKVQTATFQVFVFESLLPDKVEKPRLQGQGKILDRGRCQVALSCLVSRDGNVSYAWYRGSKLIQTAGNLTYLDEEVDINGTHTYTCNVSNPVSWESHTLNLTQDCQNAHQEFRFWPFLVIIVILSALFLGTLACFCVWRRKRKEKQSETSPKEFLTIYEDVKDLKTRRNHEQEQTFPGGGSTIYSMIQSQSSAPTSQEPAYTLYSLIQPSRKSGSRKRNHSPSFNSTIYEVIGKSQPKAQNPARLSRKELENFDVYS	1
15	MKLLILACFVALALARAKEELNASGETVESLSSSEESITHISKEKIEKLKREEQQQTENERQNKIHQFPQPQPLAHPYTEPIPYPILPQNILPLAQVPVVVPLLHPEVMKDSKAKETIVPKRKGMPFPKSPAEPFVEGQSLTLTDFEVLSLPLLQSLMHQIPQPVPQTPMFAPQPLLSLPQAKVLPVPQQVVPFPQRDMPFQALLLYQDPLLGPLQGFYPVPQPVAPVYNPV	1
16	MAPIIVPCLLLVVLVLQCSVINSLDYCSLCRGGRGEHVGCGSPGFSSDCGQKARTRKFTKEHKKVILDKINDVRDHVAKGSWGLPVASRMKVIVWDEELAALAKRHTQGCVPEAYKCRHTLRFWSPGQLNFEFYADKMPSTMSLISTAIKRGHTQKHNITRDIIEKYQPAGPKGNVKELALAISDRVTAVGCGLTTWKLGGKARALLTCNFSSENDYNRPVYKTGNSPGEKCIKKDETFKNLCSAQEPINPNEHNF	1
24	MVQYRALVIAVILLLSTTVPEVHSKSIIDRERRDWLVIPDAAAAYIYEAVNKVSPRAGQFLLDVSQTTVVSGIRNFLINETARLTKLAEQLMEKIKNLCYTKVLGY	1
19	MKFFVFALILALMLSMTGADSHAKRHHGYKRKFHEKHHSHRGYRSNYLYDN	1
19	MKISVAAIPFFLLITIALGTKTESSSRGPYHPSECCFTYTTYKIPRQRIMDYYETNSQCSKPGIVFITKRGHSVCTNPSDKWVQDYIKDMKEN	1
45	MPPRAPPAPGPRPPPRAAGRHGLSPLAPRPWRWLLLLALPAVCSALPPPRPVYTNHWAVQVLGGPGAADRVAAAHGYLNLGQIGNLDDYYHFYHSKTFKRSTLSSRGPHTFLRMDPQVKWLQQQEVKRRVKRQARSDSLYFNDPIWSNMWYMHCADKNSRCRSEMNVQAAWKRGYTGKNVVVTILDDGIERNHPDLAPNYDSYASYDVNGNDYDPSPRYDASNENKHGTRCAGEVAASANNSYCIVGIAYNAKIGGIRMLDGDVTDVVEAKSLGIRPNYIDIYSASWGPDDDGKTVDGPGRLAKQAFEYGIKKGRQGLGSIFVWASGNGGREGDHCSCDGYTNSIYTISVSSTTENGHKPWYLEECASTLATTYSSGAFYERKIVTTDLRQRCTDGHTGTSVSAPMVAGIIALALEANNQLTWRDVQHLLVKTSRPAHLKASDWKVNGAGHKVSHLYGFGLVDAEALVLEARKWTAVPSQHMCVATADKRPRSIPVVQVLRTTALTNACADHSDQRVVYLEHVVVRISISHPRRGDLQIHLISPSGTKSQLLAKRLLDFSNEGFTNWEFMTVHCWGEKAEGEWTLEVQDIPSQVRNPEKQGKLKEWSLILYGTAEHPYRTFSSHQSRSRMLELSVPEQEPLKAEGPPPQAETPEEEEEYTGVCHPECGDKGCDGPSADQCLNCVHFSLGNSKTNRKCVSECPLGYFGDTAARRCRRCHKGCETCTGRSPTQCLSCRRGFYHHQETNTCVTLCPAGLYADESQRLCLRCHPSCQKCVDEPEKSTVCKEGFSLARGSCIPDCEPGTYFDSELIRCGECHHTCRTCVGPSREECIHCAKSFHFQDWKCVPACGEGFYPEEMPGLPHKVCRRCDENCLSCEGSSRNCSRCKAGFTQLGTSCITNHTCSNADETFCEMVKSNRLCERKLFIQFCCRTCLLAG	1
34	MGHTRRQGTSPSKCPYLNFFQLLVLAGLSHFCSGVIHVTKEVKEVATLSCGHNVSVEELAQTRIYWQKEKKMVLTMMSGDMNIWPEYKNRTIFDITNNLSIVILALRPSDEGTYECVVLKYEKDAFKREHLAEVTLSVKADFPTPSISDFEIPTSNIRRIICSTSGGFPEPHLSWLENGEELNAINTTVSQDPETELYAVSSKLDFNMTTNHSFMCLIKYGHLRVNQTFNWNTTKQEHFPDNLLPSWAITLISVNGIFVICCLTYCFAPRCRERRRNERLRRESVRPV	1
24	LPVAFLKFAIVLILFIAMSAMIEAQCIGNGGRCNENVGPPYCCSGFCLRQPGQGYGYCKNR	1
22	MRAPGCGRLVLPLLLLAAAALAEGDAKGLKEGETPGNFMEDEQWLSSISQYSGKIKHWNRFRDEVEDDYIKSWEDNQQGDEALDTTKDPCQKVKCSRHKVCIAQGYQRAMCISRKKLEHRIKQPTVKLHGNKDSICKPCHMAQLASVCGSDGHTYSSVCKLEQQACLSSKQLAVRCEGPCPCPTEQAATSTADGKPETCTGQDLADLGDRLRDWFQLLHENSKQNGSASSVAGPASGLDKSLGASCKDSIGWMFSKLDTSADLFLDQTELAAINLDKYEVCIRPFFNSCDTYKDGRVSTAEWCFCFWREKPPCLAELERIQIQEAAKKKPGIFIPSCDEDGYYRKMQCDQSSGDCWCVDQLGLELTGTRTHGSPDCDDIVGFSGDFGSGVGWEDEEEKETEEAGEEAEEEEGEAGEADDGGYIW	1
21	MAKHLIVMFLVIMVISSLVDCAKKPFVQRVKNAASKAYNKLKGLAMQSQYGCPIISNMCEDHCRRKKMEGQCDLLDCVCS	1
17	MSLVLLSLAALCRSAVPREPTVQCGSETGPSPEWMLQHDLIPGDLRDLRVEPVTTSVATGDYSILMNVSWVLRADASIRLLKATKICVTGKSNFQSYSCVRCNYTEAFQTQTRPSGGKWTFSYIGFPVELNTVYFIGAHNIPNANMNEDGPSMSVNFTSPGCLDHIMKYKKKCVKAGSLWDPNITACKKNEETVEVNFTTTPLGNRYMALIQHSTIIGFSQVFEPHQKKQTRASVVIPVTGDSEGATVQLTPYFPTCGSDCIRHKGTVVLCPQTGVPFPLDNNKSKPGGWLPLLLLSLLVATWVLVAGIYLMWRHERIKKTSFSTTTLLPPIKVLVVYPSEICFHHTICYFTEFLQNHCRSEVILEKWQKKKIAEMGPVQWLATQKKAADKVVFLLSNDVNSVCDGTCGKSEGSPSENSQDLFPLAFNLFCSDLRSQIHLHKYVVVYFREIDTKDDYNALSVCPKYHLMKDATAFCAELLHVKQQVSAGKRSQACHDGCCSL	1
23	MKAFYGMLVIFILCSTCYISVDSQIDTNVKCSGSSKCVKICIDRYNTRGAKCINGRCTCYP	1
23	MNSVTKISTLLIVILSFLCFVEGLICNSCEKSRDSRCTMSQSRCVAKPGESCSTVSHFVGTKHVYSKQMCSPQCKEKQLNTGKKLIYIMCCEKNLCNSF	1
20	MAIKLAILFTTFVLFSLADARIPGIYSGGAWQNAHATFYGGSDASGTMGGACGYGNLYSQGYGTNTAALSTALFNNGMSCGACFELKCANDPQWCHSGSPSILITATNFCPPNLAQPSDNGGWCNPPREHFDLAMPVFLKIAQYRAGIVPVSYRRVPCRKRGGIRFTINGHRYFNLVLITNVAGAGDIVRASVKGSRTGWMSLSRNWGQNWQSNAVLVGQALSFRVTGSDRRTSTSWNMVPSNWQFGQTFVGKNFRV	1
22	MALGVPISVYLLFNAMTALTEEAAVTVTPPITAQQGNWTVNKTEADNIEGPIALKFSHLCLEDHNSYCINGACAFHHELEKAICRCFTGYTGERCEHLTLTSYAVDSYEKYIAIGIGVGLLLSGFLVIFYCYIRKRCLKLKSPYNVCSGERRPL	1
32	MLFSKVIAPAFILLGAASAAPGGLAPENASKRDQPSVGDAFDKYNEAVRVFTQLSSAANCDWAACLSSLSASSAACIAAVGELGLDVPLDLACAATATSSATEACKGCLW	1
24	MKLGSAIPWALLFSTATLISTGWGLDYHACGGRLTDDYGTIFTYKGPKTECVWTLQVDPKYKLLVSIPTLNLTCGKEYVEILEGAPGSKSLGKFCEGLSILNRGSSGMTVKYKRDSGHPASPYEIIFLRDSQG	1
23	MALSLFTVGQLIFLFWTMRITEARPDPAAKAAPAAAAVPAAAAPDTASDAAAAAALTAANAAAAAKLTADNAAAAAAATARG	1
19	MEQICLIILLISKALSVGAQFNGYNCDANFHSRFPAERDISVYCGVQTITLKINFCPVLFSGYTDTDLALNGRHGDAHCRGFINNNTFPTVVLFSISLATLETCGNALVVSTAQGPNAYGNLSLVQIGNISGYIDTPDPPTIISYLPGLLYKFSCSYPLEYLVNNTQLASSAAAISVKDSNGTFVSTLSLLLYNDSSYVQQLSIPMAGLTLKTRVFAAVKATNLDRRWNVLMDYCYTTASGNPNDELRYDLFFSCDKDPQTTVFENGKSQMGRFAFEVFRFVKHKNQKMSTVFLHCVTKLCRADDCPMLMPICGSRKKRDVSERTESNSASGNAIITAGPIITRSDDTPMNNSQLAQLNSPVFRMNTVTSALISGIIILGVMSLCFFILSLTLLKGKRAPPTILSGARNPAFN	1
23	MASMQHFSLAALLLAASICLGDADRTECQLPLDKGTPCTQEGGVKPSVAWWHDDKSGICLSFKYTGCGGNANRFTTIKNCEQHCKMPDRGACALGKKPAEDSNGEQLVCAGMREDKCPNGYQCKMMAFMGLCCPTKEEELFAREYEGVCKSGKPVKMDRGSGWMMTILGKSCDDQFCPEDAKCERGKLFANCCK	1
24	MNTRSLLSAWAALLVVTVRHRAHAMASLYPFWPNDTKTPKVDDGSSSEIKLSVPFIFFRSPYRTVYVNNNGVISFNSLVSQFTPEAFPLADGRAFVAPFCGDVANGIRGEIYYRESTNPELLGESSKDIRKYFKDMASFSASWVFIVTWEEVQFYGGSSTTPVNTFQAVLITDGVSSFAIFNYQEISWTTGTASGGDPLTGLGGVMAQAGFNGGNISNFFSIPGSRTPDIVNIEQTTNVNIPGRWAFKIDGREIDPANLSLRGQFLHQGEIFWENSNCSTKCRCLDFNNEIFCQEMLAPFETVEPKIKFFQCVPVETACVVFGDPHYHTFDGFLFHFQGSCSYLLARQCWPGSQLPYFNVEAKNERGGSSVSWAEDIFVEVYRHKIVLPKGGFGKAKVDDLVVSLGAIKVYQSGLSTALETDFGLLVTYDGQHYASVSVPGTYINGTCGLCGNYNKDPEDDALRSDGRLASSVPELGESWRVPHPERKCSPGCVENCSVCDASRILYSPICGFSQECGAWSVLVATAFVHSCVYDLCSARRTHRLCQAIQVTLRCCQGLGIRWENGVPDGMRGGLAVPGHSHYSGCASGCPATCSDLTAPLRCTAPCPEGCECDDGHVLSARPLHSLCRSGCVVDGRSRCREVFWATADCTAECQCEDGGEAKCFNTSCPEGEVCTIEDGYRGCYPKREGLCSVGQNQVLRTFDGVTFPYPLEHSYTLLKTCMEKPDFIEVDISQKKPDTLPMAGRVVRIQVVGQEVKVGGASLSEVKVNGYDVDLPYFHPSGHLEIYRTDNGTVTESEGLLSIGYYDSGLLEIRLSTAYFNCTGGLCGFFNGNDSDEFCTPKAKCTDNLELFLESWTTFDEICNGECGDLLKACNNDSELLKTYRSRSNCAIINDPTNSSFLECHNVSIVSAYYRTCLFRLCQSGGNQSELCSAVARYASACKNSEVDVGQWRSHSFCPLACPENSHFEECMSCVETCETLATGCCMDTCTEGCQCDEGFALRSPCVPRGECGCNFEGHELATNQTFWMDISCHLLCYCNGSDNSVYCENVLQDDEYYCHVRTDASCIVSGYGHYLTFDGFSFDFQSSCALVLCTTIHGACERSDTFPTFTVTVTAKNEDRDTSLACVVKQVEVEVFNYYIVIHRAYKYTVMINNERLYLPLKLGQGKVNIFAFGFHIVVETDFGLKVVYDWKTFLSVTIPRSFQNLTYGLCGRYNGNPDDDLVAAGGTPRFGVTDFVQSWAKRDTFCRVGSGDRCPACGKVEGFWKPQQLCSLIPSQSGVFAKCHSKINPSYFYKNCLFDTVVDGGAMARRVADWLQNYASTCQTQGIAIIGWRNFTSCSVSCPPNSHYESCVSLCQPRCAAIRLKSDCGHYCVEGCQCDPGYVLNGKSCILPQNCGCYSDGKYYEPKQLFWNGDCTRRCARFRRNLIQCDPRHCKSDEECASRNGVRGCFSTRSSFCLAAGGGVFRTFDGAFLRFPANCAFVLSTICQRLADFSFQLIINFDKWSSPNLTIISVYIYINEEQILISDRSTVKVNGSLVSIPFVTGLSTKIYSQEGFLVIDSGPDIHIRYNGFNVIKITIGDRLQNKVCGLCGNFNGDPADDYATLRGKPVVSSVVLAQSWKTNGMQKSCNELQYSQYAASCDNVQIQKLQSDSYCLKLTDMKGFFQPCYGLLDPLPFYESCFLDGCYNRKQVQLCGSLAAYGEACRTFGILGTEWIEKENCSGVVEDPCAGADCPNRTCELDDGGELCGCIEPPPYGNTTHDIIDAEVTCKAAQMEVSISKCKLFQLGFEREGVRVNDRHCPGIEGEDFISFQINNTKGNCGNLVQSNSTHIVYKNTVWIESANNTGNIITRDRTINVEVFCAYELDIKISLDSVVRPMLSVINLTVPTQEGSFTTKMALYKNSSYKHPYRQGEVVLTTRDVLYVGVFVVGADSNHLILMLNKCYATPSRDSNDKLRYFIIEGGCQNLKDNTIGIEENGVSLTCRFHVTVFKFIGDYDEVHLHCAVSLCDSEKYSCKINCPQHRRSASAFAQEAHEQILSVGPIRRKRSDWCEDNGGCEQICTSQADGPLCSCVTGTLQGDGKSCMASSSSADIRAQASLLVAAQLWLWAALHDPTS	1
22	MKFTATFLMIAIFVLMVEPGECGWGSFFKKAAHVGKHVGKAALTHYLGDKQELNKRAVDEDPNVIVFE	1
22	MNKKILLVIFIVTMLIVDEVNSFKFGSFIKRMWRSKLAKKLRAKGKELLRDYANRVLSPEEEAAAPAPVPAKRRR	1
19	MARPHPWWLCVLGTLVGLSATPAPKSCPERHYWAQGKLCCQMCEPGTFLVKDCDQHRKAAQCDPCIPGVSFSPDHHTRPHCESCRHCNSGLLVRNCTITANAECACRNGWQCRDKECTECDPLPNPSLTARSSQALSPHPQPTHLPYVSEMLEARTAGHMQTLADFRQLPARTLSTHWPPQRSLCSSDFIRILVIFSGMFLVFTLAGALFLHQRRKYRSNKGESPVEPAEPCHYSCPREEEGSTIPIQEDYRKPEPACSP	1
18	MALSWVLTVLSLLPLLEAQIPLCANLVPVPITNATLDRITGKWFYIASAFRNEEYNKSVQEIQATFFYFTPNKTEDTIFLREYQTRQDQCIYNTTYLNVQRENGTISRYVGGQEHFAHLLILRDTKTYMLAFDVNDEKNWGLSVYADKPETTKEQLGEFYEALDCLRIPKSDVVYTDWKKDKCEPLEKQHEKERKQEEGES	1
24	MCGPSYCTLLLIAASCYILVCSHAKSLQGTSKLDLGNHISAGSARGSLSPASPALSEARQKRAMGDYKELTDIIDELEENSLAQKASATMQVAAMPPQGQEFDLDTMPPLTYYLLLQKLRQLQSNGEPAYRVRTPRLGRSIDSWRLLDAEGATGMAGGEEAIGGQFMQRMVKKSVPFKPRLGKRAQVCGGD	1
23	MGGHPQLRLVKALLLLGLNPVSASLQDQHCESLSLASNISGLQCNASVDLIGTCWPRSPAGQLVVRPCPAFFYGVRYNTTNNGYRECLANGSWAARVNYSECQEILNEEKKSKVHYHVAVIINYLGHCISLVALLVAFVLFLRLRPGCTHWGDQADGALEVGAPWSGAPFQVRRSIRCLRNIIHWNLISAFILRNATWFVVQLTMSPEVHQSNVGWCRLVTAAYNYFHVTNFFWMFGEGCYLHTAIVLTYSTDRLRKWMFICIGWGVPFPIIVAWAIGKLYYDNEKCWFGKRPGVYTDYIYQGPMILVLLINFIFLFNIVRILMTKLRASTTSETIQYRKAVKATLVLLPLLGITYMLFFVNPGEDEVSRVVFIYFNSFLESFQGFFVSVFYCFLNSEVRSAIRKRWHRWQDKHSIRARVARAMSIPTSPTRVSFHSIKQSTAV	1
22	MNCLKICGFFFALIAALATAEAGTQVIHAGGHTLIQTDRSQYIRKN	1
20	MKMVYLGLFLIITSCVISSGNLIYECKWADSIRLKDKNPTHEFCKKKCEEKNTDRITVQHGFHSSDYRCTCQGEKILETPYQSDGVKDCHRI	1
19	MKCFAQIVVLLLVIAFSHGAVITGACDRDVQCGSGTCCAASLWSRNIRFCVPLGNNGEECHPASHKVPYNGKRLSSLCPCKSGLTCSKSGEKFQCS	1
19	MAPLRPLLMLALLAWVALADQESCKGRCTDGFIAERKCQCDELCSYYQSCCTDYVAECKPQVTRGDVFLQPDDEYRAYDYHEETRHNTSVQEEQRIPVLLAKTEETPVLKPEEEAPPPGPQTDDLGVPEEELCSGKPFDAFTNLKNGSVFAFRGLYCYELDEKAVRPGYPKLIQDVWGIKGPIDAAFTRINCQGKTYLFKGSQYWRFDDGVLDPNYPREISEGFKGIPDDVDAALALPAHSYSGRERVYFFKGKQYWEYVFQQQPSREECEGSSPSDVFAHFALMQRDSWEDIFRLLFWSHSFGGAIEPRVISQDWLGLPEQVDAAMAGQIYISGSALKPSQPKMTKSARRSGKRYRSRRGRGRGRGHSRSQKSHRQSRSTWLPWFSSEETGPGGYNYDDYKMDWLVPATCEPIQSVYFFSGEEYYRVNLRTQRVDTVTPPYPRSIAQYWLGCPVPDQK	1
16	MMQILLLALAVSLACADSIDYSKVPGNWRTIAIAADHVEKIEVNGELRAYFRQVDCTEGCDKISITFYTNTDGVCTEHTVVGARNGENDVYTVDYAGENTFQILCNSDDAFVIGSVNTDQNGQTTKEVAIAAKRNFLTPEQEQKFQKAVQNAGIPLENIRYVIETDTCPD	1
25	MQFSIATIALFLSSAMAAPYSGNSNSDSYDPCTGLLQKSPQCCNTDILGVANLDCHGPPSVPTSPSQFQASCVADGGRSARCCTLSLLGLALVCTDPVGI	1
31	MATPPLVPLLLLLLLLLPHAHHRLALRSVLATQRAQDSPAVHLINGLGQEPIQVLTFDLTRLVKASSSFELRTWDSEGVIFYGDTSPKDDWFMLGLRDGRPEIQMHNPWAQLTVGAGPRLDDGSWHQVHVKIRGDSVLLEVDGKEVLRLSQVSGTLHDKPQPVMKLAVGGLLFPPSSLRLPLVPALDGCLRRGSWLDPQAQISASAHASRRSCDVELQPGIFFPPGTHAEFSLQDIPQPQTEPWAFSLDLELKPSEGSGRLLALGTPEDPNWLSLHLQDQKVVLSSGMEPGLDLPLAWGLPLQLKLGVSTAVLSQGSKKQALGLPPSGLGPLLNLWAQPQGRLFLGALPGEDSSASFCLDGLWAQGQKLDMDKALNRSQDIWTHSCPSSPGNGTDTSH	1
24	MGAALKMTIFLLIVACAMIATTEAAVRIGPCDQVCPRIVPERHECCRAHGRSGYAYCSGGGMYCN	1
18	MLVTYILASVLLFSSVLGQRCSTTWGIRDTNYLIENLKDDPPSKCSCSGNVTSCLCLSVPTDDCTTPCYREGLLQLTNATQKSRLLPVFHRVKRIVEVLKNITCPSFSCEKPCNQTMAGNTLSFLKSLLGTFQKTEMQRQKSRP	1
23	MSSSCSGLTRVLVAVATALVSSSSPCPQAWGPPGVQYGQPGRPVMLCCPGVSAGTPVSWFRDGDSRLLQGPDSGLGHRLVLAQVDSPDEGTYVCQTLDGVSGGMVTLKLGFPPARPEVSCQAVDYENFSCTWSPGQVSGLPTRYLTSYRKKTLPGAESQRESPSTGPWPCPQDPLEASRCVVHGAEFWSEYRINVTEVNPLGASTCLLDVRLQSILRPDPPQGLRVESVPGYPRRLHASWTYPASWRRQPHFLLKFRLQYRPAQHPAWSTVEPIGLEEVITDAVAGLPHAVRVSARDFLDAGTWSAWSPEAWGTPSTGPLQDEIPDWSQGHGQQLEAVVAQEDSPAPARPSLQPDPRPLDHRDPLEQVAVLASLGIFSCLGLAVGALALGLWLRLRRSGKDGPQKPGLLAPMIPVEKLPGIPNLQRTPENFS	1
27	MLLPRRGLRTLPSLCLYILVLVWVVACEPEGTPTPLPAPEESRWSLVPSSVKELVGPLLTRTRERWQWFWGPGALQGFVQTYYDDHLRDLGPRAQAWLTSSRDRLLNTAQGLCPRLLCGDKDQD	1
22	MKLFIILATATLLIAATQAKYLRDEGFDLGETQMSSKCTRQVKMMEPELVKCNRYIAMDIMDDKYEEALSRIQGEGCESEEKFLRGCCVAMKEMEDECVCEWMKMMVENQKGRIGETLMRKGIRDLKELPNKCGISEMECHSRGNWYYV	1
22	MGSPGMVLGLLVQIWALQEASSLSVQQGPNLLQVRQGSQATLVCQVDQATAWERLRVKWTKDGAILCQPYITNGSLSLGVCGPQGRLSWQAPSHLTLQLDPVSLNHSGAYVCWAAVEIPELEEAEGNITRLFVDPDDPTQNRNRIASFPGFLFVLLGVGSMGVAAIVWGAWFWGRRSCQQRDSGNSPGNAFYSNVLYRPRGAPKKSEDCSGEGKDQRGQSIYSTSFPQPAPRQPHLASRPCPSPRPCPSPRPGHPVSMVRVSPRPSPTQQPRPKGFPKVGEE	1
19	MALALWVFALLGSACLVSANIFEYQVDAQPLRPCELQRERAFLKRADYVPQCAEDGSFQTVQCKKDGGSCWCVDADGREVPGSRQPGRPVACLSFCQLQKQQILLSSYINSTATSYLPQCQDSGAYAPVQCDVRREQCWCVDAEGMEVYGTRRLGRPARCPGSCEIRNRRLLHGVGDKSPPQCSADGTFLPVQCKFVNTTDMMFFDLVHSYNRFPDAFVTFSSFRSRFPEVSGYCHCADSQGRELAGTGLELLLDEIYDTVFAGLDLASSFTETTLYRILQRRFLAVQLVTSGRFRCPTKCEVERFAATSFGHPYVPSCGRDGEYQAGQCQQEGLCWCVDAQGQEIPGTRRPSEPLSCAEGQSCPSERRRALSRLHLGPSGYSGQRGSFLAAERGPVSQTVPSFAASCPLPLKELFVESGILQPVVQGQKKEVTAATESLLKEGLRGIFPSRELARLALQFTANPKRLQQNLFGGRFLANVGQFNLSGALGTRGTFNFSHFFQQLGLPGFQKRQALADPAKSLSVGLDSNPATEAPEALKMGVAMNKTVVGSFGFEVNLQENRNALTFLSSLLELPEFLLFLQHAISVPEDIARDLGDVMEMALSSQGCEQTPGSLFVPSCTAEGSYEDVQCFAGECWCVDARGRELAGSRARGGRPRCPTACEKQRERMQSLLGRQPAGSSVFVPSCTREGHFLPVQCFSSDCYCVDADGQPIPGTRTAPGEPKQCPTPCQLQAEQAFLGTVRGLISNPSEPPVLSSIYIPQCSASGQWRRVQCDGPPEQAFEWYERWGAQSRSGQELTPAELLMKIMSYREAASGSFRLFIQNLYEAGQQGIFPGLARYSSLQDVPLAVLEGNLTQATGNILLEPYLFWQILNGQLPRYPGPYSDFSAPLAHLDLRSCWCVDEAGRKLEGTQTEPSKVPACPGSCEEVKLRVLQFIKEAEEIVMVSNSSQFPLGESFLAAKGIRLTDEELALPPLSPSRETFLEKFLSGSDYAIRLAAQSTFSFYQRRRVALSDAPRTSGPLQPYPYVPQCDALGSWEPVQCHAATGHCWCVDGEGAYLPASLAARSPQVLQCPTPCETSRVRGLLSAWKQAGSQVRPSPKDLFIPACTETGEFARLQASEASTWCVDPASGEAMPPGTNSSAPCPGLCEVLQRGVPSRRASPGTTPACRAEDGGFAPVQCDPAQGSCWCVLGSGEEVPGTRVAGSQPACERPQLWQTIQTRGQFQLQLPPGKVCSADYAGLLPTFQVVILDELTARGFCRIQVTTARTPVSIPVCDDSTVRVGCLSLDRLGVNVTWTLRLEDAPPASLPDLRDIEEALAGKDLVGRFADLIQSGTFQLHLDSRTFPADPSIHFLQGNSLGTSPRTRFGCVEGSRQVPATSNTSQDPLGCVRCPEGSYFQEEQCIPCPAGFYQEQTGSLACAPCPAGTTTTSVGAFSQTHCVTACQRDEAGLQCDQDGQYRASQRDRASGKAFCVDSEGRRLPWSETQAPLVDAQCLMMRKFEKLPESKVIFTADVAVLGSIVPDSESSLMQCLADCARDEACSFLTVSLEGSEGSCDFYAWTSDNIACTSSGQEEDALGTSKATSLGSLTCQVKVRPGDGVAPAVYLKKGQEFATIGQKRFEQTGFQNALSGLYSPVVFSASGASLTEAHLFCLLACDRDSCCDGFILTQVQGGPIICGLLSSPDVLLCHVRDWRDPSEAQADATCPGVTYDQDSRQGTLRLGGQEFKSLTPREGARDTFTSFQQVYLWKDSDMGSRSESMGCRRDMQPRPESPEETDLTAELFSPVDLNQVIVSENRSLPSQQHRLFKHLFSLQQAHLWCLSRCVQEPSFCQLAEITDSSPLYLTCTLYPEAQVCDDVMEASPRGCRRILPRRPNALFQRRVVLQDRVKNFYTRLPFQKLTGLSIRHKVPMADKAISSGFFECERLCDVDPCCTGFGFLNVSQLKGGEVTCLTLNSLGLQTCSEENGGSWRLLACGSPDTEVRTYPFGWYQKPAVQNDAPSFCPSAALPPVPEKVALDSWQPLPPSSVVVDPSIRNFDVAHISTAAVGDFSAARERCLLECSRHQACLVTTLQTRPGAVRCMFYADTQSCTHSLQAQNCQLLLREEATHIYRKPDIPLPGLGSSAPTVTIATHGQLLGTSQAIQLGASWKQVDQFLGVPYAAPPLAESRFRAPEPLNWTGTWDATKPRASCWQPGIRPATAPGVSEDCLYLSVFVPQSLTPNSSVLVFFHNGAEGPLAMAVDGSFLAAVGNLIVVTASYRTGVFGFLSSGSSEVSGNWGLLDQVAALTWVQTHIGVFGGDPRRVALAADRGGADVAGIHLLTSRATNSRLFRRAVLMGGSVLSPAAVIRPDRAQQQAAALAKEVGCPPRPSQKWYPASAGACQPPNDAQMQLLAVSGPFHYWGPVVDGQLLREAPARALQRPPRAKLDLLIGSSQDDGLIDRAKAVKRFEESQGRTSSKTAFYQALQNSLGGEAGDPGVQAAATWYYSLEHDTDDYASFSRALEAATRDYFIICPVIDMASHWARTARGNVFMYHAPESYSHGSLELLADVRYAFGLPFYPAYEGQFTQEEKSLSLKIMQYFSNFVRSGNPNYPHEFSRKAPEFAAPWPDFVPGDGAESYKELSVLLPNRQGLKKADCSFWSKYILSLKASADEAEDGPLAESEEEDRPGLTEDLLGLPELASKSYSK	1
33	MDCHTKETLGVTQWRRSTMLTLSLLYAITPADGAKEALEYKTWTNHCGLAATLRKVAGGVLTKLKSHISYRKKLEEMETKLRIYALKGDGVGEQKSAEILATTAALMRQKALTPEEANLKTALKAAGFAGEGAAAVSSYLMTLGTLTTSGSAHCLSNEGGDGDGKDQLAPKGCRHGTEADFDAGAGPAESEVADSGFAQVPGKQDGANAGQANMCALFTHQATPHSSQGIYITGAQTKPSFGYGMLTIGTTDQTIGLKLSDIKGKQADSAQKFWSSCHAAVKAAQDMKADPALKVDQTLLAVLVASPEMAEILKLEAAASQQKGPEEVTIDLATEKNNYFGTNNNKLEPLWTKIKGQNIVDLAATKGSTKELGTVTDTAELQKLLSYYYTVNKEEQKKTAEKITKLETELADQKGKSPESECNKISEEPKCNEDKICSWHKEVKAGEKHCKFNSTKAKEKGVSVTQTQTAGGTEATTDKCKGKLEDTCKKESNCKWENNACKDSSILVTKKFALTVVSAAFVALLF	1
23	MFWTRYAGASILLFFMLIRLGQLYPRNDMNNFGCEECKLKENNIFSKPGAPVYQCMGCCFSRAYPTPLRSKKTMLVPKNITSEATCCVAKEVKRVLVNDVKLVNHTDCHCSTCYYHKS	1
29	MASGTFTQRLLVALMIFALIADLSTLVAARPQDSDAASVAAAIRYLQELETKHAQHARPRFGKRGGYLNPAIFGQDEQEVDWQDSTFSR	1
18	MKLVFLFLLVTIPICCYASGSGCSILDEVIRGTINSTVTLHDYMKLVKPYVQDHFTEKAVKQFKQCFLDQTDKTLENVGVMMEAIFNSESCQQPS	1
23	MKLQNTLILIGCLFLMGAMIGDAYSRCQLQGFNCVVRSYGLPTIPCCRGLTCRSYFPGSTYGRCQRY	1
20	MQKVTLGLLVFLAGFPVLDANDLEDKNSPFYYDWHSLQVGGLICAGVLCAMGIIIVMSAKCKCKFGQKSGHHPGETPPLITPGSAQS	1
20	MDCQLSILLLLSCSVLDSFGELIPQPSNEVNLLDSKTIQGELGWISYPSHGWEEISGVDEHYTPIRTYQVCNVMDHSQNNWLRTNWVPRNSAQKIYVELKFTLRDCNSIPLVLGTCKETFNLYYMESDDDHGVKFREHQFTKIDTIAADESFTQMDLGDRILKLNTEIREVGPVNKKGFYLAFQDVGACVALVSVRVYFKKCPFTVKNLAMFPDTVPMDSQSLVEVRGSCVNNSKEEDPPRMYCSTEGEWLVPIGKCSCNAGYEERGFMCQACRPGFYKALDGNMKCAKCPPHSSTQEDGSMNCRCENNYFRADKDPPSMACTRPPSSPRNVISNINETSVILDWSWPLDTGGRKDVTFNIICKKCGWNIKQCEPCSPNVRFLPRQFGLTNTTVTVTDLLAHTNYTFEIDAVNGVSELSSPPRQFAAVSITTNQAAPSPVLTIKKDRTSRNSISLSWQEPEHPNGIILDYEVKYYEKQEQETSYTILRARGTNVTISSLKPDTIYVFQIRARTAAGYGTNSRKFEFETSPDSFSISGESSQVVMIAISAAVAIILLTVVIYVLIGRFCGYKSKHGADEKRLHFGNGHLKLPGLRTYVDPHTYEDPTQAVHEFAKELDATNISIDKVVGAGEFGEVCSGRLKLPSKKEISVAIKTLKVGYTEKQRRDFLGEASIMGQFDHPNIIRLEGVVTKSKPVMIVTEYMENGSLDSFLRKHDAQFTVIQLVGMLRGIASGMKYLSDMGYVHRDLAARNILINSNLVCKVSDFGLSRVLEDDPEAAYTTRGGKIPIRWTSPEAIAYRKFTSASDVWSYGIVLWEVMSYGERPYWEMSNQDVIKAVDEGYRLPPPMDCPAALYQLMLDCWQKDRNNRPKFEQIVSILDKLIRNPGSLKIITSAAARPSNLLLDQSNVDITTFRTTGDWLNGVWTAHCKEIFTGVEYSSCDTIAKISTDDMKKVGVTVVGPQKKIISSIKALETQSKNGPVPV	1
22	MAPPGSSTVFLLALTIIASTWALTPTHYLTKHDVERLKASLDRPFTNLESAFYSIVGLSSLGAQVPDAKKACTYIRSNLDPSNVDSLFYAAQASQALSGCEISISNETKDLLLAAVSEDSSVTQIYHAVAALSGFGLPLASQEALSALTARLSKEETVLATVQALQTASHLSQQADLRSIVEEIEDLVARLDELGGVYLQFEEGLETTALFVAATYKLMDHVGTEPSIKEDQVIQLMNAIFSKKNFESLSEAFSVASAAAVLSHNRYHVPVVVVPEGSASDTHEQAILRLQVTNVLSQPLTQATVKLEHAKSVASRATVLQKTSFTPVGDVFELNFMNVKFSSGYYDFLVEVEGDNRYIANTVELRVKISTEVGITNVDLSTVDKDQSIAPKTTRVTYPAKAKGTFIADSHQNFALFFQLVDVNTGAELTPHQTFVRLHNQKTGQEVVFVAEPDNKNVYKFELDTSERKIEFDSASGTYTLYLIIGDATLKNPILWNVADVVIKFPEEEAPSTVLSQNLFTPKQEIQHLFREPEKRPPTVVSNTFTALILSPLLLLFALWIRIGANVSNFTFAPSTIIFHLGHAAMLGLMYVYWTQLNMFQTLKYLAILGSVTFLAGNRMLAQQAVKRTAH	1
17	MIMLLMVGMLMAPCVGAHALDTPNPQELPPGLSKNINITFFNGVFKNVESVAEIFDCLGSHFTWLQAVFTNFPLLLQFVNSMRCVTGLCPRDFEDYGCACRFEMEGMPVDESDICCFQHRRCYEEAVEMDCLQDPAKLSADVDCTNKQITCESEDPCERLLCTCDKAAVECLAQSGINSSLNFLDASFCLPQTPETTSGKAATLLPRGIPEKPTDTSQIALSGEVAGEVRADTLTTLSRTKSVQDLQDTQASRTTSSPGSAEIIALAKGTTHSAGIKPLRLGVSSVDNGSQEAAGKACDRLAFVHLGDGDSMTAMLQLGEMLFCLTSHCPEEFETYGCYCGREGRGEPRDTLDRCCLSHHCCLEQMRQVGCLHGRRSQSSVVCEDHMAKCVGQSLCEKLLCACDQMAAECMASAFFNQSLKSPDGAECQGEPVSCEDGMLQGTLASSVDSSSEENSEEAPPQMERLRRFLEKPPGPLGARPLGGK	1
29	MRAPGRPALRPLPLPPLLLLLLAAPWGRAVPCVSGGLPKPANITFLSINMKNVLQWTPPEGLQGVKVTYTVQYFIYGQKKWLNKSECRNINRTYCDLSAETSDYEHQYYAKVKAIWGTKCSKWAESGRFYPFLETQIGPPEVALTTDEKSISVVLTAPEKWKRNPEDLPVSMQQIYSNLKYNVSVLNTKSNRTWSQCVTNHTLVLTWLEPNTLYCVHVESFVPGPPRRAQPSEKQCARTLKDQSSEFKAKIIFWYVLPVSITVFLFSVMGYSIYRYIHVGKEKHPANLILIYGNEFDKRFFVPAEKIVINFITLNISDDSKISHQDMSLLGKSSDVSSLNDPQPSGNLRPPQEEEEVKHLGYASHLMEIFCDSEENTEGTSLTQQESLSRTIPPDKTVIEYEYDVRTTDICAGPEEQELSLQEEVSTQGTLLESQAALAVLGPQTLQYSYTPQLQDLDPLAQEHTDSEEGPEEEPSTTLVDWDPQTGRLCIPSLSSFDQDSEGCEPSEGDGLGEEGLLSRLYEEPAPDRPPGENETYLMQFMEEWGLYVQMEN	1
31	MATAATATAGSRAAVLLLLSLALALALRPSDAGAGGDCHFPAVFNFGDSNSDTGGLSSLFGAAPPPNGRTFFGMPAGRYCDGRLVIDFIAESLGLTHLSAYLNSIGSNFTQGANFATAGSSIRRQNTSLFLSGFSPISLDVQFWEFEQFINRSQLVYNNKGGIYREILPRAEYFSQALYTFDIGQNDITSSYFVNNTTEEVEAIIPDLMERLTSIIQSVYSRGGRYFWIHNTGPLGCLPYALLHRPDLAIPADGTGCSVTYNKVAQLFNLRLKETVASLRKTHPDAAFTYVDVYTAKYKLISQANKLGFDDPLLTCCGYGGGRYNLDLSVGCGGKKQVNGTSVVVGKSCENPSKRVSWDGVHFTEAANKFVFDQIVAGALSDPPVALRQACHSRGQ	1
18	MKLFYLLVICALSLAVMADEKPKLILPTPAPPNLPQLVGGGGGNRKDGFGVSVDAHQKVWTSDNGRHSIGVTPGYSQHLGGPYGNSRPDYRIGAGYSYNFG	1
31	MGTSSARPAVLALAGLALLLLLCLGPGDVSGNKLKKMLQKREGPVPSKTNVAVSEHTAKEFLGGLKRAKRQLWDRTRPEVQQWYQQFLYMGFDEAKFEDDVNYWLNRNQNGHDYYGDYYQRHYDEDAAIGPRSREGFRHGASVNYDDY	1
19	MKTALPLLLLTCLVAAVQSTGSQGCPTYVSEKCTARLQECSNNQQQEPLQNCTAVHADCVVQATEDCQREQSQLNHDHLNNHTTTQQP	1
17	MEKVLALLLVTLTVAYAVPDPRGIIINLDEGELCLNSAQCKSNCCQHDTILSLSRCALKARENSECSAFTLYGVYYKCPCERGLTCEGDKSLVGSITNTNFGICHDVGRSSD	1
18	MHLLSSLAALAAAITVAFADVQQCNAENASVRKEWGSLTPDEQLGYIDAVWCLRSLPSRLPNEQYPGVQDRVDDFVATHINLTMVIHRNAPFLPWHRQYIHLWETALREECGYNGTVPYWNWTKNPDLYTNPVFDTTQSPETSLSLSGDGAYVAPSPTDPDPDPGLDFAPGRGGGCVLDGPFKDWPVRMGPFSAAQAYPYAPVPENAFAHNPRCLQRNLDVARIQYYNNPSVLESLLAAPSIAVFQDILDRTIPGTWQQAIGAHGGGHISVGPTLADVFASPQDPVFMLHHGFIDLLWDAWQRSGSDTGEGTDRMRALNGTTMYTNPPGAEEATLDTVMEFGVLGSPKKIGEVMDIRGGEYCYRYE	1
19	MIYQVVLLLLVSPAPVSAAGCNPDCTGIQCGWPRCPGGQNPVMDKCVSCCPFCPPKSAQG	1
19	MRSTGYLLTLSAAFQVAQAAVTANNSQLLTWWHNTGEINTQTPVADGNVRQSGLYSVKVQTTPASSSLYYDSFVYLAIPGNGMSDQLQYTQGYNQTQAWTSFLYSHDATVKISRNGSSANSNVVIRPTSLNFPVRYDNQSVYITVPYSPTGYRFSVEFDDDLISLAPSGARQPENALLIFASPFENSSTKPQPGSPNSIAPAPGRVLGLNTTSASTVVFNPGVYYFTGHDHMVLSSSVTWVYFAPGAYVKGAVEFLSTASEVKASGHGVLSGEQYVWYADPDEGYQKASGANNNGLRMWRGTLGNSSQTFVLNGVTVSAPPFNSMDWSGNSLDLITCRVDDYKQVGAFYGQTDGLEMYPGTILQDVFYHTDDDGLKMYYSNVTARNIVMWKESVAPVVEFGWTPRNTENVLFDNVDVIHQAYANAGNNPGIFGAVNNYLYAPDGLSSNHSTGNSNMTVRNITWSNFRAEGSSSALFRINPIQNLDNISIKNVSIESFEPLSINTTESWMPVWYDLNNGKQITVTDFSIEGFTVGNTTITASNAASVGRIDGVDPAYAGSVHYID	1
17	MLRFAVTLFAVITSSTCKKYSCLEGETHKLKPSPEPNMQECTLYSESSCCYANFTEQLAHSPVIKINNSYWNRCGQLSKSCEDFTKKIECFYRCSPHAAHWIHPNYTAGIQSVPLCQSFCDDWYEACKDDSACVRNWLMDWEWDESGVNHCKNECIPYSEMYVNGTDMCQSMWGESFKVSESSCLCLQMNKKDMMAIKYLLSESSEESSSVSSSEERACQKKLLKFEKLKEEEGGETR	1
56	MTACTFLAGGLRDPGLCGPTRWAPSPPGLPPIPPRPRLRLRPPLLLLLLLPRSVLSAVFTVGVLGPWACDPIFARARPDLAARLAASRLNHAAALEGGPRFEVALLPEPCRTPGSLGAVSSALTRVSGLVGPVNPAACRPAELLAQEAGVALVPWGCPGTRAAGTTAPVVTPAADALYALLRAFRWAHVALVTAPQDLWVEAGHALSTALRARGLPVALVTSMEPSDLSGAREALRRVQDGPRVRAVIMVMHSVLLGGEEQRCLLEAAEELGLADGSLVFLPFDTLHYALSPGPDALAVLANSSQLRKAHDAVLTLTRHCPLGGSVRDSLRRAQEHRELPLDLNLQQVSPLFGTIYDSVFLLAGGVARARVAAGGGWVSGAAVARHIRDARVPGFCGALGGAEEPSFVLLDTDATGDQLFATYVLDPTQGFFHSAGTPVHFPKGGRGPGPDPSCWFDPDTICNGGVEPSVVFIGFLLVVGMGLAGAFLAHYCRHRLLHIQMVSGPNKIILTLDDITFLHPHGGNSRKVAQGSRTSLAARSISDVRSIHSQLPDYTNIGLYEGDWVWLKKFPGDRHIAIRPATKMAFSKIRELRHENVALYLGLFLAGGAGGPAAPGEGVLAVVSEHCARGSLQDLLAQRDIKLDWMFKSSLLLDLIKGIRYLHHRGVAHGRLKSRNCVVDGRFVLKVTDHGHGRLLEAQRVLPEPPSAEDQLWTAPELLRDPVLERRGTLAGDVFSLGIIMQEVVCRSAPYAMLELTPEEVVKRVQSPPPLCRPSVSIDQAPMECIQLMKQCWAEQPELRPSMDRTFELFKSINKGRKMNIIDSMLRMLEQYSSNLEDLIRERTEELELEKQKTDRLLTQMLPPSVAEALKMGTPVEPEYFEEVTLYFSDIVGFTTISAMSEPIEVVDLLNDLYTLFDAIIGSHDVYKVETIGDAYMVASGLPQRNGHRHAAEIANMALDILSAVGTFRMRHMPEVPVRIRIGLHSGPCVAGVVGLTMPRYCLFGDTVNTASAMESTGLPYRIHVNRSTVQILSALNEGFLTEVRGRTELKGKGAEETYWLVGRRGFNKPIPKPPDLQPGASNHGISLHEIPPDRRQKLEKARPGQFSGK	1
19	MKFAISTLLIILQAAAVFAAFPISDITVVSERTDASTAYLSDWFVVSFVFSTAGSDETIAGDATIEVSIPNELEFVQYPDSVDPSVSEFFTTAGVQVLSTAFDYDSHVLTFTFSDPGQVITDLEGVVFFTLKLSEQFTESASPGQHTFDFETSDQTYSPSVDLVALDRSQPIKLSNAVTGGVEWFVDIPGAFGDITNIDISTVQTPGTFDCSEVKYAVGSSLNEFGDFTPQDRTTFFSNSSSGEWIPITPASGLPVESFECGDGTISLSFAGELADDEVLRVSFLSNLADDVLEVQNVVNVDLTTADSRKRALTSFVLDEPFYRASRTDTAAFEAFAAVPADGDITSTSTAITSVTATVTHTTVTSVCYVCAETPVTVTYTAPVITNPIYYTTKVHVCNVCAETPITYTVTIPCETDEYAPAKPTGTEGEKIVTVITKEGGDKYTKTYEEVTYTKTYPKGGHEDHIVTVKTKEGGEKVTKTYEEVTYTKGPEIVTVVTKEGGEKVTTTYHDVPEVVTVITKEGGEKVTTTYPATYPATYTEGHSAGVPTSASTPPQATYTVSEAQVNLGSKSAVGLLAIVPMLFLAI	1
23	MTTSATVIIMVLCVGSLVIFSEGSIGFELVTPLPGKPDECPVEDGRTLAIGQTEQVPGQCEERTCIKMDDQLYFELAGCGISEAGPGCEMFESKAETYPECCTPEIKCN	1
17	MKLVFSALASLLSGASATIYYAGVAESSGEFGVWSATQTPGTGLPGRFGVDYAFISEAAVDVHVDQNHLNLFRVAFLLERMCPPATGLGAAFNETHFDYFKEAVDYITVTKGAYAILDPHNYMRYNDPSYQPFSGSVIGNTSDSTAATTEQFGEFWGELASRFNDNERVIFGLMNEPHDMATSLVLANNQAAIDAIRAANASNLIIMPGNSWTGGHSWTEGSDPSSALLNQFKDPLNNTAIDIHEYLDYDFSGGHLECVSDPETNLAALTAWLKENNLKAFITEFGGSNSTSCQEMLPDLINYMADNAEYIGWTAWAAGPFWGPNSPCCTNSTQLGSLEPGSTAVDGSPGLYDTVWLPVIQPLVPTELQWSGPASISGGELTSRA	1
22	MLLTSLLQVFACCLVLPAQVTAFYYYTSGAERKCFHKELSKGTLFQATYKAQIYDDQLQNYRDAGAQDFGVLIDIEETFDDNHLVVHQKGSASGDLTFLASDSGEHKICIQPEAGGWLIKAKTKIDVEFQVGSDEKLDSKGKATIDILHAKVNVLNSKIGEIRREQKLMRDREATFRDASEAVNSRAMWWIVIQLIVLAVTCGWQMKHLGKFFVKQKIL	1
18	MSLFPSLHLLLLIVMTASHTETENCEDIQNTCLVISCDSPGINGLPGKDGLDGAKGEKGEPGQGLIGLQGLPGMVGPQGSPGIPGLPGLKGQKGDSGIDPGNSLANLRSELDNIKKWLIFAQGKQVGKKLYLTNGKKMSFNGVKALCAQFQASVATPTNSRENQAIQELAGTEAFLGITDEYTEGQFVDLTGKRVRYQNWNDGEPNNADSAEHCVEILKDGKWNDIFCSSQLSAVCEFPA	1
25	MRSLNTLLLSLFVAMSSGAPLLKIREEKNSSLPSIKIFGTGGTIASKGSTSATTAGYSVGLTVNDLIEAVPSLAEKANLDYLQVSNVGSNSLNYTHLIPLYHGISEALASDDYAGAVVTHGTDTMEETAFFLDLTINSEKPVCIAGAMRPATATSADGPMNLYQAVSIAASEKSLGRGTMITLNDRIASGFWTTKMNANSLDTFRADEQGYLGYFSNDDVEFYYPPVKPNGWQFFDISNLTDPSEIPEVIILYSYQGLNPELIVKAVKDLGAKGIVLAGSGAGSWTATGSIVNEQLYEEYGIPIVHSRRTADGTVPPDDAPEYAIGSGYLNPQKSRILLQLCLYSGYGMDQIRSVFSGVYGG	1
19	MWSPLILPLLAQIFACAFGDAVNEGCNVDPKGIHGLWYLDEPFGVYLSAIYNGSLAYIMMKERVPAIVTTVINSLEQDNDEIVQKYGVESQEELHRIVDSLKSLKTELSTNQPLTNLPLAHDEADRDAAVWNEHLDRQREIEGPNLSYFFTRFLLAESYTFRKMAHAFALAKNVRNFDFFGKQKEHLLTNSAKSLPILAHRALLEANRSKATKDEMREELAKFLKLSLWGNRFDLAASSGHEITQAGDPIELLSSFDEDLLIDHTRVAWDILNKPHGPNDPVIVDIVLDNAGYELFNDLCLATFLVSRGLATKVRFHAKQIPWYVSDVNIHDFHWVIGYMRSSSDPHLKEFGDLCARQLESGSWSVEADAFWTTFHGYGEMKKQAPVLYNTLSEATLLIFKGDLNYRKLLGDLNWEHTTSLDTALFHLDFKPTNVLSLRTIKARRVRRSYARDAASCGRRTRRRWATGRTGVIVASAKNAQCACAKSR	1
16	MIALFVLMGLMAAASASSCCSSEDRANVMHNWDAAWSAAYSDRRVALAQAVFASLFSRDAAAQGLFSGVSADNPDSADFRAHCVRVVNGLDVAINMLNDPAVLNEQLAHLSAQHQARAGVAAAHFDVMAEAFAEVMPQVSSCFSSDSWNRCFARIANGISAGL	1
29	MEAPGPRALRTALCGGCCCLLLCAQLAVAGKGARGFGRGALIRLNIWPAVQGACKQLEVCEHCVEGDGARNLSSCVWEQCRPEEPGHCVAQSEVVKEGCSIYNRSEACPAAHHHPTYEPKTVTTGSPPVPEAHSPGFDGASFIGGVVLVLSLQAVAFFVLHFLKAKDSTYQTLI	1
36	MHCFLGREILSFFCLTVRKMWLKFILAILLLHAAAGKEPEPQYVLMVPAVLQSDSPSQVCLQFFNLNQTISVRVVLEYDTINTTIFEKNTTTSNGLQCLNFMIPPVTSVSLAFISFTAKGTTFDLKERRSVMIWNMESFVFVQTDKPIYKPGQSVMFRVVALDFNFKPVQEMYPLIAVQDPQNNRIFQWQNVTSEINIVQIEFPLTEEPILGNYKIIVTKKSGERTSHSFLVEEYVLPKFDVTVTAPGSLTVMDSELTVKICAVYTYGQPVEGKVQLSVCRDFDSYGRCKKSPVCQSFTKDLDTDGCLSHILSSKVFELNRIGYKRNLDVKAIVTEKEQVCNLTATQSISITQVMSSLQFENVDHHYRRGIPYFGQIKLVDKDNSPISNKVIQLFVNNKNTHNFTTDINGIAPFSIDTSKIFDPELSLKALYKTSDQCHSEGWIEPSYPDASLSVQRLYSWTSSFVRIEPLWKDMSCGQKRMITVYYILNTEGYEHINIVNFYYVGMAKGKIVLTGEIKVNIQADQNGTFMIPLVVNEKMAPALRLLVYMLHPAKELVADSVRFSIEKCFKNKVQLQFSEKQMLTTSNVSLVIEAAANSFCAVRAVDKSMLLLKSETELSAETIYNLHPIQDLQGYIFNGLNLEDDPQDPCVSSDDIFHKGLYYRPLTSGLGPDVYQFLRDMGMKFFTNSKIRQPTVCTRETVRPPSYFLNAGFTASTHHVKLSAEVAREERGKRHILETIREFFPETWIWDIILINSTGKASVSYTIPDTITEWKASAFCVEELAGFGMSVPATLTAFQPFFVDLTLPYSIIHGEDFLVRANVFNYLNHCIKINVLLLESLDYQAKLISPEDDGCVCAKIRKSYVWNIFPKGTGDVLFSITAETNDDEACEEEALRNIRIDYRDTQIRALLVEPEGIRREETQNFLICMKDDVISQDVAIDLPTNVVEGSPRPSFSVVGDIMGTAIQNVHQLLQMPFGNGEQNMVLFAPNIYVLDYLDKTRQLSEDVKSKTIGYLVSGYQKQLSYKHPDGSYSTFGIRDKEGNTWLTAFVYKSFAEASRFIYIDDNVQAQTLIWLATKQKTDGCFQSTGILVNNAMKGGVENELSLSAYITIALLEAGHSMSHTVIRNAFYCLETASEKNITDIYTQALVAYAFCLAGKAEICESFLRELQKSAKEVDGSKYWEQNQRSAPEKSHLLDHVQSTDVEITSYVLLALLYKPNRSQEDLTKASAIVQWIIRQQNSYGGFASMQDTVVALQALAAYGAATYNSVTQNVIKINSKNTFEKVFTVNNENRLLLQQTPLPQVPGKYSLTVNGTGCVLIQTALRYNIHLPEGAFGFSLSVQTSNASCPRDQPGKFDIVLISSYTGKRSSSNMVIIDVKMLSGFVPVKSSLDQLIDDHTVMQVEYKKNHVLLYLGNILQKRRKEVTFSVEQDFVVTHPKPAPVQIYDYYETEEYAVAEYMSLCRGVVEEMG	1
24	MAQLSLLVLSLFLTLISLPPPGASISSCNGPCRDLNDCDGQLICIEGKCNDDPEVGTHICRGTTPSPQPGGCKPSGTLTCRGKSHPTYDCSPPVTSSTPAKLTNNDFSEGGDGGGPSECDESYHSNNERIVALSTGWYNGGSRCGKMIRITASNGKSVSAKVVDKCDSRHGCDKEHAGQPPCRNNIVDGSNAVWSALGLDKNVGVVDITWSMA	1
24	MKVLRCLVCSFYIIVSLITTMTIGTPSMPAINTQTLYLAGHSSKLFERNVGCVKTRYLNQTGDWVTRSLIYVFTFDTEPWVTQAGAFQVKWEPYSPLLRVKASDYVRDNLGAKPDYFIRTYDNDFLLLSDLKEVRSTCSLWVTLKYVDRIPETINRTFYTICPDPVPVPFDERCYP	1
32	MEAAAVLPRYLQLRLLLVLLLLVLLRAGPVWPDSKVFSDLDQVRMTSEGSDCRCKCIMRPLSKDACSRVRSGRARVEDFYTVETVSSGADCRCSCTAPPSSLNPCENEWKMEKLKKQAPELLKLQSMVDLLEGALYSMDLMKVHAYIQKVASQMNTLEESIKANLSLENKVVKDSVHHLSEQLKSYENQSAIMMSIKKELSSLGLQLLQRDAAAVPATAPASSPDSKAQDTAGGQGRDLNKYGSIQKSFSDKGLAKPPKEKLLKVEKLRKESIKGRIPQPTARPRALAQQQAVIRGFTYYKAGRQEARQEARQEAPKAAADSTLKGTSWLEKLPPKIEAKLPEPNSAKHDDVRLQASEGGNLTPDITTTTTSTSSSTTTTTGTTSTTSTTSTTSTTTPSPITTPWPTEPPLHPEVPSQGREDSCEGTLRAVDPPVKHHSYGRHEGAWMKDPAALDDRIYVTNYYYGNSLVEFRNLENFKQGRWSNMYKLPYNWIGTGHVVYQGAFYYNRAFTKNIIKYDLRQRFVASWALLPDVVYEDTTPWKWRGHSDIDFAVDESGLWVIYPAVDEHDETQHEVIVLSRLDPADLSVHRETTWKTRLRRNSYGNCFLVCGILYTVDTYNQHEGQVAYAFDTHTGTDAHPQLPFLNEYSYTTQVDYNPKERVLYAWDNGHQLTYTLHFVV	1
23	MSAFRFWSGLLMLLGFLCPRSSPCGISTHIEIGHRALEFLHLQDGSINYKELLLRHQDAYQAGSVFPDSFYPSICERGQFHDVSESTHWTPFLNASVHYIRKNYPLPWDEDTEKLVAFLFGITSHMVADVNWHSLGIEQGFLRTMAAIDFHNSYPEAHPAGDFGGDVLSQFEFKFNYLSRHWYVPAEDLLGIYRELYGRIVITKKAIVDCSYLQFLEMYAEMLAISKLYPTYSVKSPFLVEQFQEYFLGGLEDMAFWSTNIYHLTSYMLKNGTSNCNLPENPLFITCGGQQNNTHGSKVQKNGFHKNVTAALTKNIGKHINYTKRGVFFSVDSWTMDSLSFMYKSLERSIREMFIGSSQPLTHVSSPAASYYLSFPYTRLGWAMTSADLNQDGYGDLVVGAPGYSHPGRIHVGRVYLIYGNDLGLPRIDLDLDKEAHGILEGFQPSGRFGSAVAVLDFNVDGVPDLAVGAPSVGSEKLTYTGAVYVYFGSKQGQLSSSPNVTISCQDTYCNLGWTLLAADVNGDSEPDLVIGSPFAPGGGKQKGIVAAFYSGSSYSSREKLNVEAANWMVKGEEDFAWLGYSLHGVNVNNRTLLLAGSPTWKDTSSQGHLFRTRDEKQSPGRVYGYFPPICQSWFTISGDKAMGKLGTSLSSGHVMVNGTRTQVLLVGAPTQDVVSKVSFLTMTLHQGGSTRMYELTPDSQPSLLSTFSGNRRFSRFGGVLHLSDLDNDGLDEIIVAAPLRITDATAGLMGEEDGRVYVFNGKQITVGDVTGKCKSWVTPCPEEKAQYVLISPEAGSRFGSSVITVRSKEKNQVIIAAGRSSLGARLSGVLHIYRLGQD	1
23	MASAKIFLIFLLAALIATPAAFAILVPTLVSTHISGLVFCSVNGNLDVINGLSPQVFPNASVQLRCGATNVISSTITNGSGAFSLAVNTFPLLNCNLVVATPLSTCNATLQSVGRLASSLRLVNITLGSGTGLIRVGLAPTGFILNLNIN	1
18	MDLTLLWVLLPLVTVAWGQYGDYGYSYHQYHDYSDDGWVNLNRQGFSYQCPHGQVVVAVRSIFNKKEGSDRQWNYACMPTPQSLGEPTECWWEEINRAGMEWYQTCSNNGLVAGFQSRYFESVLDREWQFYCCRYSKRCPYSCWLTTEYPGHYGEEMDMISYNYDYYMRGATTTFSAVERDRQWKFIMCRMTDYDCEFANV	1
31	MERPRGAADGLLRWPLGLLLLLQLLPPAAVGQDRLDAPPPPAPPLLRWAGPVGVSWGLRAAAPGGPVPRAGRWRRGAPAEDQDCGRLPDFIAKLTNNTHQHVFDDLSGSVSLSWVGDSTGVILVLTTFQVPLVIVSFGQSKLYRSEDYGKNFKDITNLINNTFIRTEFGMAIGPENSGKVILTAEVSGGSRGGRVFRSSDFAKNFVQTDLPFHPLTQMMYSPQNSDYLLALSTENGLWVSKNFGEKWEEIHKAVCLAKWGPNNIIFFTTHVNGSCKADLGALELWRTSDLGKTFKTIGVKIYSFGLGGRFLFASVMADKDTTRRIHVSTDQGDTWSMAQLPSVGQEQFYSILAANDDMVFMHVDEPGDTGFGTIFTSDDRGIVYSKSLDRHLYTTTGGETDFTNVTSLRGVYITSTLSEDNSIQSMITFDQGGRWEHLQKPENSKCDATAKNKNECSLHIHASYSISQKLNVPMAPLSEPNAVGIVIAHGSVGDAISVMVPDVYISDDGGYSWAKMLEGPHYYTILDSGGIIVAIEHSNRPINVIKFSTDEGQCWQSYVFSQEPVYFTGLASEPGARSMNISIWGFTESFLTRQWVSYTIDFKDILERNCEENDYTTWLAHSTDPGDYKDGCILGYKEQFLRLRKSSVCQNGRDYVVAKQPSICPCSLEDFLCDFGYFRPENASECVEQPELKGHELEFCLYGKEEHLTTNGYRKIPGDRCQGGMNPAREVKDLKKKCTSNFLNPKKQNSKSSSVPIILAIVGLMLVTVVAGVLIVKKYVCGGRFLVHRYSVLQQHAEADGVEALDTASHAKSGYHDDSDEDLLE	1
21	MKQLKLTGFVIFFFFLTESLTLPTQPQDVDDVRITQKFIDDNIGYITIIAFAQYIQEASFEEVEMLVKAMTEYRDKCLADRTLPECSKLANEVLLENICAMEGLPQKYNFSHCCHKVDFERRLCFFHNKKADIGLLPPLPTLDPEEKCQTYKNNRESFLNNYVYEVSRRNPFVFAPTLLTVAARFEEMTKTCCEEQEKANCFQTKAEPFIYYLKALSSYQKNACRALMKFGRQILQSINIAILSQKFPKIGFKQLTSLLEDVSSKYDGCCEGDVVQCIRGRSKVMSHICSKQDSISSKIKDCCEKKIPERGECIIYSNKDDRPNDLSLREAKFIESDNVCEKRDADQANFMAEFLYEYSRRHPELSTPELLRIAKVYKDLLKECCNMENPPECYRHAENRFNETTEKSLKIVQRECEHFQNLGKDDLKYHYLINLTKLAPQLSTEELTFLGKEMVMALTTCCTLSEEFACVDNLVDLVLGELCGINENRNINPAVDHCCKTNFAFRRSCFESLEADKTYVPPSTSQGLFTFHADLCQAHNEELQRKKDRFLVNLVKLKPELAGEELWSLLADFTNVVEKCCKAQEPEACFKEESPKLAAKSQAA	1
19	MRTLAILAAILLVALQAQAEPLQARADEVAAAPEQIAADIPEVVVSLAWDESLAPKHPGSRKNMACYCRIPACIAGERRYGTCIYQGRLWAFCC	1
24	MGPASGSQLLVLLLLLASSPLALGIPMYSIITPNVLRLESEETIVLEAHDAQGDIPVTVTVQDFLKRQVLTSEKTVLTGASGHLRSVSIKIPASKEFNSDKEGHKYVTVVANFGETVVEKAVMVSFQSGYLFIQTDKTIYTPGSTVLYRIFTVDNNLLPVGKTVVILIETPDGIPVKRDILSSNNQHGILPLSWNIPELVNMGQWKIRAFYEHAPKQIFSAEFEVKEYVLPSFEVRVEPTETFYYIDDPNGLEVSIIAKFLYGKNVDGTAFVIFGVQDGDKKISLAHSLTRVVIEDGVGDAVLTRKVLMEGVRPSNADALVGKSLYVSVTVILHSGSDMVEAERSGIPIVTSPYQIHFTKTPKFFKPAMPFDLMVFVTNPDGSPASKVLVVTQGSNAKALTQDDGVAKLSINTPNSRQPLTITVRTKKDTLPESRQATKTMEAHPYSTMHNSNNYLHLSVSRMELKPGDNLNVNFHLRTDPGHEAKIRYYTYLVMNKGKLLKAGRQVREPGQDLVVLSLPITPEFIPSFRLVAYYTLIGASGQREVVADSVWVDVKDSCIGTLVVKGDPRDNHLAPGQQTTLRIEGNQGARVGLVAVDKGVFVLNKKNKLTQSKIWDVVEKADIGCTPGSGKNYAGVFMDAGLAFKTSQGLQTEQRADLECTKPAARRRRSVQLMERRMDKAGQYTDKGLRKCCEDGMRDIPMRYSCQRRARLITQGENCIKAFIDCCNHITKLREQHRRDHVLGLARSELEEDIIPEEDIISRSHFPQSWLWTIEELKEPEKNGISTKVMNIFLKDSITTWEILAVSLSDKKGICVADPYEIRVMQDFFIDLRLPYSVVRNEQVEIRAVLFNYREQEELKVRVELLHNPAFCSMATAKNRYFQTIKIPPKSSVAVPYVIVPLKIGQQEVEVKAAVFNHFISDGVKKTLKVVPEGMRINKTVAIHTLDPEKLGQGGVQKVDVPAADLSDQVPDTDSETRIILQGSPVVQMAEDAVDGERLKHLIVTPAGCGEQNMIGMTPTVIAVHYLDQTEQWEKFGIEKRQEALELIKKGYTQQLAFKQPSSAYAAFNNRPPSTWLTAYVVKVFSLAANLIAIDSHVLCGAVKWLILEKQKPDGVFQEDGPVIHQEMIGGFRNAKEADVSLTAFVLIALQEARDICEGQVNSLPGSINKAGEYIEASYMNLQRPYTVAIAGYALALMNKLEEPYLGKFLNTAKDRNRWEEPDQQLYNVEATSYALLALLLLKDFDSVPPVVRWLNEQRYYGGGYGSTQATFMVFQALAQYQTDVPDHKDLNMDVSFHLPSRSSATTFRLLWENGNLLRSEETKQNEAFSLTAKGKGRGTLSVVAVYHAKLKSKVTCKKFDLRVSIRPAPETAKKPEEAKNTMFLEICTKYLGDVDATMSILDISMMTGFAPDTKDLELLASGVDRYISKYEMNKAFSNKNTLIIYLEKISHTEEDCLTFKVHQYFNVGLIQPGSVKVYSYYNLEESCTRFYHPEKDDGMLSKLCHSEMCRCAEENCFMQQSQEKINLNVRLDKACEPGVDYVYKTELTNIELLDDFDEYTMTIQQVIKSGSDEVQAGQQRKFISHIKCRNALKLQKGKKYLMWGLSSDLWGEKPNTSYIIGKDTWVEHWPEAEECQDQKYQKQCEELGAFTESMVVYGCPN	1
23	MKRNILALVVVVALISQSRPAESAGGTIIATLSKIPLSTLASALNTALETGASVASAAAAATSSDYSVTCVIEVENWTKHLMKYPVVQIANSGGLLTVAKNVLPAEIQSFAMRKAWGANGVYGTVSWVLGQTNRRVVIMWSAPYNFDFYSNWLAVGMSRPGLAVPSSRSTWFDLMYYGNSNADISFVRGEYYHSVDPIYFKNSEWEIEGSMNNIHKARVRATVKPIKTMDLASSILTKLEALAGANGKRAIQQELARRAEEEKQRKRKALDEMLK	1
18	MWLLVSVILISRISSVGGEAMFCDFPKINHGILYDEEKYKPFSQVPTGEVFYYSCEYNFVSPSKSFWTRITCAEEGWSPTPKCLRLCFFPFVENGHSESSGQTHLEGDTVQIICNTGYRLQNNENNISCVERGWSTPPKCRSTISAEKCGPPPPIDNGDITSFLLSVYAPGSSVEYQCQNLYQLEGNNQITCRNGQWSEPPKCLDPCVISQEIMEKYNIKLKWTNQQKLYSRTGDIVEFVCKSGYHPTKSHSFRAMCQNGKLVYPSCEEK	1
27	MFSGFNVFRVGISFVIMCIFYMPTVNSLPELSPQKYFSTLQPGKASLAYFCQADSPRTSVFLEELNEAVRPLQDYGISVAKVNCVKEEISRYCGKEKDLMKAYLFKGNILLREFPTDTLFDVNAIVAHVLFALLFSEVKYITNLEDLQNIENALKGKANIIFSYVRAIGIPEHRAVMEAAFVYGTTYQFVLTTEIALLESIGSEDVEYAHLYFFHCKLVLDLTQQCRRTLMEQPLTTLNIHLFIKTMKAPLLTEVAEDPQQVSTVHLQLGLPLVFIVSQQATYEADRRTAEWVAWRLLGKAGVLLLLRDSLEVNIPQDANVVFKRAEEGVPVEFLVLHDVDLIISHVENNMHIEEIQEDEDNDMEGPDIDVQDDEVAETVFRDRKRKLPLELTVELTEETFNATVMASDSIVLFYAGWQAVSMAFLQSYIDVAVKLKGTSTMLLTRINCADWSDVCTKQNVTEFPIIKMYKKGENPVSYAGMLGTEDLLKFIQLNRISYPVNITSIQEAEEYLSGELYKDLILYSSVSVLGLFSPTMKTAKEDFSEAGNYLKGYVITGIYSEEDVLLLSTKYAASLPALLLARHTEGKIESIPLASTHAQDIVQIITDALLEMFPEITVENLPSYFRLQKPLLILFSDGTVNPQYKKAILTLVKQKYLDSFTPCWLNLKNTPVGRGILRAYFDPLPPLPLLVLVNLHSGGQVFAFPSDQAIIEENLVLWLKKLEAGLENHITILPAQEWKPPLPAYDFLSMIDAATSQRGTRKVPKCMKETDVQENDKEQHEDKSAVRKEPIETLRIKHWNRSNWFKEAEKSFRRDKELGCSKVN	1
25	MVSRKAVAALLVVHVAAMLASQTEAFVPIFTYGELQRMQEKERNKGQKKSLSVWQRSGEEGPVDPAEPIREEENEMIKLTAPLEIGMRMNSRQLEKYPATLEGLLSEMLPQHAAK	1
27	MHGSCSFLMLLLPLLLLLVATTGPVGALTDEEKRLMVELHNLYRAQVSPTASDMLHMRWDEELAAFAKAYARQCVWGHNKERGRRGENLFAITDEGMDVPLAMEEWHHEREHYNLSAATCSPGQMCGHYTQVVWAKTERIGCGSHFCEKLQGVEETNIELLVCNYEPPGNVKGKRPYQEGTPCSQCPSGYHCKNSLCEPIGSPEDAQDLPYLVTEAPSFRATEASDSRKMGTPSSLATGIPAFLVTEVSGSLATKALPAVETQAPTSLATKDPPSMATEAPPCVTTEVPSILAAHSLPSLDEEPVTFPKSTHVPIPKSADKVTDKTKVPSRSPENSLDPKMSLTGARELLPHAQEEAEAEAELPPSSEVLASVFPAQDKPGELQATLDHTGHTSSKSLPNFPNTSATANATGGRALALQSSLPGAEGPDKPSVVSGLNSGPGHVWGPLLGLLLLPPLVLAGIF	1
21	MRLSVCLLMVSLALCCYQAHALVCPAVASEITVFLFLSDAAVNLQVAKLNPPPEALAAKLEVKHCTDQISFKKRLSLKKSWWK	1
25	MGALARALPSILLALLLTSTPEALGANPGLVARITDKGLQYAAQEGLLALQSELLRITLPDFTGDLRIPHVGRGRYEFHSLNIHSCELLHSALRPVPGQGLSLSISDSSIRVQGRWKVRKSFFKLQGSFDVSVKGISISVNLLLGSESSGRPTVTASSCSSDIADVEVDMSGDLGWLLNLFHNQIESKFQKVLESRICEMIQKSVSSDLQPYLQTLPVTTEIDSFADIDYSLVEAPRATAQMLEVMFKGEIFHRNHRSPVTLLAAVMSLPEEHNKMVYFAISDYVFNTASLVYHEEGYLNFSITDDMIPPDSNIRLTTKSFRPFVPRLARLYPNMNLELQGSVPSAPLLNFSPGNLSVDPYMEIDAFVLLPSSSKEPVFRLSVATNVSATLTFNTSKITGFLKPGKVKVELKESKVGLFNAELLEALLNYYILNTFYPKFNDKLAEGFPLPLLKRVQLYDLGLQIHKDFLFLGANVQYMRV	1
20	MKFLLGTLVVLATFVTLCNSQCYFIPNQSLKPNECQDLKGVSHPLNSVWKTKDCEECTCGQNAISCCNTAAIPTGYDTNKCQKILNKKTCTYTVVEKKDPGKTCDVTGWVL	1
22	MKGISKILSASIALMKLENVYSATALCSNAYGLTPGQQGMAQQPSYVLIPSTPGTIANCASGSQDTYSPSPAAPTSPVTPGKTSENETSPSAPAEDVGTCKIAVLKHCDAPGTTSGTTPGSGPCETPEQQQPLSVISTTPAVPVTVESAQSPSVVPVVPVVAHHQAVPGYYNNGTSGIPGQQQILSGTLPPGATLCQGQAMPSTPGQQQILSGTLPPGVTLCQGQATPSTPGQQQVLSGTLPPGVTLCQGQATPSTPGQQQVLSGTLLPGATLCQDQGMPGTSGVPGQQGQSSGQCCAPQIPNPVMPPSMNISGNGYPSSTAYSPNLGSLGSCVDIQKTGGTSCEQKPEKSATQYAMEACATPTPTVIIGNSEYLVGPGMYNAINSPCNTAVQCC	1
30	MAAATVGVLLRLLLLPVVVVVSLLVGASRAANVTYDHRAVVIDGVRRVLVSGSIHYPRSTPDMWPGLIQKSKDGGLDVIETYVFWDIHEAVRGQYDFEGRKDLVRFVKAVADAGLYVHLRIGPYVCAEWNYGGFPVWLHFVPGIKFRTDNEAFKAEMQRFTEKVVDTMKGAGLYASQGGPIILSQIENEYGNIDSAYGAAGKAYMRWAAGMAVSLDTGVPWVMCQQSDAPDPLINTCNGFYCDQFTPNSKSKPKMWTENWSGWFLSFGGAVPYRPAEDLAFAVARFYQRGGTFQNYYMYHGGTNFGRSTGGPFIATSYDYDAPIDEYGMVRQPKWGHLRDVHKAIKLCEPALIAAEPSYSSLGQNTEATVYQTADNSICAAFLANVDAQSDKTVKFNGNTYKLPAWSVSILPDCKNVVLNTAQINSQVTTSEMRSLGSSIQDTDDSLITPELATAGWSYAIEPVGITKENALTKPGLMEQINTTADASDFLWYSTSIVVKGDEPYLNGSQSNLLVNSLGHVLQIYINGKLAGSAKGSASSSLISLQTPVTLVPGKNKIDLLSTTVGLSNYGAFFDLVGAGVTGPVKLSGPNGALNLSSTDWTYQIGLRGEDLHLYNPSEASPEWVSDNAYPTNQPLIWYKTKFTAPAGDDPVAIDFTGMGKGEAWVNGQSIGRYWPTNLAPQSGCVNSCNYRGAYSSNKCLKKCGQPSQTLYHVPRSFLQPGSNDLVLFEQFGGDPSMISFTTRQTSSICAHVSEMHPAQIDSWISPQQTSQTQGPALRLECPREGQVISNIKFASFGTPSGTCGNYNHGECSSSQALAVVQEACVGMTNCSVPVSSNNFGDPCSGVTKSLVVEAACS	1
22	MKAVGAWLLCLLLLGLALQGAASRAHQHSMEIRTPDINPAWYAGRGIRPVGRFGRRRAAPGDGPRPGPRRVPACFRLEGGAEPSRALPGRLTAQLVQE	1
18	MHSSALLCCLVLLTGVRASPGQGTQSENSCTHFPGNLPNMLRDLRDAFSRVKTFFQMKDQLDNLLLKESLLEDFKGYLGCQALSEMIQFYLEEVMPQAENQDPDIKAHVNSLGENLKTLRLRLRRCHRFLPCENKSKAVEQVKNAFNKLQEKGIYKAMSEFDIFINYIEAYMTMKIRN	1
24	MKTTVILLLAIAIIFAIMTTLTSAKNEETMEEALKGLNELKERLKKQGIDTAALNLDEKLLT	1
21	MGTPPHIWFLLILAISSGGLSAAVGGCNHQCTPQSSVFQYQKGQTYTYSFEGTTLTSLPGTQGEPVRLKLKATADLSVADDCNKVLRLRGVTVSGPDSKNYANLKDLEAHPVLANFKGSSINKQLCSEDGDNQSSLNIKRAILSLLQTPNTKSSTASEVDVFGICPTNVRHSQRGDVTVISKTRNLNRYASRENLIQETLSTRFTGQSDLHATPFLDADLHVEQQIKGGLIVSATSRESYLFRPFSNQGNGAKTIVETKLTLTSQNAQPAPPLASFTVPKSIVFEAPHALASVPGGSSAITAALHAAESSTKDGVTVDAAEKFRTLVSVLRQSSTTDILKVYNDVKAGAGFSNKHSARNLLLDALFRTSTGDAVEVIARLLKTKEITANHWYLSLAFIQHASLKSVVSISSLLDQKNLPTEAFLGIGSFIGRYCREHNCENVAEFDEVLNKFSKHLSGSTTSKAGENRAIAALKALGNIRHLNNALGEKVKQLALDKSLPPRVRVAALEVIQSDPCRKNIKQAALQILRDQVEDSELRIKAYLAVVECPCDNVVKTISNLLENEPIIQVGSFVVSHLKNLQASTDPSKAEAKEKLGQLKPKKIFSSDIRKYSQNYELSYAIDAINAGASVESNVIFSQSSYLPRSVSLNLTADVFGHSYNVFEIAARTENLDHIIESFLGPKGYIETEDDDKFVDEVEEKTKSLYNRITERFEKTFRQKRSVSKDAVDNIRQQAYKSLLPSQRDRSLDVDLSLKTFGSELAWFNYDGKHEQKSSERVVDEIFDAIDEGLKKSKKFNYDFEPHFTFLDSELSYPTNLGFPLKLAIDGSIAARLKLNGEVDVRSILRQPENAAFRLEFVPSAAVELTGKLLVDAYVVEGGLKLDYNVHSSTGINVAVHNLNDLGIDIKVGLPVKKQDIIDVKTDVLTTVKERGHPETSTPLHFNLKGNDYKQYRGCFDQLSPVSGLTFCGNVSVPWVSPTQAAAFYPLNGPSHLSVSIEADDVSEYHFRAEIKKDESAFKSAAVLFDTPGSSADRKVLLLVEKKEKPHQGITAHLKSGWKEIVAEGLLIDDNNEKSVSAKLVIESDEYSIKGGVKISGNPSRQVYKPILEYKAPAKDSGAKVKKSHKTSEGITVDGAVVVERTSDKGKYTFQDLSLKTPKGTFVINGQLDIVPRNYAFDLKLSVDKNELLLNGHLNYAEPKSIDVALEVTSPQFPDYGSGFQLINKRGDDYSDTKIILACGRDLKSDGSRLILEHFIKGKYETPDTFNLETKGEVLGTGHKIFGKFDIDSKPKHLEYDLKLGFDENEVTSDLVAKRDIKSPDDYELKFSAKILDNSIRIESSREVKPKDDSAFLNTLVVLSGKKYEFQVDVKLAAEDEYHTSLKAESNLKIEGKTSVRLITDFTTDAQTVNGHVKVSNEGEDFFELIYKLNRGSGNPSGNAKLFVKNYLDGAATFKYNNGVGSGTLQIDVLKLHRKIKATGDLTLSGSQRSAAIDLYWDADRDQSKQLLFKTENDVKEKSIDSKNTLKILDKLTTLNFKGSLSGAIDDGEVEGQGELILPVGTYLGVKFGRALHLTQADTKVGLHLQAEGRESASSTQPVWKSDFLLESALTRDSFVGEAKLLFETKGKDDLKLFLSGKSLPQGEKKLISGQFSGQGSLIGGRTSVIKLNSEIDETFIAYNLNSECNQGYRANIVGKINRGYSPVAVKQIENTLELLLPFDKLKQLKHTIIGTFSSQPESTPEFTVSNVIIWNNENTLKLTGEAAGDEKEGRTKWDLILPKEEPRTLETTWSNAGDNKKAGSLSFKWGGNKEAKVSTDIEFTSDNQPQILHLKATSPTEKFGIFDLALSLKKNADPADKIDFELTVTADQKKTDVKGSLGLAPGVPIIDVVAVQPSGTSKVFVDFLRKSDSELHGAIELQWVAFGGGHLTANGDIKLDIDDFYLKLDVDSPKFNFNKWHLEAGQRAAKGSKRIVFTAKSAEKVLFSGSTNFHSKAENNKISYSGNGQVRIGDKAHAFNFRSSRQNLIQDANKEIGVEYNLDFKIAGHGSLHNILKVTNKELHALGKQCSEGKPNCAVVEIKSKVSAADAKETTHDLVFLVDLKSVGVDTGVAFTAETVRRGFWLIDEQASLTLSHNGETTYKYKGYLKESGSGFTLTLPSRVIAAEVKLSSDVKPNHSKQQISASVWLDKTRLPNSFSSVSILLEEIEDKNTDKYVSQLRFTHPNLEKDLTVKGYVQIGLENKLFDSNLEIDIFKQKNQKISISSTVVEQKQNDVVKYLSTLDVKSKGHELDVTGRGEATVKPSLIALQSVLKYKKDKRIKEFKNFQFEVSTEKLLVHVKVPNHHLLHIDANTKINDKHASGDASVHIIGLPTSVIHIEGENKGFPVVKGTISSEGTPNKLELIADLSDGLLVEADFISESGKKELFYTFLSGKKDSRKPEFRWSVENIQSALEPHKNDIQEVLNKLKEISDEAGNEITKESSRLADSLKAGLPNFRRFVNTYETQLKALKEEIANDKVLKEISENWKEVIGDAAEVVSTLVNGILVTIDALLKTLNELAESVLDALKKSLPALKDSYKQAVDAIVGIAKSLTQSLVNILSSAAEILKKHEADIKEYLSVLADLANDVGKFVTKITGVIYEGVVEFSKPIKEKLDGLKFGVAIEFGKVVEQLQNLIVPQELLAFAQEIVSELKETTLTPEIQDLLQAIEKYLEKVSKKKDADVEKELKLIFEKAIDAVESVINFVVSEITGGDHTKDLYDINIPTVLPSFIQLPRVFSVRFSPLIYLVSNGVPCLSDLLASYRPSLRFDNIIPPYDATAILLNSHHFFTFDRRHLTFKGICSYILAQDVQDGNFTIIANIEGGSLKSIIVSDQATTFELASDKSLLVNGRPTEYPADEGEFHAWREYNRVGIQTKAGVKVTCETSIELCTFEINGFYFGKTRGLLGTINNEPWDDFTKPDGQVASKANEFGNAWKVDAQCANVDGVDHHEHSIKVEECEEVFSKASLLSPCSLFLDPAPYLEACSHIAHEATTKEEKQLAACRTAAAYVQACSVENVFVSVPPHCVHCSVNGDAAIDIGQSFSVKVPQKSADILIVLEQVTGNAETVKDFVSPIVSQLTQELSSRGISDVWISLLGYGAPGQEYPHLYTSSGGKLSYDGKQKNIQFGERKVLGPFPFDNFTESIDWLDEFTDQAFHLITTADTILDYPFRPGAAKSIIYVLDTSCETTLFLKHLPVKALKLKDAIGSPGIVLHLVTNVDSVQSKNIVGFDTNHAYYNQEGKKRVVSEVTGNEKAALKISETACGQIALATSGTVFNKNNLKQTKKFVAQHIADSLTNVELTQDCKCLPVEGIHTRAVCAVTGAREKEHLSVKGVKGTKGVKG	1
28	MTMRHCWTAGPSSWWVLLLYVHVILARATSAPQTTATVLTGSSKDPCSSWSPAVPTKQYPALDVIWPEKEVPLNGTLTLSCTACSRFPYFSILYWLGNGSFIEHLPGRLKEGHTSREHRNTSTWLHRALVLEELSPTLRSTNFSCLFVDPGQVAQYHIILAQLWDGLKTAPSPSQETLSSHSPVSRSAGPGVA	1
24	MKGPPTFCSLLLLSLLLSPDPTAAFLLPPSTACCTQLYRKPLSDKLLRKVIQVELQEADGDCHLQAFVLHLAQRSICIHPQNPSLSQWFEHQERKLHGTLPKLNFGMLRKMG	1
28	MRTADREARPGLPSLLLLLLAGAGLSAASPPAAPRFNVSLDSVPELRWLPVLRHYDLDLVRAAMAQVIGDRVPKWVHVLIGKVVLELERFLPQPFTGEIRGMCDFMNLSLADCLLVNLAYESSVFCTSIVAQDSRGHIYHGRNLDYPFGNVLRKLTVDVQFLKNGQIAFTGTTFIGYVGLWTGQSPHKFTVSGDERDKGWWWENAIAALFRRHIPVSWLIRATLSESENFEAAVGKLAKTPLIADVYYIVGGTSPREGVVITRNRDGPADIWPLDPLNGAWFRVETNYDHWKPAPKEDDRRTSAIKALNATGQANLSLEALFQILSVVPVYNNFTIYTTVMSAGSPDKYMTRIRNPSRK	1
18	MSMLFYTLITAFLIGVQAEPYTDSNVPEGDSVPEAHWTKLQHSLDTALRRARSAPTAPIAARVTGQTRNITVDPRLFKKRRLHSPRVLFSTQPPPTSSDTLDLDFQAHGTIPFNRTHRSKRSSTHPVFHMGEFSVCDSVSVWVGDKTTATDIKGKEVTVLAEVNINNSVFRQYFFETKCRASNPVESGCRGIDSKHWNSYCTTTHTFVKALTTDEKQAAWRFIRIDTACVCVLSRKATRRG	1
22	MAASALAWLLLWAAGLVGRLAADISDARFSDGVRATCSEIILRQEFLKDGFHRDLLIKVKFGESIEDLQTCRLLIKHYIPTGLFVDPYELASLRERNITEAVMVSESFNLEAPNYLSTESAVLIYARQDAQCIDCFQAFLPVHYRYHRPHKKDGDTLIVVNNPDLLMHCDQEFPILKCWAQSEVAAPCSLKSEEICQWKNMQYKSILKNLTVQVPVGLTIHTSLVCSVTLLITVLCSTLILLAVFKYGHFSL	1
20	MKSFFLVVNILALTLPFLGAEVQNQEQPTCHKNDERFFDLKTVKYIPIYYVLNSSPRYEPIYYQHRLALLINNQHMPYQYYARPAAVRPHVQIPQWQVLPNIYPSTVVRHPCPHPSFIAIPPKKLQEITVIPKINTIATVEPTPIPTPEPTVNNAVIPDASSEFIIASTPETTTVPVTSPVVQKL	1
18	MLGVLVLGALALAGLGFPAPAEPQPGGSQCVEHDCFALYPGPATFLNASQICDGLRGHLMTVRSSVAADVISLLLNGDGGVGRRRLWIGLQLPPGCGDPKRLGPLRGFQWVTGDNNTSYSRWARLDLNGAPLCGPLCVAVSAAEATVPSEPIWEEQQCEVKADGFLCEFHFPATCRPLAVEPGAAAAAVSITYGTPFAARGADFQALPVGSSAAVAPLGLQLMCTAPPGAVQGHWAREAPGAWDCSVENGGCEHACNAIPGAPRCQCPAGAALQADGRSCTASATQSCNDLCEHFCVPNPDQPGSYSCMCETGYRLAADQHRCEDVDDCILEPSPCPQRCVNTQGGFECHCYPNYDLVDGECVEPVDPCFRANCEYQCQPLNQTSYLCVCAEGFAPIPHEPHRCQMFCNQTACPADCDPNTQASCECPEGYILDDGFICTDIDECENGGFCSGVCHNLPGTFECICGPDSALARHIGTDCDSGKVDGGDSGSGEPPPSPTPGSTLTPPAVGLVHSGLLIGISIASLCLVVALLALLCHLRKKQGAARAKMEYKCAAPSKEVVLQHVRTERTPQRL	1
20	MLKFILALALFLHLTMEASAACKGKKCPPTGFVGMRG	1
22	MASRWAVQLLLVAAWSMGCGEALKCYTCKEPMTSASCRTITRCKPEDTACMTTLVTVEAEYPFNQSPVVTRSCSSSCVATDPDSIGAAHLIFCCFRDLCNSEL	1
46	MATDGITSRFGFNERRRTHNRNSCRILEDKMLAKLLLLALAGLTAAYQYENSFKGYNPGYKGYDAGYKGYGYDAGYKYNNQGYSYKNGFEYGYQNAYQAAFYKHRPNVTEFEFSSWMPNYEYVYNVTSKTMTALAELDDQWTGVFTRAYLVIRPKSRDYVVAYVKQPEYAVFNERLPYGYATKFYHDMFKFQPMPMSSKPFGIRYHKGAIKGLYVEKTIPNNEVNILKAWISQLQVDTRGANLMHSSKPIHPSKNEWNGHYKVMEPLVTGECETHYDVNLIPAYMIQAHKQWVPQGQLRGEDGQFIQVTKTQNFDRCDQRMGYHFGFTGYSDFRPNTNQMGNVASKSLVSYMYLTGNWYNFTIQSSSMINKVAIAPSLVNKEPALVYAQVNMTLNDVHPYDKVPMGPAEDLKVFVDLVYSYNMPSDKKNYVRPGNETSSSSSSSSSSSSSSSESSSSSSESVENPKISPVEQYKPLLDKVEKRGNRYRRDLNAIKEKKYYEAYKMDQYRLHRLNDTSSDSSSSDSSSSSSSESKEHRNGTSSYSSSSSSSSSSSSSESSSYSSSSSSSSESYSISSEEYYYQPTPANFSYAPEAPFLPFFTGYKGYNIFYARNVDAIRSVGKLVEEIASDLENPSDLPKSNTMSKFNILTRAIRAMGYEDIYELAQKYFVSQKERQVAQFSDKKFSKRVDAWVTLRDAVAEAGTPSAFKLIFDFIKEKKLRGYEAATVIASLAQSIRYPTEHLLHEFFLLVTSDVVLHQEYLNATALFAYSNFVNQAHVSNRSAYNYYPVFSFGRLADADYKIIEHKIVPWFAHQLREAVNEGDSVKIQVYIRSLGNLGHPQILSVFEPYLEGTIQITDFQRLAIMVALDNLVIYYPSLARSVLYRAYQNTADVHEVRCAAVHLLMRTDPPADMLQRMAEFTHHDPSLYVRAAVKSAIETAALADDYDEDSKLAINAKAAINFLNPEDVSIQYSFNHIRDYALENLELSYRLHYGEIASNDHRYPSGLFYHLRQNFGGFKKYTSFYYLVSSMEAFFDIFKKQYNTKYFADYYKSADYSTNYYNFDKYSKYYKQYYYSKDSEYYQKFYGQKKDYYNDKEPFKFTAPRIAKLLNIDAEEAEQLEGQLLFKLFNGYFFTAFDNQTIENLPHKMRHLFENLEDGYAFDVTKFYQQQDVVLAWPLATGFPFIYTLKAPTVFKFEVDASAKTHPQVYKMPAGHPETENDDFFYMPQSINGSVDVNLLYHRMVDAKVGFVTPFDHQRYIAGYQKKLHGYLPFNVELGLDFVKDEYEFEFKFLEPKDDHLLFHMSSWPYTGYKDITDMRPIAENPNAKIVHDDNQSTKTMEHTFGQDMTGVALRFHAKYDFDLINFQQFWSLVQKNDFVSAVNYPFAYQPYEYHQFNLFYDSQRTHAKSFKFYAYQKFGAPSFEETGPKHPANRHSYSGNYYESNYAQPFVYSPGSQRRYEQFFRNAASGIRNSFVRYYDFGFEFYAPQYKSEFTFTTAFADSPVDKTSRQLYYFYASPMFPSQSYFKDIPFSGKQFQFCATATSEFPRVPYLKFSDFDKYYGDASQYFDFLYGESCQGGAHIAVKGKQKQTGKYREYLRFSDVAKACKEQMANGYYQFEECQQAIDQAYYYDFYDYAIEYKDVGSVAKNLTNKFYNYFQYAFYPYFESNFFYHGKSNYIKAEFEFAPYGDYYNASFFGPSYAFQVQNYPVFNDYSTYFPYFFKYTFFPRYQPYYMHRLPAHKPRNRPYYELSNYEQFAVFDRKPQYPSCSFSNDYFYTFDNKKYFYDMGECWHAVMYTVKPDYDFYAQQSHFYNSDFEYKYKNGFEEYEQFAALARRGSDNQLYFKFLFGDNYIEVFPNNGGIPFVKYNGRPYDISKSNIAHFEYKEGYPSFPFFYAFAYPNKDLEVSFFGGKLKFATDGYRARFFSDYSFYNNFVGLCGTNNGEYFDEFVTPDQCYMRKPEFFAASYAITGQNCTGPAKAFNYAYQQKAKQECVKREVYYGDIIYNQEYYHPRYRYYNHNVEESSSSSSSSSSDSSSSSSSSESSSRSRSGSSSSSSSSEEQKEFHPHKQEHSMKECPVQHQHQFFEQGDRTCFSLRPLPVCHSKCVATEKISKYFDVHCFEKDSTQAKKYKSDIGRGYTPDFKSFAPHKTYKFNYPKSCVYKAY	1
27	MKTLSPTGYGLLLVLPLLLAVLQSTTAHKNDINIYSLTVDSKVSSRFAHTVVTSRVVNKGSAVQEATFQMELPKKAFITNFSMIIDGVTYPGNIKEKAAAQEQYSAVARGESAGLVRATGRKTEQFQVAVSVAPAAKVTFELVYEELLARHLGVYELLLKIQPQQLVKHLQMDIHIFEPQGISFLETESTFMTNELAEALTISQNKTKAHIRFKPTLSQQQKSPEQQETVLDGNFIVRYDVNRTVTGGSIQIENGYFVHYFAPEVWSAIPKNVIFVIDTSGSMRGRKIQQTREALIKILGDLGSRDQFNLVSFSGEAPRRRAVAASAENVEEAKSYAAEIHAQGGTNINDAMLMAVQLLERANREELLPARSVTFIILLTDGDPTVGETNPSKIQKNVREAIDGQHSLFCLGFGFDVPYAFLEKMALENGGLARRIYEDSDSALQLEDFYQEVANPLLRLVAFEYPSNAVEEVTQDNFRLFFKGSELVVAGKLRDQSPDVLSAKVRGQLHMENVTFVMESRVAEQEAEFLSPKYIFHSFMERLWAYLTIQQLLAQTVSASDAEKKALEARALSLSLNYSFVTPLTSMVITKPEGQEQSQVAEKPVENGNRQGNTHSGHSSFQFHSVGDRTSRLTGGSSVDPVFSHRRGWKGQAQGFEKMSYLPPRLGPPGPLQPTRFSHPFSRITLDRVLPEVLSVPDETSHDMDSRIIGATIPPPPARIQAPSVILPLPGQSVDQLCVDLKHSQGPVKLLSDPGQGVEVTGHYEREKARFSWIEVTFKHPPLQVRASLEHIVVIRNRQSSAYKWKETLYSVMPGLKITMDKAGLLLLSSPNRVTIGLLSWDGPGKGLRLLLRDTDHFSSQISGTFGQFYQDVVWGPPAAADDSKRTVTVQGHDHSATRELKLDYQEGSPGKEISCWTVVL	1
19	MKLASGFLVLWLSLGGGLAQSDTSPDTEESYSDWGLRHLRGSFESVNSYFDSFLELLGGKNGVCQYRCRYGKAPMPRPGYKPQEPNGCGSYFLGLKVPESMDLGIPAMTKCCNQLDVCYDTCGANKYRCDAKFRWCLHSICSDLKRSLGFVSKVEAACDSLVDTVFNTVWTLGCRPFMNSQRAACICAEEEKEEL	1
20	MKLMVLVFTIGLTLLLGVQAMPANRLSCYRKILKDHNCHNLPEGVADLTQIDVNVQDHFWDGKGCEMICYCNFSELLCCPKDVFFGPKISFVIPCNNQ	1
23	MALSLFTVGQFIFLFWTISITEANIDPAARAAAAAAASKAAVTAADAAAAAATIAASAASVAAATAADDAAASIATINAASAAAKSIAAAAAMAAKDTAAAAASAAAAAVASAAKALETINVKAAYAAATTANTAAAAAAATATTAAAAAAAKATIDNAAAAKAAAVATAVSDAAATAATAAAVAAATLEAAAAKAAATAVSAAAAAAAAAIAFAAAP	1
21	MQRVILVVLLLSCMAVLSVRADNSEMLAPPPRPEEFTSAQQLRQYLAALNEYYSIMGRPRFGKRGDSFRKREFFRTNGERYPEDAAAWTEFQ	1
18	MRLLAKIICLMLWAICVAEDCNELPPRRNTEILTGSWSDQTYPEGTQAIYKCRPGYRSLGNVIMVCRKGEWVALNPLRKCQKRPCGHPGDTPFGTFTLTGGNVFEYGVKAVYTCNEGYQLLGEINYRECDTDGWTNDIPICEVVKCLPVTAPENGKIVSSAMEPDREYHFGQAVRFVCNSGYKIEGDEEMHCSDDGFWSKEKPKCVEISCKSPDVINGSPISQKIIYKENERFQYKCNMGYEYSERGDAVCTESGWRPLPSCEEKSCDNPYIPNGDYSPLRIKHRTGDEITYQCRNGFYPATRGNTAKCTSTGWIPAPRCTLKPCDYPDIKHGGLYHENMRRPYFPVAVGKYYSYYCDEHFETPSGSYWDHIHCTQDGWSPAVPCLRKCYFPYLENGYNQNYGRKFVQGKSIDVACHPGYALPKAQTTVTCMENGWSPTPRCIRVKTCSKSSIDIENGFISESQYTYALKEKAKYQCKLGYVTADGETSGSITCGKDGWSAQPTCIKSCDIPVFMNARTKNDFTWFKLNDTLDYECHDGYESNTGSTTGSIVCGYNGWSDLPICYERECELPKIDVHLVPDRKKDQYKVGEVLKFSCKPGFTIVGPNSVQCYHFGLSPDLPICKEQVQSCGPPPELLNGNVKEKTKEEYGHSEVVEYYCNPRFLMKGPNKIQCVDGEWTTLPVCIVEESTCGDIPELEHGWAQLSSPPYYYGDSVEFNCSESFTMIGHRSITCIHGVWTQLPQCVAIDKLKKCKSSNLIILEEHLKNKKEFDHNSNIRYRCRGKEGWIHTVCINGRWDPEVNCSMAQIQLCPPPPQIPNSHNMTTTLNYRDGEKVSVLCQENYLIQEGEEITCKDGRWQSIPLCVEKIPCSQPPQIEHGTINSSRSSQESYAHGTKLSYTCEGGFRISEENETTCYMGKWSSPPQCEGLPCKSPPEISHGVVAHMSDSYQYGEEVTYKCFEGFGIDGPAIAKCLGEKWSHPPSCIKTDCLSLPSFENAIPMGEKKDVYKAGEQVTYTCATYYKMDGASNVTCINSRWTGRPTCRDTSCVNPPTVQNAYIVSRQMSKYPSGERVRYQCRSPYEMFGDEEVMCLNGNWTEPPQCKDSTGKCGPPPPIDNGDITSFPLSVYAPASSVEYQCQNLYQLEGNKRITCRNGQWSEPPKCLHPCVISREIMENYNIALRWTAKQKLYSRTGESVEFVCKRGYRLSSRSHTLRTTCWDGKLEYPTCAKR	1
15	MKLATAFTILTAVLAAPLAAPAPAPDAAPAAVPEGPAAAAYSSILSVVAKQSKKFKHHKRDLDEKDQFIVVFDSSATVDQIASEIQKLDSLVDEDSSNGITSALDLPVYTDGSGFLGFVGKFNSTIVDKLKESSVLTVEPDTIVSLPEIPASSNAKRAIQTTPVTQWGLSRISHKKAQTGNYAYVRETVGKHPTVSYVVDSGIRTTHSEFGGRAVWGANFADTQNADLLGHGTHVAGTVGGKTYGVDANTKLVAVKVFAGRSAALSVINQGFTWALNDYISKRDTLPRGVLNFSGGGPKSASQDALWSRATQEGLLVAIAAGNDAVDACNDSPGNIGGSTSGIITVGSIDSSDKISVWSGGQGSNYGTCVDVFAPGSDIISASYQSDSGTLVYSGTSMACPHVAGLASYYLSINDEVLTPAQVEALITESNTGVLPTTNLKGSPNAVAYNGVGI	1
28	MARLALSPVPSHWMVALLLLLSAEPVPAARSEDRYRNPKGSACSRIWQSPRFIARKRGFTVKMHCYMNSASGNVSWLWKQEMDENPQQLKLEKGRMEESQNESLATLTIQGIRFEDNGIYFCQQKCNNTSEVYQGCGTELRVMGFSTLAQLKQRNTLKDGIIMIQTLLIILFIIVPIFLLLDKDDSKAGMEEDHTYEGLDIDQTATYEDIVTLRTGEVKWSVGEHPGQE	1
24	MAPWMHLLTVLALLALWGPNSVQAYSSQHLCGSNLVEALYMTCGRSGFYRPHDRRELEDLQVEQAELGLEAGGLQPSALEMILQKRGIVDQCCNNICTFNQLQNYCNVP	1
25	MPPRWASLLLLACSLLLLAVPPGTAGPSQPTYPGDDAPVEDLIRFYNDLQQYLNVVTRHRYGRRSSSRVLCEEPMGAAGC	1
19	MRSLGALLLLLSACLAVSAGPVPTPPDNIQVQENFNISRIYGKWYNLAIGSTCPWLKKIMDRMTVSTLVLGEGATEAEISMTSTRWRKGVCEETSGAYEKTDTDGKFLYHKSKWNITMESYVVHTNYDEYAIFLTKKFSRHHGPTITAKLYGRAPQLRETLLQDFRVVAQGVGIPEDSIFTMADRGECVPGEQEPEPILIPRVRRAVLPQEEEGSGGGQLVTEVTKKEDSCQLGYSAGPCMGMTSRYFYNGTSMACETFQYGGCMGNGNNFVTEKECLQTCRTVAACNLPIVRGPCRAFIQLWAFDAVKGKCVLFPYGGCQGNGNKFYSEKECREYCGVPGDGDEELLRFSN	1
23	MMSASRLAGTLIPAMAFLSCVRPESWEPCVEVVPNITYQCMELNFYKIPDNLPFSTKNLDLSFNPLRHLGSYSFFSFPELQVLDLSRCEIQTIEDGAYQSLSHLSTLILTGNPIQSLALGAFSGLSSLQKLVAVETNLASLENFPIGHLKTLKELNVAHNLIQSFKLPEYFSNLTNLEHLDLSSNKIQSIYCTDLRVLHQMPLLNLSLDLSLNPMNFIQPGAFKEIRLHKLTLRNNFDSLNVMKTCIQGLAGLEVHRLVLGEFRNEGNLEKFDKSALEGLCNLTIEEFRLAYLDYYLDDIIDLFNCLTNVSSFSLVSVTIERVKDFSYNFGWQHLELVNCKFGQFPTLKLKSLKRLTFTSNKGGNAFSEVDLPSLEFLDLSRNGLSFKGCCSQSDFGTTSLKYLDLSFNGVITMSSNFLGLEQLEHLDFQHSNLKQMSEFSVFLSLRNLIYLDISHTHTRVAFNGIFNGLSSLEVLKMAGNSFQENFLPDIFTELRNLTFLDLSQCQLEQLSPTAFNSLSSLQVLNMSHNNFFSLDTFPYKCLNSLQVLDYSLNHIMTSKKQELQHFPSSLAFLNLTQNDFACTCEHQSFLQWIKDQRQLLVEVERMECATPSDKQGMPVLSLNITCQMNKTIIGVSVLSVLVVSVVAVLVYKFYFHLMLLAGCIKYGRGENIYDAFVIYSSQDEDWVRNELVKNLEEGVPPFQLCLHYRDFIPGVAIAANIIHEGFHKSRKVIVVVSQHFIQSRWCIFEYEIAQTWQFLSSRAGIIFIVLQKVEKTLLRQQVELYRLLSRNTYLEWEDSVLGRHIFWRRLRKALLDGKSWNPEGTVGTGCNWQEATSI	1
15	MRLLILTCLVAVALARPKLPLRYPERLQNPSESSEPIPLESREEYMNGMNRQRNILREKQTDEIKDTRNESTQNCVVAEPEKMESSISSSSEEMSLSKCAEQFCRLNEYNQLQLQAAHAQEQIRRMNENSHVQVPFQQLNQLAAYPYAVWYYPQIMQYVPFPPFSDISNPTAHENYEKNNVMLQW	1
20	MDLFKILLLVFFVNISFCFAADPYSFYNFEVSYITASPLGVPQQVIAINGKFPGPTINVTTNENLVVNVRNKLDEGLLLHWNGIQQRRVSWQDGVLGTNCPIPPKWNWTYEFQVKDQIGSFFYFPSLHFQRASGGFGSFVVNPRAIIPVPFSTPDGDITVTIGDWYIRNHTALRKALDDGKDLGMPDGVLINGKGPYRYNDTLVADGIDFETITVHPGKTYRLRVSNVGISTSLNFRIQGHNLVLAESEGSYTVQQNYTSLDIHVGQSYSFLVTMDQNASSDYYIVASARVVNETIWRRVTGVGILKYTNSKGKAKGQLPPGPQDEFDKTFSMNQARSIRWNVSASGARPNPQGSFKYGSINVTDVYVLRNMPPVTISGKRRTTLNGISFKNPSTPIRLADKLKVKDVYKLDFPKRPLTGPAKVATSIINGTYRGFMEVVLQNNDTKMQSYHMSGYAFFVVGMDYGEWTENSRGTYNKWDGIARSTIQVYPGAWSAILISLDNPGAWNLRTENLDSWYLGQETYVRVVNPDENNKTEFGHPDNVLYCGALSKLQKPQKVSSSASKSIGFTSLSMVVMALVMMMMLQH	1
21	MKLTFFLGLLALISCFTPSESQRFSRRPYLPGQLPPPPLYRPRWVPPSPPPPYDSRLNSPLSLPFVPGRVPPSSFSRFSQAVILSQLFPLESIRQPRLFPGYPNLHFPLRPYYVGPIRILKPPFPPIPFFLAIYLPISNPEPQINITTADTTITTNPPTTATATTSTSTKPTMTISSSTVPISSTPEPATSISAATPAASTENTTQILANRPHTVLLNATVQVTTSNQTILSSPAFKSFWQKLFAIFG	1
22	MAGKLGVLLLALVLSLAQPASARRKLLVFLLDGFRADYISDEALESLPGFKEIVSRGVKVDYLTPDFPTLSYPNYYSLMTGRHCEVHQMTGNYMWDPDTNKSFDLGINRDSRLPLWWNGSEPLWVTLTKAKRKVYMYYWPGCEVEILGVRPTYCLEYKSVPTDINFVNAVSGALDVFKSGQADLAAIYYERVDVEGHHYGPSSPQRKDAVKAVDTVMAYMTKWIQERDLQDDLNVIIFSDHGMTDISWTDKVIKLDNYINLRDLQQLKGRGPVVSLWPAPGKHSEIYNKVRRVEHMTVYAKEDIPSRFYYKKGKFVSPLTLVADEGWFITENRESLPFWMNSTVTRKPEGWQWGWHGYDNELRAMRGIFLAFGPDFKSDFRAAPIRVVDIYNLMCKVTGVTPLPNNGSWSRVMCMLKDPASSAPGAPPCACALVTVLLVLLAILA	1
16	MLLCLTLLFSASAVLAMPTPEGSPHHEIYKVCVPEGALESCHRMSQESDLHMTCVAARDRIECLDKIKHREADFAPVDPEDMYVAAKIPQQDFIIFKEIRTKEEPDEEFRYEAVCVIHKDLDITSIHGLQGLKSCHTGVGRNVGYKIPITKLRHMGVLGPLNNSDLTPRENELHALSHLFSEACLVGKWAPDPAQNQALKAKYPNLCALCEHPEICDYPDKYSGYDGALRCLAEHGGQVAWTKVYYVKKHFGMAIGAGEAVPTGQNPDDYAYLCPDATKKPITGKPCIWAARPWQGYMANHDLDNDIADLRAKISLADTIGETENADWLSKVLDLNNKTIPIDNQGPYSPENYLNKANYTDVIERDTGAPHRPVRFCVTSDAELEKCRVLKRAAYSRDIRPAFDCVREAGLHECLRTVRDDGADVITLDGGEVFVAQRQYNLKPIVAEQYGEHGSLYYAVAVVRKDSTYQSIEDLRGAKSCHTGYGRNAGWNVPLYTLLSKELISKNSCPYSSALSSYFSGGSCVPGAQLPENNPANQNPDSLCSICAGNLDAPNNDPAWKCSASNDESFFGYSGAFRCLASGEGQVAFVKHTTVPENTDGHNQAAWTAGLRSEDFELLCADGGRASINEYSRCHLAEVPPHMVVTSNDKTDIQLNEIRHAILAAGDLYSRRPDLFKLFGDFGGTKDLLFKNSATGLLSVENGSPLMQRYSEILEVIRACENQPTP	1
26	MALPPGPAALRHTLLLLPALLSSGWGELEPQIDGQTWAERALRENERHAFTCRVAGGPGTPRLAWYLDGQLQEASTSRLLSVGGEAFSGGTSTFTVTAHRAQHELNCSLQDPRSGRSANASVILNVQFKPEIAQVGAKYQEAQGPGLLVVLFALVRANPPANVTWIDQDGPVTVNTSDFLVLDAQNYPWLTNHTVQLQLRSLAHNLSVVATNDVGVTSASLPAPGLLATRVEVPLLGIVVAAGLALGTLVGFSTLVACLVCRKEKKTKGPSRHPSLISSDSNNLKLNNVRLPRENMSLPSNLQLNDLTPDSRAVKPADRQMAQNNSRPELLDPEPGGLLTSQGFIRLPVLGYIYRVSSVSSDEIWL	1
19	MNILLATASFVLSLGFVKAEPTRHHDRYAYIERVVCDVNFPDLLCRRKSHAIAYRMFRLIPVRNPNYEISTDYVSHEFNTTRVRSESEKYLCSSYGPNGYVSGDVFILRNALNKLFDHHEIEELAYELFIRLVASFLDSCSYPKSFEHNLVRCRSEDEELCTSPLAAFIKLVSRRSTRDVVLIVLNDFSHYLKLEEGHGFSKDRKSNQCVKFTQLYFYYLSAAVNFIERKISAFTLIPVMDDRRIASVSAIMISSKFANTTGNYVINATSFMDNTIPF	1
21	MPLPLLLAALCLAASPAPARACQLPSEWRPLSEGCRAELAETIVYAKVLALHPEVPGLYNYLPWQYQAGEGGLFYSAEVEMLCDQAWGSMLEVPAGSRLNLTGLGYFSCHSHTVVQDYSYFFFVRMDENYNLLPHGVNFQDAIFPDTQENRRMFSSLFQFANCSQGQQLTTFSSDWEVQEDNRLMCSSVQKALFEEEDHVKKLQQKVATLEKRNRQLRERVKKVKRSLRQARKNSRHLELVNQKLNEKLGASSAQQHINALGREPVRAPYLHG	1
18	MIIKALAIVSLCLASIQASKVGAPQLPKKHLVCYYDSASFVKEGLGKLVIDELEPALQFCDYLVYGYAGIERDSHKAVSLNQQLDLDLGKGLYRTVTRLKRKYPNVKILLSVGGDKDIELDKDAKELPNKYLELLESPTGRTRFVNTVYSLVKTYGFDGLDVAWQFPKNKPKKVHSGIGSLWKGFKKVFSGDSIVDEKSEEHKEQFTALLRDVKNAFRPDNLLLSTTVLPNVNSSLFYDIPAVVNYLDFVNLGTFDFFTPQRNPEVADYAAPIYELSERNPEFNVAAQVKYWLRNNCPASKINVGVATYGRPWKLTDDSGDTGVPPVKDVKDEAPVGGNTQVPGIYSWPEVCALLPNQNNAYLKGANAPLIKVQDPAKRFGSYAYRAADKKGDNGIWVSFEDPDTAADKAGYVRTENLGGVALFDLSYDDFRGLCTNEKYPILRAIKYRLTN	1
21	MWVSWAPGLWLLGLWATFGHGANTGAQCPPSQQEGLKLEHSSSLPANVTGFNLIHRLSLMKTSAIKKIRNPKGPLILRLGAAPVTQPTRRVFPRGLPEEFALVLTLLLKKHTHQKTWYLFQVTDANGYPQISLEVNSQERSLELRAQGQDGDFVSCIFPVPQLFDLRWHKLMLSVAGRVASVHVDCSSASSQPLGPRRPMRPVGHVFLGLDAEQGKPVSFDLQQVHIYCDPELVLEEGCCEILPAGCPPETSKARRDTQSNELIEINPQSEGKVYTRCFCLEEPQNSEVDAQLTGRISQKAERGAKVHQETAADECPPCVHGARDSNVTLAPSGPKGGKGERGLPGPPGSKGEKGARGNDCVRISPDAPLQCAEGPKGEKGESGALGPSGLPGSTGEKGQKGEKGDGGIKGVPGKPGRDGRPGEICVIGPKGQKGDPGFVGPEGLAGEPGPPGLPGPPGIGLPGTPGDPGGPPGPKGDKGSSGIPGKEGPGGKPGKPGVKGEKGDPCEVCPTLPEGFQNFVGLPGKPGPKGEPGDPVPARGDPGIQGIKGEKGEPCLSCSSVVGAQHLVSSTGASGDVGSPGFGLPGLPGRAGVPGLKGEKGNFGEAGPAGSPGPPGPVGPAGIKGAKGEPCEPCPALSNLQDGDVRVVALPGPSGEKGEPGPPGFGLPGKQGKAGERGLKGQKGDAGNPGDPGTPGTTGRPGLSGEPGVQGPAGPKGEKGDGCTACPSLQGTVTDMAGRPGQPGPKGEQGPEGVGRPGKPGQPGLPGVQGPPGLKGVQGEPGPPGRGVQGPQGEPGAPGLPGIQGLPGPRGPPGPTGEKGAQGSPGVKGATGPVGPPGASVSGPPGRDGQQGQTGLRGTPGEKGPRGEKGEPGECSCPSQGDLIFSGMPGAPGLWMGSSWQPGPQGPPGIPGPPGPPGVPGLQGVPGNNGLPGQPGLTAELGSLPIEQHLLKSICGDCVQGQRAHPGYLVEKGEKGDQGIPGVPGLDNCAQCFLSLERPRAEEARGDNSEGDPGCVGSPGLPGPPGLPGQRGEEGPPGMRGSPGPPGPIGPPGFPGAVGSPGLPGLQGERGLTGLTGDKGEPGPPGQPGYPGATGPPGLPGIKGERGYTGSAGEKGEPGPPGSEGLPGPPGPAGPRGERGPQGNSGEKGDQGFQGQPGFPGPPGPPGFPGKVGSPGPPGPQAEKGSEGIRGPSGLPGSPGPPGPPGIQGPAGLDGLDGKDGKPGLRGDPGPAGPPGLMGPPGFKGKTGHPGLPGPKGDCGKPGPPGSTGRPGAEGEPGAMGPQGRPGPPGHVGPPGPPGQPGPAGISAVGLKGDRGATGERGLAGLPGQPGPPGHPGPPGEPGTDGAAGKEGPPGKQGFYGPPGPKGDPGAAGQKGQAGEKGRAGMPGGPGKSGSMGPVGPPGPAGERGHPGAPGPSGSPGLPGVPGSMGDMVNYDEIKRFIRQEIIKMFDERMAYYTSRMQFPMEMAAAPGRPGPPGKDGAPGRPGAPGSPGLPGQIGREGRQGLPGVRGLPGTKGEKGDIGIGIAGENGLPGPPGPQGPPGYGKMGATGPMGQQGIPGIPGPPGPMGQPGKAGHCNPSDCFGAMPMEQQYPPMKTMKGPFG	1
26	MHFSGVAFILISMVLIGSIFETTVEAGEGPKSDCKPDLCEAACKDLGKPMDFCKDGTCKCKD	1
20	MASFATKFVIACFLFFSASAHNVLLPAYGRRCFFEDLSKGDELSISFQFGDRNPQSSSQLTGDFIIYGPERHEVLKTVRDTSHGEITLSAPYKGHFQYCFLNENTGIETKDVTFNIHGVVYVDLDDPNTNTLDSAVRKLSKLTREVKDEQSYIVIRERTHRNTAESTNDRVKWWSIFQLGVVIANSLFQIYYLRRFFEVTSLV	1
22	MVMRPLWSLLLWEALLPITVTGAQVLSKVGGSVLLVAARPPGFQVREAIWRSLWPSEELLATFFRGSLETLYHSRFLGRAQLHSNLSLELGPLESGDSGNFSVLMVDTRGQPWTQTLQLKVYDAVPRPVVQVFIAVERDAQPSKTCQVFLSCWAPNISEITYSWRRETTMDFGMEPHSLFTDGQVLSISLGPGDRDVAYSCIVSNPVSWDLATVTPWDSCHHEAAPGKASYKDVLLVVVPVSLLLMLVTLFSAWHWCPCSGKKKKDVHADRVGPETENPLVQDLP	1
25	MVAFSALSGVSALSLLLCLVQHAHGVSLKVSTQGGNSSSPILYGFMFEDINHSGDGGIYGQLLQNPGLQGTTPNLTAWAAVGDATIAIDGDSPLTSAIPSTIKLDVADDATGAVGLTNEGYWGIPVDGSEFQSSFWIKGDYSGDITVRLVGNYTGTEYGSATITHTSTADNFTQASVKFPTTKAPDGNVLYELTVDGSVAAGSSLNFGYLTLFGETYKSRENGLKPQLANVLADMKGSFLRFPGGNNLEGNSAENRWKWNETIGDLWDRPGREGTWTYYNTDGLGLHEYFYWCEDLGLVPVLGVWDGFALESGGNTPITGDALTPYIDDVLNELEYILGDTSTTYGAWRAANGQEEPWNLTMVEIGNEDMLGGGCESYAERFTAFYDAIHAAYPDLILIASTSEADCLPESMPEGSWVDYHDYSTPDGLVGQFNYFDNLDRSVPYFIGEYSRWEIDWPNMKGSVSEAVFMIGFERNSDVVKMAAYAPLLQLVNSTQWTPDLIGYTQSPDDIFLSTSYYVQEMFSRNRGDTIKEVTSDSDFGPLYWVASSAGDSYYVKLANYGSETQDLTVSIPGTSTGKLTVLADNDPDAYNSDTQTLVTPSESTVQASNGTFTFSLPAWAVAVLAAN	1
20	MVRLPLQCVLWGCLLTAVHPEPPTACREKQYLINSQCCSLCQPGQKLVSDCTEFTETECLPCGESEFLDTWNRETHCHQHKYCDPNLGLRVQQKGTSETDTICTCEEGWHCTSEACESCVLHRSCSPGFGVKQIATGVSDTICEPCPVGFFSNVSSAFEKCHPWTSCETKDLVVQQAGTNKTDVVCGPQDRLRALVVIPIIFGILFAILLVLVFIKKVAKKPTNKAPHPKQEPQEINFPDDLPGSNTAAPVQETLHGCQPVTQEDGKESRISVQERQ	1
16	MGTWILFACLLGAAFSMPLPPHPGHPGYINFSYEVLTPLKWYQNMIRHPYTSYGYEPMGGWLHHQIIPVVSQQTPQSHALQPHHHIPMVPAQQPGIPQQPMMPLPGQHSMTPTQHHQPNLPLPAQQPFQPQPVQPQPHQPLQPQSPMHPIQPLLPQPPLPPMFSMQSLLPDLPLEAWPATDKTKREEVD	1
24	MRPSGTAGAALLALLAALCPASRALEEKKVCQGTSNKLTQLGTFEDHFLSLQRMFNNCEVVLGNLEITYVQRNYDLSFLKTIQEVAGYVLIALNTVERIPLENLQIIRGNMYYENSYALAVLSNYDANKTGLKELPMRNLQEILHGAVRFSNNPALCNVESIQWRDIVSSDFLSNMSMDFQNHLGSCQKCDPSCPNGSCWGAGEENCQKLTKIICAQQCSGRCRGKSPSDCCHNQCAAGCTGPRESDCLVCRKFRDEATCKDTCPPLMLYNPTTYQMDVNPEGKYSFGATCVKKCPRNYVVTDHGSCVRACGADSYEMEEDGVRKCKKCEGPCRKVCNGIGIGEFKDSLSINATNIKHFKNCTSISGDLHILPVAFRGDSFTHTPPLDPQELDILKTVKEITGFLLIQAWPENRTDLHAFENLEIIRGRTKQHGQFSLAVVSLNITSLGLRSLKEISDGDVIISGNKNLCYANTINWKKLFGTSGQKTKIISNRGENSCKATGQVCHALCSPEGCWGPEPRDCVSCRNVSRGRECVDKCNLLEGEPREFVENSECIQCHPECLPQAMNITCTGRGPDNCIQCAHYIDGPHCVKTCPAGVMGENNTLVWKYADAGHVCHLCHPNCTYGCTGPGLEGCPTNGPKIPSIATGMVGALLLLLVVALGIGLFMRRRHIVRKRTLRRLLQERELVEPLTPSGEAPNQALLRILKETEFKKIKVLGSGAFGTVYKGLWIPEGEKVKIPVAIKELREATSPKANKEILDEAYVMASVDNPHVCRLLGICLTSTVQLITQLMPFGCLLDYVREHKDNIGSQYLLNWCVQIAKGMNYLEDRRLVHRDLAARNVLVKTPQHVKITDFGLAKLLGAEEKEYHAEGGKVPIKWMALESILHRIYTHQSDVWSYGVTVWELMTFGSKPYDGIPASEISSILEKGERLPQPPICTIDVYMIMVKCWMIDADSRPKFRELIIEFSKMARDPQRYLVIQGDERMHLPSPTDSNFYRALMDEEDMDDVVDADEYLIPQQGFFSSPSTSRTPLLSSLSATSNNSTVACIDRNGLQSCPIKEDSFLQRYSSDPTGALTEDSIDDTFLPVPEYINQSVPKRPAGSVQNPVYHNQPLNPAPSRDPHYQDPHSTAVGNPEYLNTVQPTCVNSTFDSPAHWAQKGSHQISLDNPDYQQDFFPKEAKPNGIFKGSTAENAEYLRVAPQSSEFIGA	1
21	MKTPLFLLLVVLASLLGLALSQDRNDTEWIQSQKDREKWCRLNLGPYLGGRCRK	1
22	MVKMQVIFIAFIAVIACSMVYGDSLSPWNEGDTYYGCQRQTDEFCNKICKLHLASGGSCQQPAPFVKLCTCQGIDYDNSFFFGALEKQCPKLRG	1
26	MPSSVIMFTFLALTVLTAVMVGTSEAVSCMDNKNKPVDWFIVYKLPQDSASSKPVIREGYGQMYMDVNNQALKFSSTSLKDDDHAIAYTVDDIYKNHGKGNLAHVMYNDQPPAGEEIQSGLVGHTKGVLAFDGTSGFWLVHSVPKFPLPASKSYNWPDNAKRNGQTLLCITFKYDQFEKIGQQLKYNYPGVYDSDLPSKLVGKTPSIVDLVKNVHVTSPPWNRQLNLQSKSGQTFVSFNKASKWGEDLYKNWLATHFKSGLYCETWQNGGRNLNSSCEAGLNVYNVKKVSLSGGSDFKGTKDHSKWAVTTKSGLKWTCIGGINRQTSQMYRGGGAVCLENANVHKAFYDSVAEYEPCT	1
27	MGLVHALLPFAAAAALLLLAAPPPATADDPGLAVYWGRHKEEGSLREACDTGRYTTVIITFYNAFGHGRYSLDISGHPLAAVGADIKHCQSRGITVLLSIGGQGGAYSLPTNASAADVADNLWNAYLGGHRAGVARPFGDDAAVDGIDFFIDQGGADHYDDLARRLDGYNKYYRGRVGVLLTATTRCSYPDHRLEKALATGVFARIHVRMFGDEQCTMSPRYSWEKWAAAFPGSKVYIGLVASPEQDSAWMFQKDLYYEMLQFVRSLPNYGGLAIYDRYFDKKANYTGEG	1
17	MAVFLQLLPLLLSRAQGNPGASLDGRPGDRVNLSCGGVSHPIRWVWAPSFPACKGLSKGRRPILWASSSGTPTVPPLQPFVGRLRSLDSGIRRLELLLSAGDSGTFFCKGRHEDESRTVLHVLGDRTYCKAPGPTHGSVYPQLLIPLLGAGLVLGLGALGLVWWLHRRLPPQPIRPLPRFAPLVKTEPQRPVKEEEPKIPGDLDQEPSLLYADLDHLALSRPRRLSTADPADASTIYAVVV	1
19	MYGKIIFVLLLSEIVSISALSTTEVAMHTSTSSSVTKSYISSQTNGETGQLVHRFTVPAPVVIILIILCVMAGIIGTILLISYSIRRLIKA	1
22	MKGSIFTLFLFSVLFAISEVRSKESVRLCGLEYIRTVIYICASSRWRRHQEGIPQAQQAETGNSFQLPHKREFSEENPAQNLPKVDASGEDRLWGGQMPTEELWKSKKHSVMSRQDLQTLCCTDGCSMTDLSALC	1
26	MAFKSLLSFVSVIGALQGANAALTRRVACPDGVNTATNAACCQLFAVREDLQQNLFHGGLCTAEAHESLRLTFHDAIAISPALEAQGIFGGGGADGSIAIFPEIETNFHPNIGLDEIIELQKPFIARHNISVADFIQFAGAIGASNCAGAPQLAAFVGRKDATQPAPDGLVPEPFHTPDQIFDRLADASQGEFDPILTVWLLTAHTVAAANDVDPTKSGLPFDSTPELWDTQFFLETQLRGTSFPGSGGNQGEVESPLAGEMRLQSDHTIARDSRTACEWQSFVDNQPKAQQMFQFVFHDLSIFGQDINTLVDCTEVVPIPADPQGHTHFPAGLSNADIEQACAETPFPTFPTDPGPKTAVAPVPKPPAARK	1
18	MLLFVLTCLLAVFPAISTKSPIFGPEEVNSVEGNSVSITCYYPPTSVNRHTRKYWCRQGARGGCITLISSEGYVSSKYAGRANLTNFPENGTFVVNIAQLSQDDSGRYKCGLGINSRGLSFDVSLEVSQGPGLLNDTKVYTVDLGRTVTINCPFKTENAQKRKSLYKQIGLYPVLVIDSSGYVNPNYTGRIRLDIQGTGQLLFSVVINQLRLSDAGQYLCQAGDDSNSNKKNADLQVLKPEPELVYEDLRGSVTFHCALGPEVANVAKFLCRQSSGENCDVVVNTLGKRAPAFEGRILLNPQDKDGSFSVVITGLRKEDAGRYLCGAHSDGQLQEGSPIQAWQLFVNEESTIPRSPTVVKGVAGGSVAVLCPYNRKESKSIKYWCLWEGAQNGRCPLLVDSEGWVKAQYEGRLSLLEEPGNGTFTVILNQLTSRDAGFYWCLTNGDTLWRTTVEIKIIEGEPNLKVPGNVTAVLGETLKVPCHFPCKFSSYEKYWCKWNNTGCQALPSQDEGPSKAFVNCDENSRLVSLTLNLVTRADEGWYWCGVKQGHFYGETAAVYVAVEERKAAGSRDVSLAKADAAPDEKVLDSGFREIENKAIQDPRLFAEEKAVADTRDQADGSRASVDSGSSEEQGGSSRALVSTLVPLGLVLAVGAVAVGVARARHRKNVDRVSIRSYRTDISMSDFENSREFGANDNMGASSITQETSLGGKEEFVATTESTTETKEPKKAKRSSKEEAEMAYKDFLLQSSTVAAEAQDGPQEA	1
20	MGLPGLFCLAVLAASSFSKAREEEITPVVSIAYKVLEVFPKGRWVLITCCAPQPPPPITYSLCGTKNIKVAKKVVKTHEPASFNLNVTLKSSPDLLTYFCWASSTSGAHVDSARLQMHWELWSKPVSELRANFTLQDRGAGPRVEMICQASSGSPPITNSLIGKDGQVHLQQRPCHRQPANFSFLPSQTSDWFWCQAANNANVQHSALTVVPPGGDQKMEDWQGPLESPILALPLYRSTRRLSEEEFGGFRIGNGEVRGRKAAAM	1
19	MAWQMTQLLLLALVAAAWGAQAPRTPRARTDLLNVCMDAKHHKAEPGPEDSLHEQCSPWRKNACCSVNTSIEAHKDISYLYRFNWDHCGKMEPACKRHFIQDTCLYECSPNLGPWIREVNQRWRKERVLGVPLCKEDCQSWWEDCRTSYTCKSNWHKGWNWTSGYNQCPVKAACHRFDFYFPTPAALCNEIWSHSYKVSNYSRGSGRCIQMWFDPFQGNPNEEVARFYAENPTSGSTPQGI	1
18	MSKLLILLLLSLVASIFSTPLDDYVNAPDDTYKWTLNNTIEYETFTGYILELTSQTWMAEKSDWPVWKHWVSICVPKGVTTTTTFIYVDGGSNDNWKVPGSMDQTIEIVCLSSGSVSVGLTQIPNQPIIFNNDGVQRFEDDLVAYTWRQFLGNTSEPLWLARLPMTKAVVKCMDAVQEFGKTIGYNSENFVIAGASKRGWTTWLAGVVDPRIIAIVPIVMPILNMIPNMGHQFYAYGEWSFALNDYTGQGVMDYLNGPQMVELAAIVDPFSYRDRYTMPIYAIASSDDEFFLPDSPQFFWNNLTATPEKHLRIVPNAEHSLMGHQIDIILSIVTFVRLLITNQPRPTFTWDITYSEDLNSGTIVLTVPEGGIIPYKVKVWTAVTESTTRRDFRIITCMDITKCIQFIIWDPSDITPTSTGVYSITLSKPDAGWRAFFLEAEYLYAKNSIDDEYTLKFTSEVAIVPNTLPFGSCSEYNACGDGSQGDSASSTATL	1
22	MWKVSALLFVLGSASLWVLAEGASTGQPEDDTETTGLEGGVAMPGAEDDVVTPGTSEDRYKSGLTTLVATSVNSVTGIRIEDLPTSESTVHAQEQSPSATASNVATSHSTEKVDGDTQTTVEKDGLSTVTLVGIIVGVLLAIGFIGAIIVVVMRKMSGRYSP	1
18	MKPLLLAVSLGLIAALQAHHLLASDEEIQDVSGTWYLKAMTVDREFPEMNLESVTPMTLTTLEGGNLEAKVTMLISGRCQEVKAVLEKTDEPGKYTADGGKHVAYIIRSHVKDHYIFYCEGELHGKPVRGVKLVGRDPKNNLEALEDFEKAAGARGLSTESILIPRQSETCSPGSD	1
18	MKAAVLAVALVFLTGCQAWEFWQQDEPQSQWDRVKDFATVYVDAVKDSGRDYVSQFESSTLGKQLNLNLLDNWDTLGSTVGRLQEQLGPVTQEFWANLEKETDWLRNEMNKDLENVKQKMQPHLDEFQEKWNEEVEAYRQKLEPLGTELHKNAKEMQRHLKVVAEEFRDRMRVNADALRAKFGLYSDQMRENLAQRLTEIKNHPTLIEYHTKASDHLKTLGEKAKPALDDLGQGLMPVLEAWKAKIMSMIDEAKKKLNA	1
33	MWGARRSSVSSSWNAASLLQLLLAALLAAGARASGEYCHGWLDAQGVWRIGFQCPERFDGGDATICCGSCALRYCCSSAEARLDQGGCDNDRQQGAGEPGRADKDGPDGSAVPIYVPFLIVGSVFVAFIILGSLVAACCCRCLRPKQDPQQSRAPGGNRLMETIPMIPSASTSRGSSSRQSSTAASSSSSANSGARAPPTRSQTNCCLPEGTMNNVYVNMPTNFSVLNCQQATQIVPHQGQYLHPPYVGYTVQHDSVPMTAVPPFMDGLQPGYRQIQSPFPHTNSEQKMYPAVTV	1
21	MQRLGATLLCLLLAAAVPTAPAPAPTATSAPVKPGPALSYPQEEATLNEMFREVEELMEDTQHKLRSAVEEMEAEEAAAKASSEVNLANLPPSYHNETNTDTKVGNNTIHVHREIHKITNNQTGQMVFSETVITSVGDEEGRRSHECIIDEDCGPSMYCQFASFQYTCQPCRGQRMLCTRDSECCGDQLCVWGHCTKMATRGSNGTICDNQRDCQPGLCCAFQRGLLFPVCTPLPVEGELCHDPASRLLDLITWELEPDGALDRCPCASGLLCQPHSHSLVYVCKPTFVGSRDQDGEILLPREVPDEYEVGSFMEEVRQELEDLERSLTEEMALREPAAAAAALLGGEEI	1
21	MGMRMMFTMILLVVLVTTVVSFTLDRVLGPVSDGRNAAPDDEKFDRMEYFLSKCCANPSTCDLSLLCIFG	1
22	MARGAALALLLFGLLGVLVAAPDGGFDLSDALPDNENKKPTAIPKKPSAGDDFDLGDAVVDGENDDPRPPNPPKPMPNPNPNHPSSSGSFSDADLADGVSGGEGKGGSDGGGSHRKEGEEADAPGVIPGIVGAVVVAVAGAISSFIAYQKKKLCFKENAEQGEVDMESHRNANAEPAVQRTLLEK	1
16	MLARALLLCAAVVCGAANPCCSHPCQNRGVCMSVGFDQYKCDCTRTGFYGENCTTPEFLTRIKLLLKPTPDTVHYILTHFKGVWNIVNKISFLRNMIMRYVLTSRSHLIESPPTYNVHYSYKSWEAFSNLSYYTRALPPVPDDCPTPMGVKGRKELPDSKEVVKKVLLRRKFIPDPQGTNLMFAFFAQHFTHQFFKTDIERGPAFTKGKNHGVDLSHVYGESLERQHNRRLFKDGKMKYQMINGEMYPPTVKDTQVEMIYPPHIPEHLKFAVGQEVFGLVPGLMMYATIWLREHNRVCDVLKQEHPEWGDEQLFQTSRLILIGETIKIVIEDYVQHLSGYHFKLKFDPELLFNQQFQYQNRIAAEFNTLYHWHPLLPDVFQIDGQEYNYQQFIYNNSVLLEHGVTQFVESFTRQIAGRVAGRRNLPAAVEKVSKASLDQSREMKYQSFNEYRKRFLLKPYESFEELTGEKEMAAELEALYGDIDAMELYPALLVEKPAPDAIFGETMVEAGAPFSLKGLMGNPICSPEYWKPSTFGGEVGFKIINTASIQSLICSNVKGCPFTSFSVQDAHLTKTVTINASSSHSGLDDINPTVLLKERSTEL	1
19	MKLLTSLVFCSLLLGVCHGGFFSFIGEAFQGAGDMWRAYTDMKEAGWKDGDKYFHARGNYDAAQRGPGGVWAAEKISDARESFQEFFGRGHEDTMADQEANRHGRSGKDPNYYRPPGLPAKY	1
35	MRLPVSFPLTVLSLLGSTIAHPYGETEAVLRSEPKSNQAKADAVKEAFQHAWNGYMKYAFPHDELTPVSNGHADSRNGWGASAVDALSTAVIMGKADVVNAILEHVADIDFSKTSDTVSLFETTIRYLAGMLSGYDLLQGPAKNLVDNQDLIDGLLDQSRNLADVLKFAFDTPSGVPYNNINITSHGNDGATTNGLAVTGTLVLEWTRLSDLTGDEEYAKLSQKAESYLLKPQPSSSEPFPGLVGSSININDGQFADSRVSWNGGDDSFYEYLIKMYVYDPKRFETYKDRWVLAAESTIKHLKSHPKSRPDLTFLSSYSNRNYDLSSQHLTCFDGGSFLLGGTVLDRQDFIDFGLELVDGCEATYNSTLTKIGPDSWGWDPKKVPSDQKEFYEKAGFYISSGSYVLRPEVIESFYYAHRVTGKEIYRDWVWNAFVAINSTCRTDSGFAAVSDVNKANGGSKYDNQESFLFAEVMKYSYLAHSEDAAWQVQKGGKNTFVYNTEAHPISVARN	1
19	MATLLLLLGVLVVSPDALGSTTAVQTPTSGEPLVSTSEPLSSKMYTTSITSDPKADSTGDQTSALPPSTSINEGSPLWTSIGASTGSPLPEPTTYQEVSIKMSSVPQETPHATSHPAVPITANSLGSHTVTGGTITTNSPETSSRTSGAPVTTAASSLETSRGTSGPPLTMATVSLETSKGTSGPPVTMATDSLETSTGTTGPPVTMTTGSLEPSSGASGPQVSSVKLSTMMSPTTSTNASTVPFRNPDENSRGMLPVAVLVALLAVIVLVALLLLWRRRQKRRTGALVLSRGGKRNGVVDAWAGPAQVPEEGAVTVTVGGSGGDKGSGFPDGEGSSRRPTLTTFFGRRKSRQGSLAMEELKSGSGPSLKGEEEPLVASEDGAVDAPAPDEPEGGDGAAP	1
31	MDPTAPGSSVSSLPLLLVLALGLAILHCVVADGNTTRTPETNGSLCGAPGENCTGTTPRQKVKTHFSRCPKQYKHYCIHGRCRFVVDEQTPSCICEKGYFGARCERVDLFYLQQDRGQILVVCLIVVMVVFIILVIGVCTCCHPLRKHRKKKKEEKMETLDKDKTPISEDIQETNIA	1
20	MKPYFSCVFVFCFLIKLLTGELNDLANHRMFSFHDGGVQISCNYPETVQQLKMQLFKDREVLCDLTKTKGSGNTVSIKNPMSCPYQLSNNSVSFFLDNADSSQGSYFLCSLSIFDPPPFQEKNLSGGYLLIYESQLCCQLKLWLPVGCAAFVAALLFGCIFIVWFAKKKYRSSVHDPNSEYMFMAAVNTNKKSRLAGMTS	1
