	SP	sequence	class	code
1905	23.0	MAPFEPLASGILLLLWLIAPSRACTCVPPHPQTAFCNSDLVIRAKFVGTPEVNQTTLYQRYEIKMTKMYKGFQALGDAADIRFVYTPAMESVCGYFHRSHNRSEEFLIAGKLQDGLLHITTCSFVAPWNSLSLAQRRGFTKTYTVGCEECTVFPCLSIPCKLQSGTHCLWTDQLLQGSEKGFQSRHLACLPREPGLCTWQSLRSQIA	1	P01033
1906	35.0	MRSSYRVGNPIRFQPTNVVGLLLLSLVLSFMLVQSYELGHASGETNANSKYPLTTPVEENLKVRFKIGVISDDDKNAVSKDESNTWVSTYLTGTLEWEKSTDKITVQWDKGNEKKVKSKYSYGGRGMELSELVTFNGNLLTFDDRTGLVYILKDDKVYPWVVLADGDGKNSKGFKSEWATEKAGNLYVGSSGKEWTTKEGTIENYNPMWVKMINKNGEVTSLNWQTNYEKIRSSMNITFPGYMWHEAACWSDKYNKWFFLPRALSQEAYDSKKFETQGANVIISCDDKFEKCEPTQIQGKTEDKRGFSNFKFVPTSEDKIIVGLKTVEADDTTETYFTAFDLEGKVLLEETKIDDHKYEGVDFV	1	O96559
1907	17.0	MIILIYLFLLLWEDTQGWGFKDGIFHNSIWLERAAGVYHREARSGKYKLTYAEAKAVCEFEGGHLATYKQLEAARKIGFHVCAAGWMAKGRVGYPIVKPGPNCGFGKTGIIDYGIRLNRSERWDAYCYNPHAKECGGVFTDPKQIFKSPGFPNEYEDNQICYWHIRLKYGQRIHLSFLDFDLEDDPGCLADYVEIYDSYDDVHGFVGRYCGDELPDDIISTGNVMTLKFLSDASVTAGGFQIKYVAMDPVSKSSQGKNTSTTSTGNKNFLAGRFSHL	1	P98066
1908	64.0	MMFPAVAAPPRRLPGERLQRSQNPVETSWLSFRILATRGPCVTSTFLFLTVAFLGLSWVSVAVAAHAEHPEDSATNFLFSFAENSLANREPPEDSAARPSSRSGGAERRRLDSLIPGFLKRRRIFKQLRPVDEFQLREFQEASSKVKAQFFSAGHSKVTFVDRPSAALLSFLHLEEEDVPYGVVIKAIPYDAFDFYESVAEPYIHRMFDDPRKFPYVVPVLAALRSTSKRVLYLVLPLYRELPETVDEEARSLDFVLLLAEMAMAVCQLHERNLAHRDLKEDNFLVSPEGHIVVSDLATLDITDNKSFLIGTSGYMPPETRSSYLLRKGYKRSRYGEKTDVYSLGVAFRHLAFMLEGLGVQVPHRTQLAKLIKKMTSPDPEKRPLIGEVMEDPFFASVDFRLVRQRAGKHPFKKLPGADLLAERQRARLEAREKADAAAKAADNAEVPAAKSPAGKTGGAGTLSGDRDRAGSGEKPAERAEEEKGRGRGAQTHEGNHDRTDDAGREELREGPGDQKPSGEENREGGQPPGQREEQREGTGLEEGFNKEDAQES	1	A0A7J6K7I9
1909	24.0	MASILHYFLALSLSCSFLFFLSDSVTPTKPINLVVLPVQNDGSTGLHWANLQKRTPLMQVPVLVDLNGNHLWVNCEQQYSSKTYQAPFCHSTQCSRANTHQCLSCPAASRPGCHKNTCGLMSTNPITQQTGLGELGEDVLAIHATQGSTQQLGPLVTVPQFLFSCAPSFLVQKGLPRNTQGVAGLGHAPISLPNQLASHFGLQRQFTTCLSRYPTSKGAIIFGDAPNNMRQFQNQDIFHDLAFTPLTITLQGEYNVRVNSIRINQHSVFPLNKISSTIVGSTSGGTMISTSTPHMVLQQSVYQAFTQVFAQQLPKQAQVKSVAPFGLCFNSNKINAYPSVDLVMDKPNGPVWRISGEDLMVQAQPGVTCLGVMNGGMQPRAEITLGARQLEENLVVFDLARSRVGFSTSSLHSHGVKCADLFNFANA	1	P13917
1910	23.0	MILNKALMLGALALTTVMSPCGGEDIVADHVASYGVNLYQSYGPSGQYTHEFDGDEQFYVDLGRKETVWCLPVLRQFRFDPQFALTNIAVLKHNLNSLIKRSNSTAATNEVPEVTVFSKSPVTLGQPNILICLVDNIFPPVVNITWLSNGHSVTEGVSETSFLSKSDHSFFKISYLTLLPSAEESYDCKVEHWGLDKPLLKHWEPEIPAPMSELTETVVCALGLSVGLVGIVVGTVFIIRGLRSVGASRHQGPL	1	P01909
1911	21.0	MKVSTIFAAASALFAATTTLAQDVACLVDNQQVAVVDLDTGVCPFTIPASLAAFFTFVSLEEYNVQFYYTIVNNVRYNTDIRNAGKVINVPARNLYGAGAVPFFQVHLEKQLEANSTAAIRRRLMGETPIVKRDQIDDFIASIENTEGTALEGSTLEVVDYVPGSSSASPSGSASPSGSESGSGSDSATIRSTTVVSSSSCESSGDSAATATGANGESTVTEQNTVVVTITSCHNDACHATTVPATASIGVTTVHGTETIFTTYCPLSSYETVESTKVITITSCSENKCQETTVEATPSTATTVSEGVVTEYVTYCPVSSVETVASTKVITVVACDEHKCHETTAVATPTEVTTVVEGSTTHYVTYKPTGSGPTQGETYATNAITSEGTVYVPKTTAVTTHGSTFETVAYITVTKATPTKGGEQHQPGSPAGAATSAPGAPAPGASGAHASTANKVTVEAQATPGTLTPENTVAGGVNGEQVAVSAKTTISQTTVAKASGSGKAAISTFEGAAAASAGASVLALALIPLAYFI	1	Q59Y31
1912	23.0	MLPPAIHFYLLPLACILMKSCLAFKNDATEILYSHVVKPVPAHPSSNSTLNQARNGGRHFSNTGLDRNTRVQVGCRELRSTKYISDGQCTSISPLKELVCAGECLPLPVLPNWIGGGYGTKYWSRRSSQEWRCVNDKTRTQRIQLQCQDGSTRTYKITVVTACKCKRYTRQHNESSHNFESMSPAKPVQHHRERKRASKSSKHSMS	1	Q6X4U4
1913	21.0	MSRYALIVLIVVVVAANLCEASDCGPNRVYKSCGTGCPETCENPDPDCDRACHQGCFCSKGLLQDIDGNCISPDKCP	1	Q8T0W0
1914	17.0	MLLTALAVLFASTGCQARLSVSGTNLNYNGHHIFLSGANQAWVNYARDFGHNQYSKGKSTFESTLSDIQSHGGNSVRVWLHIEGESTPEFDNNGYVTGIDNTLISDMRAYLHAAQRHNILIFFTLWNGAVKQSTHYRLNGLMVDTRKLQSYIDHALKPMANALKNEKALGGWDIMNEPEGEIKPGESSSEPCFDTRHLSGSGAGWAGHLYSAQEIGRFVNWQAAAIKEVDPGAMVTVGSWNMKADTDAMGFHNLYSDHCLVKAGGKQSGTLSFYQVHTYDWQNHFGNESPFKHSFSNFRLKKPMVIGEFNQEHGAGMSSESMFEWAYTKGYSGAWTWSRTDVSWNNQLRGIQHLKSRTDHGQVQFGL	1	Q8WPJ2
1915	31.0	MKLSLSQPCSFSGALLLLAVSNLLVWEKVTSLPNYRLPTESLYQRVIVVSHNAHDLASKAFMEFEMKFGRTAWTYGLMLSPCHTAAILTPENSEQVHQTTSEDLLKVSITILQAWEEPLKHMVAAVAALPHVPDTLLSRTKELEERIQGLLEGLKIIFNRVYPGAVASDYTFWSAWSDLQSSDESTKNSALRTLWRCVRRDTHKVDNYLKVLKCRDVHNNNC	1	P09586
1916	27.0	MGSGRRALSAVPAVLLVLTLPGLPVWAQNDTEPIVLEGKCLVVCDSNPATDSKGSSSSPLGISVRAANSKVAFSAVRSTNHEPSEMSNKTRIIYFDQILVNVGNFFTLESVFVAPRKGIYSFSFHVIKVYQSQTIQVNLMLNGKPVISAFAGDKDVTREAATNGVLLYLDKEDKVYLKLEKGNLVGGWQYSTFSGFLVFPL	1	Q9NTU7
1917	26.0	MVPKPLSLLLFLLLALSAAVVGGRKLVAAGGWRPIESLNSAEVQDVAQFAVSEHNKQANDELQYQSVVRGYTQVVAGTNYRLVIAAKDGAVVGNYEAVVWDKPWMHFRNLTSFRKV	1	Q6TPK4
1918	21.0	MQAFAVAALSIWLCLGATTLAESHGPQHCTSPNMTGVLTVLALTGGEIKATGHYSYDSTDKKIRFTESEMHLNKTEHLEDYLMLFEEGVFYDIDMKNQSCKKMSLHSHAHALELPAGAAHQVELFLGSDTVQEEDIKVNIWTGSVPETKGQYFLSTTVGECLPLSTFYSTDSITLLFSNSEVVTEVKAPEVFNLPSFCEGVELEEAPEGQKNDFFSLFNSV	1	P28770
1919	27.0	MASSSCLWLLALAFLLGSCASLALGHLDPPAPLPLVIWHGMGDSCCNPLSMGAIKKMVEKKIPGIHVLSLEIGKTLREDVENSFFLNVNSQVTTVCQILAKDPKLQQGYNAMGFSQGGQFLRAVAQRCPSPPMVNLISVGGQHQGVFGLPRCPGESSHICDFIRKTLNAGAYNKAIQERLVQAEYWHDPIREDIYRNHSIFLADINQERGVNESYKKNLMALKKFVMVKFLNDTIVDPVDSEWFGFYRSGQAKETIPLQESTLYTQDRLGLKAMDKAGQLVFLALEGDHLQLSEEWFYAHIIPFLE	1	P45478
1920	19.0	MPLLTLYLLLFWLSGYSIVTQITGPTTVNGLERGSLTVQCVYRSGWETYLKWWCRGAIWRDCKILVKTSGSEQEVKRDRVSIKDNQKNRTFTVTMEDLMKTDADTYWCGIEKTGNDLGVTVQVTIDPAPVTQEETSSSPTLTGHHLDNRHKLLKLSVLLPLIFTILLLLLVAASLLAWRMMKYQQKAAGMSPEQVLQPLEGDLCYADLTLQLAGTSPQKATTKLSSAQVDQVEVEYVTMASLPKEDISYASLTLGAEDQEPTYCNMGHLSSHLPGRGPEEPTEYSTISRP	1	Q8TDQ1
1921	21.0	MRPAFALCLLWQALWPGPGGGEHPTADRAGCSASGACYSLHHATMKRQAAEEACILRGGALSTVRAGAELRAVLALLRAGPGPGGGSKDLLFWVALERRRSHCTLENEPLRGFSWLSSDPGGLESDTLQWVEEPQRSCTARRCAVLQATGGVEPAGWKEMRCHLRANGYLCKYQFEVLCPAPRPGAASNLSYRAPFQLHSAALDFSPPGTEVSALCRGQLPISVTCIADEIGARWDKLSGDVLCPCPGRYLRAGKCAELPNCLDDLGGFACECATGFELGKDGRSCVTSGEGQPTLGGTGVPTRRPPATATSPVPQRTWPIRVDEKLGETPLVPEQDNSVTSIPEIPRWGSQSTMSTLQMSLQAESKATITPSGSVISKFNSTTSSATPQAFDSSSAVVFIFVSTAVVVLVILTMTVLGLVKLCFHESPSSQPRKESMGPPGLESDPEPAALGSSSAHCTNNGVKVGDCDLRDRAEGALLAESPLGSSDA	1	Q86T13
1922	31.0	MARALCPLQALWLLEWVLLLLGPCAAPPAWALNLDPVQLTFYAGPNGSQFGFSLDFHKDSHGRVAIVVGAPRTLGPSQEETGGVFLCPWRAEGGQCPSLLFDLRDETRNVGSQTLQTFKARQGLGASVVSWSDVIVACAPWQHWNVLEKTEEAEKTPVGSCFLAQPESGRRAEYSPCRGNTLSRIYVENDFSWDKRYCEAGFSSVVTQAGELVLGAPGGYYFLGLLAQAPVADIFSSYRPGILLWHVSSQSLSFDSSNPEYFDGYWGYSVAVGEFDGDLNTTEYVVGAPTWSWTLGAVEILDSYYQRLHRLRGEQMASYFGHSVAVTDVNGDGRHDLLVGAPLYMESRADRKLAEVGRVYLFLQPRGPHALGAPSLLLTGTQLYGRFGSAIAPLGDLDRDGYNDIAVAAPYGGPSGRGQVLVFLGQSEGLRSRPSQVLDSPFPTGSAFGFSLRGAVDIDDNGYPDLIVGAYGANQVAVYRAQPVVKASVQLLVQDSLNPAVKSCVLPQTKTPVSCFNIQMCVGATGHNIPQKLSLNAELQLDRQKPRQGRRVLLLGSQQAGTTLNLDLGGKHSPICHTTMAFLRDEADFRDKLSPIVLSLNVSLPPTEAGMAPAVVLHGDTHVQEQTRIVLDCGEDDVCVPQLQLTASVTGSPLLVGADNVLELQMDAANEGEGAYEAELAVHLPQGAHYMRALSNVEGFERLICNQKKENETRVVLCELGNPMKKNAQIGIAMLVSVGNLEEAGESVSFQLQIRSKNSQNPNSKIVLLDVPVRAEAQVELRGNSFPASLVVAAEEGEREQNSLDSWGPKVEHTYELHNNGPGTVNGLHLSIHLPGQSQPSDLLYILDIQPQGGLQCFPQPPVNPLKVDWGLPIPSPSPIHPAHHKRDRRQIFLPEPEQPSRLQDPVLVSCDSAPCTVVQCDLQEMARGQRAMVTVLAFLWLPSLYQRPLDQFVLQSHAWFNVSSLPYAVPPLSLPRGEAQVWTQLLRALEERAIPIWWVLVGVLGGLLLLTILVLAMWKVGFFKRNRPPLEEDDEEGE	1	P08514
1923	22.0	MGTRYFLVGFLILLVLGFEVQGAHVPQQDEASSPALLTQVQESLLGYWDTAKAAAQKLYKKTYLPAVDEKIRDIYSKSTAAVTTYAGIITDQVFSVLSGKD	1	P19034
1924	18.0	MKVAVVVALLCFVCYTAAETCSADGDCKNTICDASHDLECHRGQCTCVNHATACSSAADCSGSCTIFGRHGRWHCVDAKCRCFFV	1	B9A8D7
1925	30.0	MVLNNKTALWFMTLVLLLLSSREMVPGAEARLCRVRGTRGHCFNDHGCDKVCTREGFVRGKCNGILRRCICDRQC	1	B5LZ79
1926	37.0	MPAGRRGPAAQSARRPPPLLPLLLLLCVLGAPRAGSGAHTAVISPQDPTLLIGSSLLATCSVHGDPPGATAEGLYWTLNGRRLPPELSRVLNASTLALALANLNGSRQRSGDNLVCHARDGSILAGSCLYVGLPPEKPVNISCWSKNMKDLTCRWTPGAHGETFLHTNYSLKYKLRWYGQDNTCEEYHTVGPHSCHIPKDLALFTPYEIWVEATNRLGSARSDVLTLDILDVVTTDPPPDVHVSRVGGLEDQLSVRWVSPPALKDFLFQAKYQIRYRVEDSVDWKVVDDVSNQTSCRLAGLKPGTVYFVQVRCNPFGIYGSKKAGIWSEWSHPTAASTPRSERPGPGGGACEPRGGEPSSGPVRRELKQFLGWLKKHAYCSNLSFRLYDQWRAWMQKSHKTRNQDEGILPSGRRGTARGPAR	1	O75462
1927	32.0	MSWKKALRIPGGLRAATVTLMLAMLSTPVAEGRDSPEDFVYQFKAMCYFTNGTERVRYVTRYIYNREEYARFDSDVEVYRAVTPLGPPDAEYWNSQKEVLERTRAELDTVCRHNYQLELRTTLQRRVEPTVTISPSRTEALNHHNLLVCSVTDFYPAQIKVRWFRNDQEETTGVVSTPLIRNGDWTFQILVMLEMTPQHGDVYTCHVEHPSLQNPITVEWRAQSESAQSKMLSGIGGFVLGLIFLGLGLIIHHRSQKGLLH	1	P01920
1928	22.0	MLVLRNLLALVTLALLFTLSSAQYTLSVSNSASGSKCTTAVSAKLNACNTGCLNSFNIVESSNGKGLVFKTFINAACSGEYESLSQFTCAANQKIPTTSYIVSCNSTPSSNSTTDSDSSSGSTVMIGLASSLLFAFATLLALF	1	P54660
1929	22.0	MDTSPLCFSILLVLCIFIQSSALGQSLKPEPFGRRAQAVETNKTLHEMKTRFLLFGETNQGCQIRINHPDTLQECGFNSSLPLVMIIHGWSVDGVLENWIWQMVAALKSQPAQPVNVGLVDWITLAHDHYTIAVRNTRLVGKEVAALLRWLEESVQLSRSHVHLIGYSLGAHVSGFAGSSIGGTHKIGRITGLDAAGPLFEGSAPSNRLSPDDANFVDAIHTFTREHMGLSVGIKQPIGHYDFYPNGGSFQPGCHFLELYRHIAQHGFNAITQTIKCSHERSVHLFIDSLLHAGTQSMAYPCGDMNSFSQGLCLSCKKGRCNTLGYHVRQEPRSKSKRLFLVTRAQSPFKVYHYQFKIQFINQTETPIQTTFTMSLLGTKEKMQKIPITLGKGIASNKTYSFLITLDVDIGELIMIKFKWENSAVWANVWDTVQTIIPWSTGPRHSGLVLKTIRVKAGETQQRMTFCSENTDDLLLRPTQEKIFVKCEIKSKTSKRKIR	1	P11150
1930	34.0	MGDTWAQLPWPGPPHPAMLLISLLLAAGLMHSDAGTSCPVLCTCRNQVVDCSSQRLFSVPPDLPMDTRNLSLAHNRITAVPPGYLTCYMELQVLDLHNNSLMELPRGLFLHAKRLAHLDLSYNNFSHVPADMFQEAHGLVHIDLSHNPWLRRVHPQAFQGLMQLRDLDLSYGGLAFLSLEALEGLPGLVTLQIGGNPWVCGCTMEPLLKWLRNRIQRCTADSQLAECRGPPEVEGAPLFSLTEESFKACHLTLTLDDYLFIAFVGFVVSIASVATNFLLGITANCCHRWSKASEEEEI	1	Q6ZSA7
1931	17.0	MRSLLLGTLCLLAVALAAEVKKPLEAAAPGTAEKLSSKATTLAERSTGLAFSLYQAMAKDQAVENILLSPLVVASSLGLVSLGGKATTASQAKAVLSAEKLRDEEVHTGLGELLRSLSNSTARNVTWKLGSRLYGPSSVSFADDFVRSSKQHYNCEHSKINFRDKRSALQSINEWASQTTDGKLPEVTKDVERTDGALLVNAMFFKPHWDEKFHHKMVDNRGFMVTRSYTVGVTMMHRTGLYNYYDDEKEKLQMVEMPLAHKLSSLIILMPHHVEPLERLEKLLTKEQLKAWMGKMQKKAVAISLPKGVVEVTHDLQKHLAGLGLTEAIDKNKADLSRMSGKKDLYLASVFHATAFEWDTEGNPFDQDIYGREELRSPKLFYADHPFIFLVRDNQSGSLLFIGRLVRPKGDKMRDEL	1	P19324
1932	27.0	MEKSTMSAILLVLHLFVLLLQYSEVHSLATTSNHDFSYLRFAYDATDLELEGSYDYVIVGGGTSGCPLAATLSEKYKVLVLERGSLPTAYPNVLTADGFVYNLQQEDDGKTPVERFVSEDGIDNVRGRVLGGTSMINAGVYARANTSIYSASGVDWDMDLVNKTYEWVEDTIVFKPNYQPWQSVTGTAFLEAGVDPNHGFSLDHEAGTRITGSTFDNKGTRHAADELLNKGNSNNLRVGVHASVEKIIFSNAPGLTATGVIYRDSNGTPHRAFVRSKGEVIVSAGTIGTPQLLLLSGVGPESYLSSLNIPVVLSHPYVGQFLHDNPRNFINILPPNPIEPTIVTVLGISNDFYQCSFSSLPFTTPPFSFFPSTSYPLPNSTFAHFASKVAGPLSYGSLTLKSSSNVRVSPNVKFNYYSNPTDLSHCVSGMKKIGELLSTDALKPYKVEDLPGIEGFNILGIPLPKDQTDDAAFETFCRESVASYWHYHGGCLVGKVLDGDFRVTGIDALRVVDGSTFPYTPASHPQGFYLMLGRYVGIKILQERSASDLKILDSLKSAASLVL	1	P52706
1933	34.0	MARAALSAAPSNPRLLRVALLLLLLVAAGRRAAGASVATELRCQCLQTLQGIHPKNIQSVNVKSPGPHCAQTEVIATLKNGRKACLNPASPIVKKIIEKMLNSDKSN	1	P09341
1934	25.0	MGPQAAAGRMILLVVLMLSAKVGSGALTSTEDPEPPSVPVPTNVLIKSYNLNPVVCWEYQNMSQTPIFTVQVKVYSGSWTDSCTNISDHCCNIYEQIMYPDVSAWARVKAKVGQKESDYARSKEFLMCLKGKVGPPGLEIRRKKEEQLSVLVFHPEVVVNGESQGTMFGDGSTCYTFDYTVYVEHNRSGEILHTKHTVEKEECNETLCELNISVSTLDSRYCISVDGISSFWQVRTEKSKDVCIPPFHDDRKDSIWILVVAPLTVFTVVILVFAYWYTKKNSFKRKSIMLPKSLLSVVKSATLETKPESKYSLVTPHQPAVLESETVICEEPLSTVTAPDSPEAAEQEELSKETKALEAGGSTSAMTPDSPPTPTQRRSFSLLSSNQSGPCSLTAYHSRNGSDSGLVGSGSSISDLESLPNNNSETKMAEHDPPPVRKAPMASGYDKPHMLVDVLVDVGGKESLMGYRLTGEAQELS	1	P15261
1935	20.0	MKGMILFISCLLLIGIVVECKEGYLMDHEGCKLSCFIRPSGYCGRECGIKKGSSGYCAWPACYCYGLPNWVKVWDRATNKCGKK	1	P15226
1936	27.0	MMQKLLKCSRLVLALALILVLESSVQGYPTRRARYQWVRCNPDSNSANCLEEKGPMFELLPGESNKIPRLRTDLFPKTRIQDLNRIFPLSEDYSGSGFGSGSGSGSGSGSGFLTEMEQDYQLVDESDAFHDNLRSLDRNLPSDSQDLGQHGLEEDFML	1	P10124
1937	19.0	MKHLIPLIVMASVVLAVYADRGYGGGRRGGGYGGGGYGGGGYGGGGGGYGGGVGGGRGGGGGLGGGRGGGGGVIDGKDDVGLGGGGYGGGLGGGQGGGGGLGGGQGGGGGLGGGRGGGGYGGGGGGYGGGKYGGGKYGGK	1	P86798
1938	28.0	MPGGLEALRALPLLLFLSYACLGPGCQALRVEGGPPSLTVNLGEEARLTCENNGRNPNITWWFSLQSNITWPPVPLGPGQGTTGQLFFPEVNKNHRGLYWCQVIENNILKRSCGTYLRVRNPVPRPFLDMGEGTKNRIITAEGIILLFCAVVPGTLLLFRKRWQNEKFGVDMPDDYEDENLYEGLNLDDCSMYEDISRGLQGTYQDVGNLHIGDAQLEKP	1	P11911
1939	21.0	MTKFTILLISLLFCIAHTCSASKWQHQQDSCRKQLQGVNLTPCEKHIMEKIQGRGDDDDDDDDDNHILRTMRGRINYIRRNEGKDEDEEEEGHMQKCCTEMSELRSPKCQCKALQKIMENQSEELEEKQKKKMEKELINLATMCRFGPMIQCDLSSDD	1	P19594
1940	27.0	MEGAALLRVSVLCIWMSALFLGVGVRAEEAGARVQQNVPSGTDTGDPQSKPLGDWAAGTMDPESSIFIEDAIKYFKEKVSTQNLLLLLTDNEAWNGFVAAAELPRNEADELRKALDNLARQMIMKDKNWHDKGQQYRNWFLKEFPRLKSELEDNIRRLRALADGVQKVHKGTTIANVVSGSLSISSGILTLVGMGLAPFTEGGSLVLLEPGMELGITAALTGITSSTMDYGKKWWTQAQAHDLVIKSLDKLKEVREFLGENISNFLSLAGNTYQLTRGIGKDIRALRRARANLQSVPHASASRPRVTEPISAESGEQVERVNEPSILEMSRGVKLTDVAPVSFFLVLDVVYLVYESKHLHEGAKSETAEELKKVAQELEEKLNILNNNYKILQADQEL	1	O14791
1941	26.0	MIPQLNRNYAWAIALGLVARSSLVSAGPCDIYASGGTPCVAAHGTTRALHDSYTGPLYQVKRGSDGATTDIAPRHAGGVANATHQDTFCAGTTCLITIIYDQSGHGNHLSQAPPGHFIGPDSQGYDNLASAIGAPVTLNGQKAYGVFISPGTGYRNNAAKNTATGDEAEGLYAVLDGTHYNNGCCFDYGNAEVSGDDTGNGHMEAIYFGDLTAYGTGSGSGPWIMADLENGLFSGFNAKNNAEDPSLSYRFISAAVKGGPNKWAIRGGNAASGPLSTFYNGSRPNARGYNPMSKEGAIILGIGGHNSKLTVGSSISLRATTLCCTTRYVAHNGSTVNTQVVSSSSSAALKQQASWRVRTGLANSECFSFESVDTPNSFLMHNNFVLLLKSNDGTKALHEAATFCPQLGLNGKGNSIRSWSYPTRYFRHYDNVLYAASNGGVHKFDNPASFNDDVSWVVSASFA	1	U6BLZ9
1942	20.0	MSIFPIVLALLLIGLEETEALDGYPLSKINNCKIYCPDDDVCKWTCKHRAGATNGKGDCIWYGCYCYDVAPGTKMYPGSSPCYA	1	P84688
1943	15.0	MKLLILALCFAAASALTADQISTVQSSFAGVKGDAVGILYAVFKADPSIQAKFTQFAGKDLDSIKGSADFSAHANKIVGFFSKIIGDLPNIDGDVTTFVASHTPRGVTHDQLNNFRAGFVSYMKAHTDFAGAEAAWGATLDAFFGMVFAKM	1	P02230
1944	21.0	MEKYLLLLLLGIFLRVGFLQALTCVSCGRLNSSGICETAETSCEATNNRKCALRLLYKDGKFQYGFQGCLGTCFNYTKTNNNMVKEHKCCDHQNLCNKP	1	Q3UN54
1945	17.0	MLLALGLTLVLYASLQAEENSFTINSIHMESLPSWEVMNGQQLTLECLVDISTTSKSRSQHRVLFYKDDAMVYNVTSREHTESYVIPQARVFHSGKYKCTVMLNNKEKTTIEYEVKVHGVSKPKVTLDKKEVTEGGVVTVNCSLQEEKPPIFFKIEKLEVGTKFVKRRIDKTSNENFVLMEFPIEAQDHVLVFRCQAGILSGFKLQESEPIRSEYVTVQESFSTPKFEIKPPGMIIEGDQLHIRCIVQVTHLVQEFTEIIIQKDKAIVATSKQSSEAVYSVMAMVEYSGHYTCKVESNRISKASSIMVNITELFPKPKLEFSSSRLDQGELLDLSCSVSGTPVANFTIQKEETVLSQYQNFSKIAEESDSGEYSCTAGIGKVVKRSGLVPIQVCEMLSKPSIFHDAKSEIIKGHAIGISCQSENGTAPITYHLMKAKSDFQTLEVTSNDPATFTDKPTRDMEYQCRADNCHSHPAVFSEILRVRVIAPVDEVVISILSSNEVQSGSEMVLRCSVKEGTSPITFQFYKEKEDRPFHQAVVNDTQAFWHNKQASKKQEGQYYCTASNRASSMRTSPRSSTLAVRVFLAPWKKGLIAVVVIGVVIATLIVAAKCYFLRKAKAKQKPVEMSRPAAPLLNSNSEKISEPSVEANSHYGYDDVSGNDAVKPINQNKDPQNMDVEYTEVEVSSLEPHQALGTRATETVYSEIRKVDPNLMENRYSRTEGSLNGT	1	Q08481
1946	18.0	MKTSVVILAMSYITSIFANNSYDFCDGEFAISEKDDKCGFSFNPCTLYKQIQKEYSNCVILRFYLKAISNMLESICDNNKRCLPFSIDSLYRPLYNREQFKHKHHHTLYALFRNCLYLVNPIYFKEYQDALACNQLDVCYFLIRRTVCPKYGVTKYIECLKKRCEDRFDEKELAIFICDSETFVNIKLEIDACRKICPADCTLDICKIYSLDFWERRDLLKAIFDYHYCHVLSSDNTRDEIIKKIEEIYLNGTERDIKFTSFIIYQLFTDLVACKSSDKNIKRILDLICLYEKKDKCPSGVMVMIEFFVKVCSYQC	1	B3STN7
1947	24.0	MTPSPLLLLLLPPLLLGAFPPAAAARGPPKMADKVVPRQVARLGRTVRLQCPVEGDPPPLTMWTKDGRTIHSGWSRFRVLPQGLKVKQVEREDAGVYVCKATNGFGSLSVNYTLVVLDDISPGKESLGPDSSSGGQEDPASQQWARPRFTQPSKMRRRVIARPVGSSVRLKCVASGHPRPDITWMKDDQALTRPEAAEPRKKKWTLSLKNLRPEDSGKYTCRVSNRAGAINATYKVDVIQRTRSKPVLTGTHPVNTTVDFGGTTSFQCKVRSDVKPVIQWLKRVEYGAEGRHNSTIDVGGQKFVVLPTGDVWSRPDGSYLNKLLITRARQDDAGMYICLGANTMGYSFRSAFLTVLPDPKPPGPPVASSSSATSLPWPVVIGIPAGAVFILGTLLLWLCQAQKKPCTPAPAPPLPGHRPPGTARDRSGDKDLPSLAALSAGPGVGLCEEHGSPAAPQHLLGPGPVAGPKLYPKLYTDIHTHTHTHSHTHSHVEGKVHQHIHYQC	1	Q8N441
1948	32.0	MLQFSLSPTLSMGFHVIAMVALLFSHVDHISAETEMEGEGNETGECTGSYYCKKGVILPIWEPQDPSFGDKIARATVYFVAMVYMFLGVSIIADRFMSSIEVITSQEKEITIKKPNGETTKTTVRIWNETVSNLTLMALGSSAPEILLSVIEVCGHNFTAGDLGPSTIVGSAAFNMFIIIALCVYVVPDGETRKIKHLRVFFVTAAWSIFAYTWLYIILSVSSPGVVEVWEGLLTFFFFPICVVFAWVADRRLLFYKYVYKRYRAGKQRGMIIEHEGDRPSSKTEIEMDGKVVNSHVDSFLDGALVLEVDERDQDDEEARREMARILKELKQKHPEKEIEQLIELANYQVLSQQQKSRAFYRIQATRLMTGAGNILKRHAADQARKAVSMHEVNTEVAENDPVSKIFFEQGTYQCLENCGTVALTIIRRGGDLTNTVFVDFRTEDGTANAGSDYEFTEGTVVFKPGETQKEIRVGIIDDDIFEEDENFLVHLSNVKVSLEASEDGILEASHVSTLACLGSPSTATVTIFDDDHAGIFTFEEPVTHVSESIGIMEVKVLRTSGARGNVIVPYKTIEGTARGGGEDFEDTCGELEFQNDEIVKTISVKVIDDEEYEKNKTFFLEIGEPRLVEMSEKKALLLNELGGFTITGKYLYGQPVFRKVHAREHPLPSTIITIADEYDDKQPLTSKEEEERRIAEMGRPILGEHTRLEVIIEESYEFKSTVDKLIKKTNLALVVGTNSWREQFIEAITVSAGEDDDDDECGEEKLPSCFDYVMHFLTVFWKVLFAFVPPTEYWNGWACFIVSILMIGLLTAFIGDLASHFACTIALKDSVTAVVFVALGTSVPDTFASKVAATQDQYADASIGNVTGSNAVNVFLGIGVAWSIAAIYHAANGEQFKVSPGTLAFSVTLFTIFAFINVGVLLYRRRPEIGGELGGPRTAKLLTSCLFVLLWLLYIFFSSLEAYCHIKGF	1	P48765
1949	20.0	MATCLFLLGLFLLLPRPVPAPCYTATRSECKQKHKFVPGVWMAGEGMDVTTLRRSGSFPVNTQRFLRPDRTCTLCKNSLMRDATQRLPVAITHWRPHSSHCQRNVAAAKVHSTEGVAREAAANINNDWRVGLDVNPRPEANMRASVAGSHSKVANFAAEKTYQDQYNFNSDTVECRMYSFRLVQKPPLHLDFKKALRALPRNFNSSTEHAYHRLISSYGTHFITAVDLGGRISVLTALRTCQLTLNGLTADEVGDCLNVEAQVSIGAQASVSSEYKACEEKKKQHKMATSFHQTYRERHVEVLGGPLDSTHDLLFGNQATPEQFSTWTASLPSNPGLVDYSLEPLHTLLEEQNPKREALRQAISHYIMSRARWQNCSRPCRSGQHKSSHDSCQCECQDSKVTNQDCCPRQRGLAHLVVSNFRAEHLWGDYTTATDAYLKVFFGGQEFRTGVVWNNNNPRWTDKMDFENVLLSTGGPLRVQVWDADYGWDDDLLGSCDRSPHSGFHEVTCELNHGRVKFSYHAKCLPHLTGGTCLEYAPQGLLGDPPGNRSGAVW	1	P10820
1950	25.0	MSSPLRMDVTFLLAAIAVTWVCGLKIGFPGFSTPPRSFIQHPKRTLCPEDCDIASPFKCEESPTCLRLFQVCNGRWDCEHGSDEDNALCAAVLRPLECMIWEFLEGQRDWILPNLFNDANTDLVAHALHEAYSMGDLQSYLNLTDQNIENIRNSTRGAIVGDPRPLMALGMPDRAWPEVMYLLKELYNLGLDVWAE	1	A0A0F7YYX3
1951	22.0	MNWLFLVSLVFFCGVSTHPALAMSSNRLLKLANKSPKKIIPLKDSSFENILAPPHENAYIVALFTATAPEIGCSLCLELESEYDTIVASWFDDHPDAKSSNSDTSIFFTKVNLEDPSKTIPKAFQFFQLNNVPRLFIFKPNSPSILDHSVISISTDTGSERMKQIIQAIKQFSQVNDFSLHLPMDWTPIITSTIITFITVLLFKKQSKLMFSIISSRIIWATLSTFFIICMISAYMFNQIRNTQLAGVGPKGEVMYFLPNEFQHQFAIETQVMVLIYGTLAALVVVLVKGIQFLRSHLYPETKKAYFIDAILASFCALFIYVFFAALTTVFTIKSPAYPFPLLRLSAPFK	1	P48439
1952	19.0	MHFLVALVLLGQIIGSTLSSQVRGDLECNDREAKEWADQAVRYINEHKLHEYKQALNVIKNIVVVPWNGDLVAVFLKLNLLETECHVLDPTPVEKCTIRPQQNHAVEMDCDAKIMFDVETFKQDVFVKCHSTPDSVEDVRRNCLKCPILLSPSDPHVVDSVEYVLNKHNEQLSGHVYEVLEISRGQHKYEPEAFYVEFAIVEVNCTAQEAHDDHHHCHPNTAGEDHIAFCKATVFRSHASLEKPKHENFESDCVILDVKEGHAHSHLIEHHIGKYSTSPGQNSTVECVAECPVAFVNKEVPTDISDRHTTPVKGCPGKILHFQL	1	Q5KQS4
1953	24.0	MAAPGARRPLLLLLLAGLAHGASALFEVKNNGTTCIMASFSASFLTTYETANGSQIVNISLPASAEVLKNGSSCGKENVSDPSLTITFGRGYLLTLNFTKNTTRYSVQHMYFTYNLSDTEHFPNAISKEIYTMDSTTDIKADINKAYRCVSDIRVYMKNVTVVLRDATIQAYLSSGNFSKEETHCTQDGPSPTTGPPSPSPPLVPTNPTVSKYNVTGNNGTCLLASMALQLNITYLKKDNKTVTRAFNISPNDTSSGSCGINLVTLKVENKNRALELQFGMNASSSLFFLQGVRLNMTLPDALVPTFSISNHSLKALQATVGNSYKCNTEEHIFVSKMLSLNVFSVQVQAFKVDSDRFGSVEECVQDGNNMLIPIAVGGALAGLVLIVLIAYLIGRKRSHAGYQTI	1	P11438
1954	19.0	MKTLFVFAVGIMLSMRASAFTCPECRPELCGDPGYCEYGTTKDACDCCPVCFQGPGGYCGGPEDVFGICADGFACVPLVGERDSQDPEIVGTCVKIP	1	G4V4F9
1955	21.0	MVGSYVLWLALASCILTLASPEQQGNRNLINTRSYDPCQNYTLLDEPSRSTENTEGSQVCDKDKHGWYRFVGDGGVRMPETCVPMYRCQTDAPLWLNGTHPTLAEGIVNRTACAHWSGNCCLWKTVVQVKACPGEFHVYRLEGTPKCSLRYCTDASTATDKCKNLCRPEEACSFLNGTWDCFCRSDLNSSDVHSLQPRLNCGAKEIQVSLDKCQLGGLGFGDEVIAYLRDWNCSNMMQREERNWISVTSPTQARACGNILERNGTHAIYKNTLSLANEFIIRDTILNINFQCAYPLDMKVSLQTALHPIVSSLNISVDGEGEFTVRMALFQDQSYISPYEGAAAVLAVESMLYVGAILEKGDTSRFNLLLRNCYATPTKDKTDPVKYFIIRNSCPNQYDSTIHVEENGVSSESRFSVQMFMFAGNYDLVFLHCEIHLCDSLNEQCQPCCSRSQQRSEIVALNPARVLDLGPITRRSSASVDITDGTPSTAGFLLAWPMLLLPILLAELF	1	P25291
1956	21.0	MLPCLVVLLAALLSLRLGSDAHGTELPSPPSVWFEAEFFHHILHWTPIPNQSESTCYEVALLRYGIESWNSISNCSQTLSYDLTAVTLDLYHSNGYRARVRAVDGSRHSNWTVTNTRFSVDEVTLTVGSVNLEIHNGFILGKIQLPRPKMAPANDTYESIFSHFREYEIAIRKVPGNFTFTHKKVKHENFSLLTSGEVGEFCVQVKPSVASRSNKGMWSKEECISLTRQYFTVTNVIIFFAFVLLLSGALAYCLALQLYVRRRKKLPSVLLFKKPSPFIFISQRPSPETQDTIHPLDEEAFLKVSPELKNLDLHGSTDSGFGSTKPSLQTEEPQFLLPDPHPQADRTLGNREPPVLGDSCSSGSSNSTDSGICLQEPSLSPSTGPTWEQQVGSNSRGQDDSGIDLVQNSEGRAGDTQGGSALGHHSPPEPEVPGEEDPAAVAFQGYLRQTRCAEEKATKTGCLEEESPLTDGLGPKFGRCLVDEAGLHPPALAKGYLKQDPLEMTLASSGAPTGQWNQPTEEWSLLALSSCSDLGISDWSFAHDLAPLGCVAAPGGLLGSFNSDLVTLPLISSLQSSE	1	Q13651
1957	19.0	MNIFYVIVLLSFFLSKSSGFFPVIEVRIMNRRGNGRSIGIHCRSKDNDLQNQTVTSGHDMSFSFREDFFHTTHFYCDLQWDKETKFGFYSYQAKRDDDGRCSSQCLWKIMDDGLYGFDQEHQIWQIYHLIKKERKEGRT	1	Q40975
1958	25.0	MMMMTKMFVQIAVVCLLATMAVVSAHEGHHHHAPAPAPGPASSSTVVSATNMFTVLAIAAVALVVGSNH	1	Q5PP12
1959	24.0	MNFGKAAIFGVVLFCLLWTEGAQAGLTFLSPADMQKIAERQSQNKLRHGNMNRRGVEDDLAGEEIGVTFPLDMKMTQEQFQKQRAAVQDFLYSSLLSLGSVQDTEDKNENPQSQ	1	Q90W22
1960	23.0	MTPGKTSLVSLLLLLSLEAIVKAGITIPRNPGCPNSEDKNFPRTVMVNLNIHNRNTNTNPKRSSDYYNRSTSPWNLHRNEDPERYPSVIWEAKCRHLGCINADGNVDYHMNSVPIQQEILVLRREPPHCPNSFRLEKILVSVGCTCVTPIVHHVA	1	Q16552
1961	27.0	MAVTDSLSRAATVLATVLLLSFGSVAASHIEDQAEQFFRSGHTNNWAVLVCTSRFWFNYRHVANTLSVYRSVKRLGIPDSHIVLMLADDMACNPRNPKPATVFSHKNMELNVYGDDVEVDYRSYEVTVENFLRVLTGRIPPSTPRSKRLLSDDRSNILIYMTGHGGNGFLKFQDSEEITNIELADAFEQMWQKRRYNELLFIIDTCQGASMYERFYSPNIMALASSQVGEDSLSHQPDPAIGVHLMDRYTFYVLEFLEEINPASQTNMNDLFQVCPKSLCVSTPGHRTDLFQRDPKNVLITDFFGSVRKVEITTETIKLQQDSEIMESSYKEDQMDEKLMEPLKYAEQLPVAQIIHQKPKLKDWHPPGGFILGLWALIIMVFFKTYGIKHMKFIF	1	Q92643
1962	31.0	MAYSTVQRVALASGLVLAVSLLLPKAFLSRGKRPEPPPGPEGKLDRFPPMMHHHSAPSDGQTPGARFQRSHLAEAFAKAKGAGGGAGGGGSGRGLMGQIIPIYGFGIFLYILYILFKLSKGKTAEDRNCSTAPPGNAHRKITNFELVQLQEKLKETEEAMEKLINRVGPNGESRAQAVTSDQEKRLLHQLREITRVMKEGKFIDTSPEKEAEEAPYMEDWEGYPEETYPIYDLSDGIKRRQETILVDYPDLKEPSAEEIAEQMGEIEEEGSERLSWDHLPTDPGAQKDNSVAPCDPKPESCSCCVHEEEDPAVLAENAGFSADGYSEQEEATKENLPQDFTNEGLGVSTDNAHVGGMLRKRNPQGFE	1	Q8BPM6
1963	24.0	MTSIFHFAIIFMLILQIRIQLSEESEFLVDRSKNGLIHVPKDLSQKTTILNISQNYISELWTSDILSLSKLRILIISHNRIQYLDISVFKFNQELEYLDLSHNKLVKISCHPTVNLKHLDLSFNAFDALPICKEFGNMSQLKFLGLSTTHLEKSSVLPIAHLNISKVLLVLGETYGEKEDPEGLQDFNTESLHIVFPTNKEFHFILDVSVKTVANLELSNIKCVLEDNKCSYFLSILAKLQTNPKLSNLTLNNIETTWNSFIRILQLVWHTTVWYFSISNVKLQGQLDFRDFDYSGTSLKALSIHQVVSDVFGFPQSYIYEIFSNMNIKNFTVSGTRMVHMLCPSKISPFLHLDFSNNLLTDTVFENCGHLTELETLILQMNQLKELSKIAEMTTQMKSLQQLDISQNSVSYDEKKGDCSWTKSLLSLNMSSNILTDTIFRCLPPRIKVLDLHSNKIKSIPKQVVKLEALQELNVAFNSLTDLPGCGSFSSLSVLIIDHNSVSHPSADFFQSCQKMRSIKAGDNPFQCTCELGEFVKNIDQVSSEVLEGWPDSYKCDYPESYRGTLLKDFHMSELSCNITLLIVTIVATMLVLAVTVTSLCSYLDLPWYLRMVCQWTQTRRRARNIPLEELQRNLQFHAFISYSGHDSFWVKNELLPNLEKEGMQICLHERNFVPGKSIVENIITCIEKSYKSIFVLSPNFVQSEWCHYELYFAHHNLFHEGSNSLILILLEPIPQYSIPSSYHKLKSLMARRTYLEWPKEKSKRGLFWANLRAAINIKLTEQAKK	1	Q15399
1964	21.0	MLGQVVTLILLLLLKVYQGKGCQGSADHVVSISGVPLQLQPNSIQTKVDSIAWKKLLPSQNGFHHILKWENGSLPSNTSNDRFSFIVKNLSLLIKAAQQQDSGLYCLEVTSISGKVQTATFQVFVFESLLPDKVEKPRLQGQGKILDRGRCQVALSCLVSRDGNVSYAWYRGSKLIQTAGNLTYLDEEVDINGTHTYTCNVSNPVSWESHTLNLTQDCQNAHQEFRFWPFLVIIVILSALFLGTLACFCVWRRKRKEKQSETSPKEFLTIYEDVKDLKTRRNHEQEQTFPGGGSTIYSMIQSQSSAPTSQEPAYTLYSLIQPSRKSGSRKRNHSPSFNSTIYEVIGKSQPKAQNPARLSRKELENFDVYS	1	Q9BZW8
1965	15.0	MKLLILACFVALALARAKEELNASGETVESLSSSEESITHISKEKIEKLKREEQQQTENERQNKIHQFPQPQPLAHPYTEPIPYPILPQNILPLAQVPVVVPLLHPEVMKDSKAKETIVPKRKGMPFPKSPAEPFVEGQSLTLTDFEVLSLPLLQSLMHQIPQPVPQTPMFAPQPLLSLPQAKVLPVPQQVVPFPQRDMPFQALLLYQDPLLGPLQGFYPVPQPVAPVYNPV	1	P39037
1966	16.0	MAPIIVPCLLLVVLVLQCSVINSLDYCSLCRGGRGEHVGCGSPGFSSDCGQKARTRKFTKEHKKVILDKINDVRDHVAKGSWGLPVASRMKVIVWDEELAALAKRHTQGCVPEAYKCRHTLRFWSPGQLNFEFYADKMPSTMSLISTAIKRGHTQKHNITRDIIEKYQPAGPKGNVKELALAISDRVTAVGCGLTTWKLGGKARALLTCNFSSENDYNRPVYKTGNSPGEKCIKKDETFKNLCSAQEPINPNEHNF	1	E0XKJ8
1967	24.0	MVQYRALVIAVILLLSTTVPEVHSKSIIDRERRDWLVIPDAAAAYIYEAVNKVSPRAGQFLLDVSQTTVVSGIRNFLINETARLTKLAEQLMEKIKNLCYTKVLGY	1	P02659
1968	19.0	MKFFVFALILALMLSMTGADSHAKRHHGYKRKFHEKHHSHRGYRSNYLYDN	1	P15516
1969	19.0	MKISVAAIPFFLLITIALGTKTESSSRGPYHPSECCFTYTTYKIPRQRIMDYYETNSQCSKPGIVFITKRGHSVCTNPSDKWVQDYIKDMKEN	1	Q16627
1970	45.0	MPPRAPPAPGPRPPPRAAGRHGLSPLAPRPWRWLLLLALPAVCSALPPPRPVYTNHWAVQVLGGPGAADRVAAAHGYLNLGQIGNLDDYYHFYHSKTFKRSTLSSRGPHTFLRMDPQVKWLQQQEVKRRVKRQARSDSLYFNDPIWSNMWYMHCADKNSRCRSEMNVQAAWKRGYTGKNVVVTILDDGIERNHPDLAPNYDSYASYDVNGNDYDPSPRYDASNENKHGTRCAGEVAASANNSYCIVGIAYNAKIGGIRMLDGDVTDVVEAKSLGIRPNYIDIYSASWGPDDDGKTVDGPGRLAKQAFEYGIKKGRQGLGSIFVWASGNGGREGDHCSCDGYTNSIYTISVSSTTENGHKPWYLEECASTLATTYSSGAFYERKIVTTDLRQRCTDGHTGTSVSAPMVAGIIALALEANNQLTWRDVQHLLVKTSRPAHLKASDWKVNGAGHKVSHLYGFGLVDAEALVLEARKWTAVPSQHMCVATADKRPRSIPVVQVLRTTALTNACADHSDQRVVYLEHVVVRISISHPRRGDLQIHLISPSGTKSQLLAKRLLDFSNEGFTNWEFMTVHCWGEKAEGEWTLEVQDIPSQVRNPEKQGKLKEWSLILYGTAEHPYRTFSSHQSRSRMLELSVPEQEPLKAEGPPPQAETPEEEEEYTGVCHPECGDKGCDGPSADQCLNCVHFSLGNSKTNRKCVSECPLGYFGDTAARRCRRCHKGCETCTGRSPTQCLSCRRGFYHHQETNTCVTLCPAGLYADESQRLCLRCHPSCQKCVDEPEKSTVCKEGFSLARGSCIPDCEPGTYFDSELIRCGECHHTCRTCVGPSREECIHCAKSFHFQDWKCVPACGEGFYPEEMPGLPHKVCRRCDENCLSCEGSSRNCSRCKAGFTQLGTSCITNHTCSNADETFCEMVKSNRLCERKLFIQFCCRTCLLAG	1	Q63415
1971	34.0	MGHTRRQGTSPSKCPYLNFFQLLVLAGLSHFCSGVIHVTKEVKEVATLSCGHNVSVEELAQTRIYWQKEKKMVLTMMSGDMNIWPEYKNRTIFDITNNLSIVILALRPSDEGTYECVVLKYEKDAFKREHLAEVTLSVKADFPTPSISDFEIPTSNIRRIICSTSGGFPEPHLSWLENGEELNAINTTVSQDPETELYAVSSKLDFNMTTNHSFMCLIKYGHLRVNQTFNWNTTKQEHFPDNLLPSWAITLISVNGIFVICCLTYCFAPRCRERRRNERLRRESVRPV	1	P33681
1972	24.0	LPVAFLKFAIVLILFIAMSAMIEAQCIGNGGRCNENVGPPYCCSGFCLRQPGQGYGYCKNR	1	P25403
1973	22.0	MRAPGCGRLVLPLLLLAAAALAEGDAKGLKEGETPGNFMEDEQWLSSISQYSGKIKHWNRFRDEVEDDYIKSWEDNQQGDEALDTTKDPCQKVKCSRHKVCIAQGYQRAMCISRKKLEHRIKQPTVKLHGNKDSICKPCHMAQLASVCGSDGHTYSSVCKLEQQACLSSKQLAVRCEGPCPCPTEQAATSTADGKPETCTGQDLADLGDRLRDWFQLLHENSKQNGSASSVAGPASGLDKSLGASCKDSIGWMFSKLDTSADLFLDQTELAAINLDKYEVCIRPFFNSCDTYKDGRVSTAEWCFCFWREKPPCLAELERIQIQEAAKKKPGIFIPSCDEDGYYRKMQCDQSSGDCWCVDQLGLELTGTRTHGSPDCDDIVGFSGDFGSGVGWEDEEEKETEEAGEEAEEEEGEAGEADDGGYIW	1	Q92563
1974	21.0	MAKHLIVMFLVIMVISSLVDCAKKPFVQRVKNAASKAYNKLKGLAMQSQYGCPIISNMCEDHCRRKKMEGQCDLLDCVCS	1	C7G3K3
1975	17.0	MSLVLLSLAALCRSAVPREPTVQCGSETGPSPEWMLQHDLIPGDLRDLRVEPVTTSVATGDYSILMNVSWVLRADASIRLLKATKICVTGKSNFQSYSCVRCNYTEAFQTQTRPSGGKWTFSYIGFPVELNTVYFIGAHNIPNANMNEDGPSMSVNFTSPGCLDHIMKYKKKCVKAGSLWDPNITACKKNEETVEVNFTTTPLGNRYMALIQHSTIIGFSQVFEPHQKKQTRASVVIPVTGDSEGATVQLTPYFPTCGSDCIRHKGTVVLCPQTGVPFPLDNNKSKPGGWLPLLLLSLLVATWVLVAGIYLMWRHERIKKTSFSTTTLLPPIKVLVVYPSEICFHHTICYFTEFLQNHCRSEVILEKWQKKKIAEMGPVQWLATQKKAADKVVFLLSNDVNSVCDGTCGKSEGSPSENSQDLFPLAFNLFCSDLRSQIHLHKYVVVYFREIDTKDDYNALSVCPKYHLMKDATAFCAELLHVKQQVSAGKRSQACHDGCCSL	1	Q9NRM6
1976	23.0	MKAFYGMLVIFILCSTCYISVDSQIDTNVKCSGSSKCVKICIDRYNTRGAKCINGRCTCYP	1	P84777
1977	23.0	MNSVTKISTLLIVILSFLCFVEGLICNSCEKSRDSRCTMSQSRCVAKPGESCSTVSHFVGTKHVYSKQMCSPQCKEKQLNTGKKLIYIMCCEKNLCNSF	1	Q09098
1978	20.0	MAIKLAILFTTFVLFSLADARIPGIYSGGAWQNAHATFYGGSDASGTMGGACGYGNLYSQGYGTNTAALSTALFNNGMSCGACFELKCANDPQWCHSGSPSILITATNFCPPNLAQPSDNGGWCNPPREHFDLAMPVFLKIAQYRAGIVPVSYRRVPCRKRGGIRFTINGHRYFNLVLITNVAGAGDIVRASVKGSRTGWMSLSRNWGQNWQSNAVLVGQALSFRVTGSDRRTSTSWNMVPSNWQFGQTFVGKNFRV	1	O48818
1979	22.0	MALGVPISVYLLFNAMTALTEEAAVTVTPPITAQQGNWTVNKTEADNIEGPIALKFSHLCLEDHNSYCINGACAFHHELEKAICRCFTGYTGERCEHLTLTSYAVDSYEKYIAIGIGVGLLLSGFLVIFYCYIRKRCLKLKSPYNVCSGERRPL	1	Q6UW88
1980	32.0	MLFSKVIAPAFILLGAASAAPGGLAPENASKRDQPSVGDAFDKYNEAVRVFTQLSSAANCDWAACLSSLSASSAACIAAVGELGLDVPLDLACAATATSSATEACKGCLW	1	O42720
1981	24.0	MKLGSAIPWALLFSTATLISTGWGLDYHACGGRLTDDYGTIFTYKGPKTECVWTLQVDPKYKLLVSIPTLNLTCGKEYVEILEGAPGSKSLGKFCEGLSILNRGSSGMTVKYKRDSGHPASPYEIIFLRDSQG	1	P35495
1982	23.0	MALSLFTVGQLIFLFWTMRITEARPDPAAKAAPAAAAVPAAAAPDTASDAAAAAALTAANAAAAAKLTADNAAAAAAATARG	1	Q99013
1983	19.0	MEQICLIILLISKALSVGAQFNGYNCDANFHSRFPAERDISVYCGVQTITLKINFCPVLFSGYTDTDLALNGRHGDAHCRGFINNNTFPTVVLFSISLATLETCGNALVVSTAQGPNAYGNLSLVQIGNISGYIDTPDPPTIISYLPGLLYKFSCSYPLEYLVNNTQLASSAAAISVKDSNGTFVSTLSLLLYNDSSYVQQLSIPMAGLTLKTRVFAAVKATNLDRRWNVLMDYCYTTASGNPNDELRYDLFFSCDKDPQTTVFENGKSQMGRFAFEVFRFVKHKNQKMSTVFLHCVTKLCRADDCPMLMPICGSRKKRDVSERTESNSASGNAIITAGPIITRSDDTPMNNSQLAQLNSPVFRMNTVTSALISGIIILGVMSLCFFILSLTLLKGKRAPPTILSGARNPAFN	1	C0H9B6
1984	23.0	MASMQHFSLAALLLAASICLGDADRTECQLPLDKGTPCTQEGGVKPSVAWWHDDKSGICLSFKYTGCGGNANRFTTIKNCEQHCKMPDRGACALGKKPAEDSNGEQLVCAGMREDKCPNGYQCKMMAFMGLCCPTKEEELFAREYEGVCKSGKPVKMDRGSGWMMTILGKSCDDQFCPEDAKCERGKLFANCCK	1	Q7Z1K3
1985	24.0	MNTRSLLSAWAALLVVTVRHRAHAMASLYPFWPNDTKTPKVDDGSSSEIKLSVPFIFFRSPYRTVYVNNNGVISFNSLVSQFTPEAFPLADGRAFVAPFCGDVANGIRGEIYYRESTNPELLGESSKDIRKYFKDMASFSASWVFIVTWEEVQFYGGSSTTPVNTFQAVLITDGVSSFAIFNYQEISWTTGTASGGDPLTGLGGVMAQAGFNGGNISNFFSIPGSRTPDIVNIEQTTNVNIPGRWAFKIDGREIDPANLSLRGQFLHQGEIFWENSNCSTKCRCLDFNNEIFCQEMLAPFETVEPKIKFFQCVPVETACVVFGDPHYHTFDGFLFHFQGSCSYLLARQCWPGSQLPYFNVEAKNERGGSSVSWAEDIFVEVYRHKIVLPKGGFGKAKVDDLVVSLGAIKVYQSGLSTALETDFGLLVTYDGQHYASVSVPGTYINGTCGLCGNYNKDPEDDALRSDGRLASSVPELGESWRVPHPERKCSPGCVENCSVCDASRILYSPICGFSQECGAWSVLVATAFVHSCVYDLCSARRTHRLCQAIQVTLRCCQGLGIRWENGVPDGMRGGLAVPGHSHYSGCASGCPATCSDLTAPLRCTAPCPEGCECDDGHVLSARPLHSLCRSGCVVDGRSRCREVFWATADCTAECQCEDGGEAKCFNTSCPEGEVCTIEDGYRGCYPKREGLCSVGQNQVLRTFDGVTFPYPLEHSYTLLKTCMEKPDFIEVDISQKKPDTLPMAGRVVRIQVVGQEVKVGGASLSEVKVNGYDVDLPYFHPSGHLEIYRTDNGTVTESEGLLSIGYYDSGLLEIRLSTAYFNCTGGLCGFFNGNDSDEFCTPKAKCTDNLELFLESWTTFDEICNGECGDLLKACNNDSELLKTYRSRSNCAIINDPTNSSFLECHNVSIVSAYYRTCLFRLCQSGGNQSELCSAVARYASACKNSEVDVGQWRSHSFCPLACPENSHFEECMSCVETCETLATGCCMDTCTEGCQCDEGFALRSPCVPRGECGCNFEGHELATNQTFWMDISCHLLCYCNGSDNSVYCENVLQDDEYYCHVRTDASCIVSGYGHYLTFDGFSFDFQSSCALVLCTTIHGACERSDTFPTFTVTVTAKNEDRDTSLACVVKQVEVEVFNYYIVIHRAYKYTVMINNERLYLPLKLGQGKVNIFAFGFHIVVETDFGLKVVYDWKTFLSVTIPRSFQNLTYGLCGRYNGNPDDDLVAAGGTPRFGVTDFVQSWAKRDTFCRVGSGDRCPACGKVEGFWKPQQLCSLIPSQSGVFAKCHSKINPSYFYKNCLFDTVVDGGAMARRVADWLQNYASTCQTQGIAIIGWRNFTSCSVSCPPNSHYESCVSLCQPRCAAIRLKSDCGHYCVEGCQCDPGYVLNGKSCILPQNCGCYSDGKYYEPKQLFWNGDCTRRCARFRRNLIQCDPRHCKSDEECASRNGVRGCFSTRSSFCLAAGGGVFRTFDGAFLRFPANCAFVLSTICQRLADFSFQLIINFDKWSSPNLTIISVYIYINEEQILISDRSTVKVNGSLVSIPFVTGLSTKIYSQEGFLVIDSGPDIHIRYNGFNVIKITIGDRLQNKVCGLCGNFNGDPADDYATLRGKPVVSSVVLAQSWKTNGMQKSCNELQYSQYAASCDNVQIQKLQSDSYCLKLTDMKGFFQPCYGLLDPLPFYESCFLDGCYNRKQVQLCGSLAAYGEACRTFGILGTEWIEKENCSGVVEDPCAGADCPNRTCELDDGGELCGCIEPPPYGNTTHDIIDAEVTCKAAQMEVSISKCKLFQLGFEREGVRVNDRHCPGIEGEDFISFQINNTKGNCGNLVQSNSTHIVYKNTVWIESANNTGNIITRDRTINVEVFCAYELDIKISLDSVVRPMLSVINLTVPTQEGSFTTKMALYKNSSYKHPYRQGEVVLTTRDVLYVGVFVVGADSNHLILMLNKCYATPSRDSNDKLRYFIIEGGCQNLKDNTIGIEENGVSLTCRFHVTVFKFIGDYDEVHLHCAVSLCDSEKYSCKINCPQHRRSASAFAQEAHEQILSVGPIRRKRSDWCEDNGGCEQICTSQADGPLCSCVTGTLQGDGKSCMASSSSADIRAQASLLVAAQLWLWAALHDPTS	1	Q9YH85
1986	22.0	MKFTATFLMIAIFVLMVEPGECGWGSFFKKAAHVGKHVGKAALTHYLGDKQELNKRAVDEDPNVIVFE	1	Q90ZY0
1987	22.0	MNKKILLVIFIVTMLIVDEVNSFKFGSFIKRMWRSKLAKKLRAKGKELLRDYANRVLSPEEEAAAPAPVPAKRRR	1	P86407
1988	19.0	MARPHPWWLCVLGTLVGLSATPAPKSCPERHYWAQGKLCCQMCEPGTFLVKDCDQHRKAAQCDPCIPGVSFSPDHHTRPHCESCRHCNSGLLVRNCTITANAECACRNGWQCRDKECTECDPLPNPSLTARSSQALSPHPQPTHLPYVSEMLEARTAGHMQTLADFRQLPARTLSTHWPPQRSLCSSDFIRILVIFSGMFLVFTLAGALFLHQRRKYRSNKGESPVEPAEPCHYSCPREEEGSTIPIQEDYRKPEPACSP	1	P26842
1989	18.0	MALSWVLTVLSLLPLLEAQIPLCANLVPVPITNATLDRITGKWFYIASAFRNEEYNKSVQEIQATFFYFTPNKTEDTIFLREYQTRQDQCIYNTTYLNVQRENGTISRYVGGQEHFAHLLILRDTKTYMLAFDVNDEKNWGLSVYADKPETTKEQLGEFYEALDCLRIPKSDVVYTDWKKDKCEPLEKQHEKERKQEEGES	1	P02763
1990	24.0	MCGPSYCTLLLIAASCYILVCSHAKSLQGTSKLDLGNHISAGSARGSLSPASPALSEARQKRAMGDYKELTDIIDELEENSLAQKASATMQVAAMPPQGQEFDLDTMPPLTYYLLLQKLRQLQSNGEPAYRVRTPRLGRSIDSWRLLDAEGATGMAGGEEAIGGQFMQRMVKKSVPFKPRLGKRAQVCGGD	1	Q9VG55
1991	23.0	MGGHPQLRLVKALLLLGLNPVSASLQDQHCESLSLASNISGLQCNASVDLIGTCWPRSPAGQLVVRPCPAFFYGVRYNTTNNGYRECLANGSWAARVNYSECQEILNEEKKSKVHYHVAVIINYLGHCISLVALLVAFVLFLRLRPGCTHWGDQADGALEVGAPWSGAPFQVRRSIRCLRNIIHWNLISAFILRNATWFVVQLTMSPEVHQSNVGWCRLVTAAYNYFHVTNFFWMFGEGCYLHTAIVLTYSTDRLRKWMFICIGWGVPFPIIVAWAIGKLYYDNEKCWFGKRPGVYTDYIYQGPMILVLLINFIFLFNIVRILMTKLRASTTSETIQYRKAVKATLVLLPLLGITYMLFFVNPGEDEVSRVVFIYFNSFLESFQGFFVSVFYCFLNSEVRSAIRKRWHRWQDKHSIRARVARAMSIPTSPTRVSFHSIKQSTAV	1	P34998
1992	22.0	MNCLKICGFFFALIAALATAEAGTQVIHAGGHTLIQTDRSQYIRKN	1	P83869
1993	20.0	MKMVYLGLFLIITSCVISSGNLIYECKWADSIRLKDKNPTHEFCKKKCEEKNTDRITVQHGFHSSDYRCTCQGEKILETPYQSDGVKDCHRI	1	P0DQC1
1994	19.0	MKCFAQIVVLLLVIAFSHGAVITGACDRDVQCGSGTCCAASLWSRNIRFCVPLGNNGEECHPASHKVPYNGKRLSSLCPCKSGLTCSKSGEKFQCS	1	Q8JFQ0
1995	19.0	MAPLRPLLMLALLAWVALADQESCKGRCTDGFIAERKCQCDELCSYYQSCCTDYVAECKPQVTRGDVFLQPDDEYRAYDYHEETRHNTSVQEEQRIPVLLAKTEETPVLKPEEEAPPPGPQTDDLGVPEEELCSGKPFDAFTNLKNGSVFAFRGLYCYELDEKAVRPGYPKLIQDVWGIKGPIDAAFTRINCQGKTYLFKGSQYWRFDDGVLDPNYPREISEGFKGIPDDVDAALALPAHSYSGRERVYFFKGKQYWEYVFQQQPSREECEGSSPSDVFAHFALMQRDSWEDIFRLLFWSHSFGGAIEPRVISQDWLGLPEQVDAAMAGQIYISGSALKPSQPKMTKSARRSGKRYRSRRGRGRGRGHSRSQKSHRQSRSTWLPWFSSEETGPGGYNYDDYKMDWLVPATCEPIQSVYFFSGEEYYRVNLRTQRVDTVTPPYPRSIAQYWLGCPVPDQK	1	P48819
1996	16.0	MMQILLLALAVSLACADSIDYSKVPGNWRTIAIAADHVEKIEVNGELRAYFRQVDCTEGCDKISITFYTNTDGVCTEHTVVGARNGENDVYTVDYAGENTFQILCNSDDAFVIGSVNTDQNGQTTKEVAIAAKRNFLTPEQEQKFQKAVQNAGIPLENIRYVIETDTCPD	1	P83508
1997	25.0	MQFSIATIALFLSSAMAAPYSGNSNSDSYDPCTGLLQKSPQCCNTDILGVANLDCHGPPSVPTSPSQFQASCVADGGRSARCCTLSLLGLALVCTDPVGI	1	Q06153
1998	31.0	MATPPLVPLLLLLLLLLPHAHHRLALRSVLATQRAQDSPAVHLINGLGQEPIQVLTFDLTRLVKASSSFELRTWDSEGVIFYGDTSPKDDWFMLGLRDGRPEIQMHNPWAQLTVGAGPRLDDGSWHQVHVKIRGDSVLLEVDGKEVLRLSQVSGTLHDKPQPVMKLAVGGLLFPPSSLRLPLVPALDGCLRRGSWLDPQAQISASAHASRRSCDVELQPGIFFPPGTHAEFSLQDIPQPQTEPWAFSLDLELKPSEGSGRLLALGTPEDPNWLSLHLQDQKVVLSSGMEPGLDLPLAWGLPLQLKLGVSTAVLSQGSKKQALGLPPSGLGPLLNLWAQPQGRLFLGALPGEDSSASFCLDGLWAQGQKLDMDKALNRSQDIWTHSCPSSPGNGTDTSH	1	P15196
1999	24.0	MGAALKMTIFLLIVACAMIATTEAAVRIGPCDQVCPRIVPERHECCRAHGRSGYAYCSGGGMYCN	1	Q8T0W8
2000	18.0	MLVTYILASVLLFSSVLGQRCSTTWGIRDTNYLIENLKDDPPSKCSCSGNVTSCLCLSVPTDDCTTPCYREGLLQLTNATQKSRLLPVFHRVKRIVEVLKNITCPSFSCEKPCNQTMAGNTLSFLKSLLGTFQKTEMQRQKSRP	1	P15247
2001	23.0	MSSSCSGLTRVLVAVATALVSSSSPCPQAWGPPGVQYGQPGRPVMLCCPGVSAGTPVSWFRDGDSRLLQGPDSGLGHRLVLAQVDSPDEGTYVCQTLDGVSGGMVTLKLGFPPARPEVSCQAVDYENFSCTWSPGQVSGLPTRYLTSYRKKTLPGAESQRESPSTGPWPCPQDPLEASRCVVHGAEFWSEYRINVTEVNPLGASTCLLDVRLQSILRPDPPQGLRVESVPGYPRRLHASWTYPASWRRQPHFLLKFRLQYRPAQHPAWSTVEPIGLEEVITDAVAGLPHAVRVSARDFLDAGTWSAWSPEAWGTPSTGPLQDEIPDWSQGHGQQLEAVVAQEDSPAPARPSLQPDPRPLDHRDPLEQVAVLASLGIFSCLGLAVGALALGLWLRLRRSGKDGPQKPGLLAPMIPVEKLPGIPNLQRTPENFS	1	Q64385
2002	27.0	MLLPRRGLRTLPSLCLYILVLVWVVACEPEGTPTPLPAPEESRWSLVPSSVKELVGPLLTRTRERWQWFWGPGALQGFVQTYYDDHLRDLGPRAQAWLTSSRDRLLNTAQGLCPRLLCGDKDQD	1	P55057
2003	22.0	MKLFIILATATLLIAATQAKYLRDEGFDLGETQMSSKCTRQVKMMEPELVKCNRYIAMDIMDDKYEEALSRIQGEGCESEEKFLRGCCVAMKEMEDECVCEWMKMMVENQKGRIGETLMRKGIRDLKELPNKCGISEMECHSRGNWYYV	1	E9NX73
2004	22.0	MGSPGMVLGLLVQIWALQEASSLSVQQGPNLLQVRQGSQATLVCQVDQATAWERLRVKWTKDGAILCQPYITNGSLSLGVCGPQGRLSWQAPSHLTLQLDPVSLNHSGAYVCWAAVEIPELEEAEGNITRLFVDPDDPTQNRNRIASFPGFLFVLLGVGSMGVAAIVWGAWFWGRRSCQQRDSGNSPGNAFYSNVLYRPRGAPKKSEDCSGEGKDQRGQSIYSTSFPQPAPRQPHLASRPCPSPRPCPSPRPGHPVSMVRVSPRPSPTQQPRPKGFPKVGEE	1	Q96BF3
2005	19.0	MALALWVFALLGSACLVSANIFEYQVDAQPLRPCELQRERAFLKRADYVPQCAEDGSFQTVQCKKDGGSCWCVDADGREVPGSRQPGRPVACLSFCQLQKQQILLSSYINSTATSYLPQCQDSGAYAPVQCDVRREQCWCVDAEGMEVYGTRRLGRPARCPGSCEIRNRRLLHGVGDKSPPQCSADGTFLPVQCKFVNTTDMMFFDLVHSYNRFPDAFVTFSSFRSRFPEVSGYCHCADSQGRELAGTGLELLLDEIYDTVFAGLDLASSFTETTLYRILQRRFLAVQLVTSGRFRCPTKCEVERFAATSFGHPYVPSCGRDGEYQAGQCQQEGLCWCVDAQGQEIPGTRRPSEPLSCAEGQSCPSERRRALSRLHLGPSGYSGQRGSFLAAERGPVSQTVPSFAASCPLPLKELFVESGILQPVVQGQKKEVTAATESLLKEGLRGIFPSRELARLALQFTANPKRLQQNLFGGRFLANVGQFNLSGALGTRGTFNFSHFFQQLGLPGFQKRQALADPAKSLSVGLDSNPATEAPEALKMGVAMNKTVVGSFGFEVNLQENRNALTFLSSLLELPEFLLFLQHAISVPEDIARDLGDVMEMALSSQGCEQTPGSLFVPSCTAEGSYEDVQCFAGECWCVDARGRELAGSRARGGRPRCPTACEKQRERMQSLLGRQPAGSSVFVPSCTREGHFLPVQCFSSDCYCVDADGQPIPGTRTAPGEPKQCPTPCQLQAEQAFLGTVRGLISNPSEPPVLSSIYIPQCSASGQWRRVQCDGPPEQAFEWYERWGAQSRSGQELTPAELLMKIMSYREAASGSFRLFIQNLYEAGQQGIFPGLARYSSLQDVPLAVLEGNLTQATGNILLEPYLFWQILNGQLPRYPGPYSDFSAPLAHLDLRSCWCVDEAGRKLEGTQTEPSKVPACPGSCEEVKLRVLQFIKEAEEIVMVSNSSQFPLGESFLAAKGIRLTDEELALPPLSPSRETFLEKFLSGSDYAIRLAAQSTFSFYQRRRVALSDAPRTSGPLQPYPYVPQCDALGSWEPVQCHAATGHCWCVDGEGAYLPASLAARSPQVLQCPTPCETSRVRGLLSAWKQAGSQVRPSPKDLFIPACTETGEFARLQASEASTWCVDPASGEAMPPGTNSSAPCPGLCEVLQRGVPSRRASPGTTPACRAEDGGFAPVQCDPAQGSCWCVLGSGEEVPGTRVAGSQPACERPQLWQTIQTRGQFQLQLPPGKVCSADYAGLLPTFQVVILDELTARGFCRIQVTTARTPVSIPVCDDSTVRVGCLSLDRLGVNVTWTLRLEDAPPASLPDLRDIEEALAGKDLVGRFADLIQSGTFQLHLDSRTFPADPSIHFLQGNSLGTSPRTRFGCVEGSRQVPATSNTSQDPLGCVRCPEGSYFQEEQCIPCPAGFYQEQTGSLACAPCPAGTTTTSVGAFSQTHCVTACQRDEAGLQCDQDGQYRASQRDRASGKAFCVDSEGRRLPWSETQAPLVDAQCLMMRKFEKLPESKVIFTADVAVLGSIVPDSESSLMQCLADCARDEACSFLTVSLEGSEGSCDFYAWTSDNIACTSSGQEEDALGTSKATSLGSLTCQVKVRPGDGVAPAVYLKKGQEFATIGQKRFEQTGFQNALSGLYSPVVFSASGASLTEAHLFCLLACDRDSCCDGFILTQVQGGPIICGLLSSPDVLLCHVRDWRDPSEAQADATCPGVTYDQDSRQGTLRLGGQEFKSLTPREGARDTFTSFQQVYLWKDSDMGSRSESMGCRRDMQPRPESPEETDLTAELFSPVDLNQVIVSENRSLPSQQHRLFKHLFSLQQAHLWCLSRCVQEPSFCQLAEITDSSPLYLTCTLYPEAQVCDDVMEASPRGCRRILPRRPNALFQRRVVLQDRVKNFYTRLPFQKLTGLSIRHKVPMADKAISSGFFECERLCDVDPCCTGFGFLNVSQLKGGEVTCLTLNSLGLQTCSEENGGSWRLLACGSPDTEVRTYPFGWYQKPAVQNDAPSFCPSAALPPVPEKVALDSWQPLPPSSVVVDPSIRNFDVAHISTAAVGDFSAARERCLLECSRHQACLVTTLQTRPGAVRCMFYADTQSCTHSLQAQNCQLLLREEATHIYRKPDIPLPGLGSSAPTVTIATHGQLLGTSQAIQLGASWKQVDQFLGVPYAAPPLAESRFRAPEPLNWTGTWDATKPRASCWQPGIRPATAPGVSEDCLYLSVFVPQSLTPNSSVLVFFHNGAEGPLAMAVDGSFLAAVGNLIVVTASYRTGVFGFLSSGSSEVSGNWGLLDQVAALTWVQTHIGVFGGDPRRVALAADRGGADVAGIHLLTSRATNSRLFRRAVLMGGSVLSPAAVIRPDRAQQQAAALAKEVGCPPRPSQKWYPASAGACQPPNDAQMQLLAVSGPFHYWGPVVDGQLLREAPARALQRPPRAKLDLLIGSSQDDGLIDRAKAVKRFEESQGRTSSKTAFYQALQNSLGGEAGDPGVQAAATWYYSLEHDTDDYASFSRALEAATRDYFIICPVIDMASHWARTARGNVFMYHAPESYSHGSLELLADVRYAFGLPFYPAYEGQFTQEEKSLSLKIMQYFSNFVRSGNPNYPHEFSRKAPEFAAPWPDFVPGDGAESYKELSVLLPNRQGLKKADCSFWSKYILSLKASADEAEDGPLAESEEEDRPGLTEDLLGLPELASKSYSK	1	F1RRV3
2006	33.0	MDCHTKETLGVTQWRRSTMLTLSLLYAITPADGAKEALEYKTWTNHCGLAATLRKVAGGVLTKLKSHISYRKKLEEMETKLRIYALKGDGVGEQKSAEILATTAALMRQKALTPEEANLKTALKAAGFAGEGAAAVSSYLMTLGTLTTSGSAHCLSNEGGDGDGKDQLAPKGCRHGTEADFDAGAGPAESEVADSGFAQVPGKQDGANAGQANMCALFTHQATPHSSQGIYITGAQTKPSFGYGMLTIGTTDQTIGLKLSDIKGKQADSAQKFWSSCHAAVKAAQDMKADPALKVDQTLLAVLVASPEMAEILKLEAAASQQKGPEEVTIDLATEKNNYFGTNNNKLEPLWTKIKGQNIVDLAATKGSTKELGTVTDTAELQKLLSYYYTVNKEEQKKTAEKITKLETELADQKGKSPESECNKISEEPKCNEDKICSWHKEVKAGEKHCKFNSTKAKEKGVSVTQTQTAGGTEATTDKCKGKLEDTCKKESNCKWENNACKDSSILVTKKFALTVVSAAFVALLF	1	P02896
2007	23.0	MFWTRYAGASILLFFMLIRLGQLYPRNDMNNFGCEECKLKENNIFSKPGAPVYQCMGCCFSRAYPTPLRSKKTMLVPKNITSEATCCVAKEVKRVLVNDVKLVNHTDCHCSTCYYHKS	1	P01221
2008	29.0	MASGTFTQRLLVALMIFALIADLSTLVAARPQDSDAASVAAAIRYLQELETKHAQHARPRFGKRGGYLNPAIFGQDEQEVDWQDSTFSR	1	Q7Q7R8
2009	18.0	MKLVFLFLLVTIPICCYASGSGCSILDEVIRGTINSTVTLHDYMKLVKPYVQDHFTEKAVKQFKQCFLDQTDKTLENVGVMMEAIFNSESCQQPS	1	P02780
2010	23.0	MKLQNTLILIGCLFLMGAMIGDAYSRCQLQGFNCVVRSYGLPTIPCCRGLTCRSYFPGSTYGRCQRY	1	Q9U8X3
2011	20.0	MQKVTLGLLVFLAGFPVLDANDLEDKNSPFYYDWHSLQVGGLICAGVLCAMGIIIVMSAKCKCKFGQKSGHHPGETPPLITPGSAQS	1	Q14802
2012	20.0	MDCQLSILLLLSCSVLDSFGELIPQPSNEVNLLDSKTIQGELGWISYPSHGWEEISGVDEHYTPIRTYQVCNVMDHSQNNWLRTNWVPRNSAQKIYVELKFTLRDCNSIPLVLGTCKETFNLYYMESDDDHGVKFREHQFTKIDTIAADESFTQMDLGDRILKLNTEIREVGPVNKKGFYLAFQDVGACVALVSVRVYFKKCPFTVKNLAMFPDTVPMDSQSLVEVRGSCVNNSKEEDPPRMYCSTEGEWLVPIGKCSCNAGYEERGFMCQACRPGFYKALDGNMKCAKCPPHSSTQEDGSMNCRCENNYFRADKDPPSMACTRPPSSPRNVISNINETSVILDWSWPLDTGGRKDVTFNIICKKCGWNIKQCEPCSPNVRFLPRQFGLTNTTVTVTDLLAHTNYTFEIDAVNGVSELSSPPRQFAAVSITTNQAAPSPVLTIKKDRTSRNSISLSWQEPEHPNGIILDYEVKYYEKQEQETSYTILRARGTNVTISSLKPDTIYVFQIRARTAAGYGTNSRKFEFETSPDSFSISGESSQVVMIAISAAVAIILLTVVIYVLIGRFCGYKSKHGADEKRLHFGNGHLKLPGLRTYVDPHTYEDPTQAVHEFAKELDATNISIDKVVGAGEFGEVCSGRLKLPSKKEISVAIKTLKVGYTEKQRRDFLGEASIMGQFDHPNIIRLEGVVTKSKPVMIVTEYMENGSLDSFLRKHDAQFTVIQLVGMLRGIASGMKYLSDMGYVHRDLAARNILINSNLVCKVSDFGLSRVLEDDPEAAYTTRGGKIPIRWTSPEAIAYRKFTSASDVWSYGIVLWEVMSYGERPYWEMSNQDVIKAVDEGYRLPPPMDCPAALYQLMLDCWQKDRNNRPKFEQIVSILDKLIRNPGSLKIITSAAARPSNLLLDQSNVDITTFRTTGDWLNGVWTAHCKEIFTGVEYSSCDTIAKISTDDMKKVGVTVVGPQKKIISSIKALETQSKNGPVPV	1	P29320
2013	22.0	MAPPGSSTVFLLALTIIASTWALTPTHYLTKHDVERLKASLDRPFTNLESAFYSIVGLSSLGAQVPDAKKACTYIRSNLDPSNVDSLFYAAQASQALSGCEISISNETKDLLLAAVSEDSSVTQIYHAVAALSGFGLPLASQEALSALTARLSKEETVLATVQALQTASHLSQQADLRSIVEEIEDLVARLDELGGVYLQFEEGLETTALFVAATYKLMDHVGTEPSIKEDQVIQLMNAIFSKKNFESLSEAFSVASAAAVLSHNRYHVPVVVVPEGSASDTHEQAILRLQVTNVLSQPLTQATVKLEHAKSVASRATVLQKTSFTPVGDVFELNFMNVKFSSGYYDFLVEVEGDNRYIANTVELRVKISTEVGITNVDLSTVDKDQSIAPKTTRVTYPAKAKGTFIADSHQNFALFFQLVDVNTGAELTPHQTFVRLHNQKTGQEVVFVAEPDNKNVYKFELDTSERKIEFDSASGTYTLYLIIGDATLKNPILWNVADVVIKFPEEEAPSTVLSQNLFTPKQEIQHLFREPEKRPPTVVSNTFTALILSPLLLLFALWIRIGANVSNFTFAPSTIIFHLGHAAMLGLMYVYWTQLNMFQTLKYLAILGSVTFLAGNRMLAQQAVKRTAH	1	P04844
2014	17.0	MIMLLMVGMLMAPCVGAHALDTPNPQELPPGLSKNINITFFNGVFKNVESVAEIFDCLGSHFTWLQAVFTNFPLLLQFVNSMRCVTGLCPRDFEDYGCACRFEMEGMPVDESDICCFQHRRCYEEAVEMDCLQDPAKLSADVDCTNKQITCESEDPCERLLCTCDKAAVECLAQSGINSSLNFLDASFCLPQTPETTSGKAATLLPRGIPEKPTDTSQIALSGEVAGEVRADTLTTLSRTKSVQDLQDTQASRTTSSPGSAEIIALAKGTTHSAGIKPLRLGVSSVDNGSQEAAGKACDRLAFVHLGDGDSMTAMLQLGEMLFCLTSHCPEEFETYGCYCGREGRGEPRDTLDRCCLSHHCCLEQMRQVGCLHGRRSQSSVVCEDHMAKCVGQSLCEKLLCACDQMAAECMASAFFNQSLKSPDGAECQGEPVSCEDGMLQGTLASSVDSSSEENSEEAPPQMERLRRFLEKPPGPLGARPLGGK	1	Q9Z0L3
2015	29.0	MRAPGRPALRPLPLPPLLLLLLAAPWGRAVPCVSGGLPKPANITFLSINMKNVLQWTPPEGLQGVKVTYTVQYFIYGQKKWLNKSECRNINRTYCDLSAETSDYEHQYYAKVKAIWGTKCSKWAESGRFYPFLETQIGPPEVALTTDEKSISVVLTAPEKWKRNPEDLPVSMQQIYSNLKYNVSVLNTKSNRTWSQCVTNHTLVLTWLEPNTLYCVHVESFVPGPPRRAQPSEKQCARTLKDQSSEFKAKIIFWYVLPVSITVFLFSVMGYSIYRYIHVGKEKHPANLILIYGNEFDKRFFVPAEKIVINFITLNISDDSKISHQDMSLLGKSSDVSSLNDPQPSGNLRPPQEEEEVKHLGYASHLMEIFCDSEENTEGTSLTQQESLSRTIPPDKTVIEYEYDVRTTDICAGPEEQELSLQEEVSTQGTLLESQAALAVLGPQTLQYSYTPQLQDLDPLAQEHTDSEEGPEEEPSTTLVDWDPQTGRLCIPSLSSFDQDSEGCEPSEGDGLGEEGLLSRLYEEPAPDRPPGENETYLMQFMEEWGLYVQMEN	1	Q9UHF4
2016	31.0	MATAATATAGSRAAVLLLLSLALALALRPSDAGAGGDCHFPAVFNFGDSNSDTGGLSSLFGAAPPPNGRTFFGMPAGRYCDGRLVIDFIAESLGLTHLSAYLNSIGSNFTQGANFATAGSSIRRQNTSLFLSGFSPISLDVQFWEFEQFINRSQLVYNNKGGIYREILPRAEYFSQALYTFDIGQNDITSSYFVNNTTEEVEAIIPDLMERLTSIIQSVYSRGGRYFWIHNTGPLGCLPYALLHRPDLAIPADGTGCSVTYNKVAQLFNLRLKETVASLRKTHPDAAFTYVDVYTAKYKLISQANKLGFDDPLLTCCGYGGGRYNLDLSVGCGGKKQVNGTSVVVGKSCENPSKRVSWDGVHFTEAANKFVFDQIVAGALSDPPVALRQACHSRGQ	1	B4FZ87
2017	18.0	MKLFYLLVICALSLAVMADEKPKLILPTPAPPNLPQLVGGGGGNRKDGFGVSVDAHQKVWTSDNGRHSIGVTPGYSQHLGGPYGNSRPDYRIGAGYSYNFG	1	P18684
2018	31.0	MGTSSARPAVLALAGLALLLLLCLGPGDVSGNKLKKMLQKREGPVPSKTNVAVSEHTAKEFLGGLKRAKRQLWDRTRPEVQQWYQQFLYMGFDEAKFEDDVNYWLNRNQNGHDYYGDYYQRHYDEDAAIGPRSREGFRHGASVNYDDY	1	D4A540
2019	19.0	MKTALPLLLLTCLVAAVQSTGSQGCPTYVSEKCTARLQECSNNQQQEPLQNCTAVHADCVVQATEDCQREQSQLNHDHLNNHTTTQQP	1	Q8I817
2020	17.0	MEKVLALLLVTLTVAYAVPDPRGIIINLDEGELCLNSAQCKSNCCQHDTILSLSRCALKARENSECSAFTLYGVYYKCPCERGLTCEGDKSLVGSITNTNFGICHDVGRSSD	1	P02703
2021	18.0	MHLLSSLAALAAAITVAFADVQQCNAENASVRKEWGSLTPDEQLGYIDAVWCLRSLPSRLPNEQYPGVQDRVDDFVATHINLTMVIHRNAPFLPWHRQYIHLWETALREECGYNGTVPYWNWTKNPDLYTNPVFDTTQSPETSLSLSGDGAYVAPSPTDPDPDPGLDFAPGRGGGCVLDGPFKDWPVRMGPFSAAQAYPYAPVPENAFAHNPRCLQRNLDVARIQYYNNPSVLESLLAAPSIAVFQDILDRTIPGTWQQAIGAHGGGHISVGPTLADVFASPQDPVFMLHHGFIDLLWDAWQRSGSDTGEGTDRMRALNGTTMYTNPPGAEEATLDTVMEFGVLGSPKKIGEVMDIRGGEYCYRYE	1	Q5BGU9
2022	19.0	MIYQVVLLLLVSPAPVSAAGCNPDCTGIQCGWPRCPGGQNPVMDKCVSCCPFCPPKSAQG	1	C0HL38
2023	19.0	MRSTGYLLTLSAAFQVAQAAVTANNSQLLTWWHNTGEINTQTPVADGNVRQSGLYSVKVQTTPASSSLYYDSFVYLAIPGNGMSDQLQYTQGYNQTQAWTSFLYSHDATVKISRNGSSANSNVVIRPTSLNFPVRYDNQSVYITVPYSPTGYRFSVEFDDDLISLAPSGARQPENALLIFASPFENSSTKPQPGSPNSIAPAPGRVLGLNTTSASTVVFNPGVYYFTGHDHMVLSSSVTWVYFAPGAYVKGAVEFLSTASEVKASGHGVLSGEQYVWYADPDEGYQKASGANNNGLRMWRGTLGNSSQTFVLNGVTVSAPPFNSMDWSGNSLDLITCRVDDYKQVGAFYGQTDGLEMYPGTILQDVFYHTDDDGLKMYYSNVTARNIVMWKESVAPVVEFGWTPRNTENVLFDNVDVIHQAYANAGNNPGIFGAVNNYLYAPDGLSSNHSTGNSNMTVRNITWSNFRAEGSSSALFRINPIQNLDNISIKNVSIESFEPLSINTTESWMPVWYDLNNGKQITVTDFSIEGFTVGNTTITASNAASVGRIDGVDPAYAGSVHYID	1	O00105
2024	17.0	MLRFAVTLFAVITSSTCKKYSCLEGETHKLKPSPEPNMQECTLYSESSCCYANFTEQLAHSPVIKINNSYWNRCGQLSKSCEDFTKKIECFYRCSPHAAHWIHPNYTAGIQSVPLCQSFCDDWYEACKDDSACVRNWLMDWEWDESGVNHCKNECIPYSEMYVNGTDMCQSMWGESFKVSESSCLCLQMNKKDMMAIKYLLSESSEESSSVSSSEERACQKKLLKFEKLKEEEGGETR	1	P86009
2025	56.0	MTACTFLAGGLRDPGLCGPTRWAPSPPGLPPIPPRPRLRLRPPLLLLLLLPRSVLSAVFTVGVLGPWACDPIFARARPDLAARLAASRLNHAAALEGGPRFEVALLPEPCRTPGSLGAVSSALTRVSGLVGPVNPAACRPAELLAQEAGVALVPWGCPGTRAAGTTAPVVTPAADALYALLRAFRWAHVALVTAPQDLWVEAGHALSTALRARGLPVALVTSMEPSDLSGAREALRRVQDGPRVRAVIMVMHSVLLGGEEQRCLLEAAEELGLADGSLVFLPFDTLHYALSPGPDALAVLANSSQLRKAHDAVLTLTRHCPLGGSVRDSLRRAQEHRELPLDLNLQQVSPLFGTIYDSVFLLAGGVARARVAAGGGWVSGAAVARHIRDARVPGFCGALGGAEEPSFVLLDTDATGDQLFATYVLDPTQGFFHSAGTPVHFPKGGRGPGPDPSCWFDPDTICNGGVEPSVVFIGFLLVVGMGLAGAFLAHYCRHRLLHIQMVSGPNKIILTLDDITFLHPHGGNSRKVAQGSRTSLAARSISDVRSIHSQLPDYTNIGLYEGDWVWLKKFPGDRHIAIRPATKMAFSKIRELRHENVALYLGLFLAGGAGGPAAPGEGVLAVVSEHCARGSLQDLLAQRDIKLDWMFKSSLLLDLIKGIRYLHHRGVAHGRLKSRNCVVDGRFVLKVTDHGHGRLLEAQRVLPEPPSAEDQLWTAPELLRDPVLERRGTLAGDVFSLGIIMQEVVCRSAPYAMLELTPEEVVKRVQSPPPLCRPSVSIDQAPMECIQLMKQCWAEQPELRPSMDRTFELFKSINKGRKMNIIDSMLRMLEQYSSNLEDLIRERTEELELEKQKTDRLLTQMLPPSVAEALKMGTPVEPEYFEEVTLYFSDIVGFTTISAMSEPIEVVDLLNDLYTLFDAIIGSHDVYKVETIGDAYMVASGLPQRNGHRHAAEIANMALDILSAVGTFRMRHMPEVPVRIRIGLHSGPCVAGVVGLTMPRYCLFGDTVNTASAMESTGLPYRIHVNRSTVQILSALNEGFLTEVRGRTELKGKGAEETYWLVGRRGFNKPIPKPPDLQPGASNHGISLHEIPPDRRQKLEKARPGQFSGK	1	P55203
2026	19.0	MKFAISTLLIILQAAAVFAAFPISDITVVSERTDASTAYLSDWFVVSFVFSTAGSDETIAGDATIEVSIPNELEFVQYPDSVDPSVSEFFTTAGVQVLSTAFDYDSHVLTFTFSDPGQVITDLEGVVFFTLKLSEQFTESASPGQHTFDFETSDQTYSPSVDLVALDRSQPIKLSNAVTGGVEWFVDIPGAFGDITNIDISTVQTPGTFDCSEVKYAVGSSLNEFGDFTPQDRTTFFSNSSSGEWIPITPASGLPVESFECGDGTISLSFAGELADDEVLRVSFLSNLADDVLEVQNVVNVDLTTADSRKRALTSFVLDEPFYRASRTDTAAFEAFAAVPADGDITSTSTAITSVTATVTHTTVTSVCYVCAETPVTVTYTAPVITNPIYYTTKVHVCNVCAETPITYTVTIPCETDEYAPAKPTGTEGEKIVTVITKEGGDKYTKTYEEVTYTKTYPKGGHEDHIVTVKTKEGGEKVTKTYEEVTYTKGPEIVTVVTKEGGEKVTTTYHDVPEVVTVITKEGGEKVTTTYPATYPATYTEGHSAGVPTSASTPPQATYTVSEAQVNLGSKSAVGLLAIVPMLFLAI	1	F2QXM5
2027	23.0	MTTSATVIIMVLCVGSLVIFSEGSIGFELVTPLPGKPDECPVEDGRTLAIGQTEQVPGQCEERTCIKMDDQLYFELAGCGISEAGPGCEMFESKAETYPECCTPEIKCN	1	P0DQE1
2028	17.0	MKLVFSALASLLSGASATIYYAGVAESSGEFGVWSATQTPGTGLPGRFGVDYAFISEAAVDVHVDQNHLNLFRVAFLLERMCPPATGLGAAFNETHFDYFKEAVDYITVTKGAYAILDPHNYMRYNDPSYQPFSGSVIGNTSDSTAATTEQFGEFWGELASRFNDNERVIFGLMNEPHDMATSLVLANNQAAIDAIRAANASNLIIMPGNSWTGGHSWTEGSDPSSALLNQFKDPLNNTAIDIHEYLDYDFSGGHLECVSDPETNLAALTAWLKENNLKAFITEFGGSNSTSCQEMLPDLINYMADNAEYIGWTAWAAGPFWGPNSPCCTNSTQLGSLEPGSTAVDGSPGLYDTVWLPVIQPLVPTELQWSGPASISGGELTSRA	1	P23044
2029	22.0	MLLTSLLQVFACCLVLPAQVTAFYYYTSGAERKCFHKELSKGTLFQATYKAQIYDDQLQNYRDAGAQDFGVLIDIEETFDDNHLVVHQKGSASGDLTFLASDSGEHKICIQPEAGGWLIKAKTKIDVEFQVGSDEKLDSKGKATIDILHAKVNVLNSKIGEIRREQKLMRDREATFRDASEAVNSRAMWWIVIQLIVLAVTCGWQMKHLGKFFVKQKIL	1	Q05359
2030	18.0	MSLFPSLHLLLLIVMTASHTETENCEDIQNTCLVISCDSPGINGLPGKDGLDGAKGEKGEPGQGLIGLQGLPGMVGPQGSPGIPGLPGLKGQKGDSGIDPGNSLANLRSELDNIKKWLIFAQGKQVGKKLYLTNGKKMSFNGVKALCAQFQASVATPTNSRENQAIQELAGTEAFLGITDEYTEGQFVDLTGKRVRYQNWNDGEPNNADSAEHCVEILKDGKWNDIFCSSQLSAVCEFPA	1	Q9XSW3
2031	25.0	MRSLNTLLLSLFVAMSSGAPLLKIREEKNSSLPSIKIFGTGGTIASKGSTSATTAGYSVGLTVNDLIEAVPSLAEKANLDYLQVSNVGSNSLNYTHLIPLYHGISEALASDDYAGAVVTHGTDTMEETAFFLDLTINSEKPVCIAGAMRPATATSADGPMNLYQAVSIAASEKSLGRGTMITLNDRIASGFWTTKMNANSLDTFRADEQGYLGYFSNDDVEFYYPPVKPNGWQFFDISNLTDPSEIPEVIILYSYQGLNPELIVKAVKDLGAKGIVLAGSGAGSWTATGSIVNEQLYEEYGIPIVHSRRTADGTVPPDDAPEYAIGSGYLNPQKSRILLQLCLYSGYGMDQIRSVFSGVYGG	1	P0CX77
2032	19.0	MWSPLILPLLAQIFACAFGDAVNEGCNVDPKGIHGLWYLDEPFGVYLSAIYNGSLAYIMMKERVPAIVTTVINSLEQDNDEIVQKYGVESQEELHRIVDSLKSLKTELSTNQPLTNLPLAHDEADRDAAVWNEHLDRQREIEGPNLSYFFTRFLLAESYTFRKMAHAFALAKNVRNFDFFGKQKEHLLTNSAKSLPILAHRALLEANRSKATKDEMREELAKFLKLSLWGNRFDLAASSGHEITQAGDPIELLSSFDEDLLIDHTRVAWDILNKPHGPNDPVIVDIVLDNAGYELFNDLCLATFLVSRGLATKVRFHAKQIPWYVSDVNIHDFHWVIGYMRSSSDPHLKEFGDLCARQLESGSWSVEADAFWTTFHGYGEMKKQAPVLYNTLSEATLLIFKGDLNYRKLLGDLNWEHTTSLDTALFHLDFKPTNVLSLRTIKARRVRRSYARDAASCGRRTRRRWATGRTGVIVASAKNAQCACAKSR	1	Q8MMH3
2033	16.0	MIALFVLMGLMAAASASSCCSSEDRANVMHNWDAAWSAAYSDRRVALAQAVFASLFSRDAAAQGLFSGVSADNPDSADFRAHCVRVVNGLDVAINMLNDPAVLNEQLAHLSAQHQARAGVAAAHFDVMAEAFAEVMPQVSSCFSSDSWNRCFARIANGISAGL	1	Q7M418
2034	29.0	MEAPGPRALRTALCGGCCCLLLCAQLAVAGKGARGFGRGALIRLNIWPAVQGACKQLEVCEHCVEGDGARNLSSCVWEQCRPEEPGHCVAQSEVVKEGCSIYNRSEACPAAHHHPTYEPKTVTTGSPPVPEAHSPGFDGASFIGGVVLVLSLQAVAFFVLHFLKAKDSTYQTLI	1	Q6UWJ8
2035	36.0	MHCFLGREILSFFCLTVRKMWLKFILAILLLHAAAGKEPEPQYVLMVPAVLQSDSPSQVCLQFFNLNQTISVRVVLEYDTINTTIFEKNTTTSNGLQCLNFMIPPVTSVSLAFISFTAKGTTFDLKERRSVMIWNMESFVFVQTDKPIYKPGQSVMFRVVALDFNFKPVQEMYPLIAVQDPQNNRIFQWQNVTSEINIVQIEFPLTEEPILGNYKIIVTKKSGERTSHSFLVEEYVLPKFDVTVTAPGSLTVMDSELTVKICAVYTYGQPVEGKVQLSVCRDFDSYGRCKKSPVCQSFTKDLDTDGCLSHILSSKVFELNRIGYKRNLDVKAIVTEKEQVCNLTATQSISITQVMSSLQFENVDHHYRRGIPYFGQIKLVDKDNSPISNKVIQLFVNNKNTHNFTTDINGIAPFSIDTSKIFDPELSLKALYKTSDQCHSEGWIEPSYPDASLSVQRLYSWTSSFVRIEPLWKDMSCGQKRMITVYYILNTEGYEHINIVNFYYVGMAKGKIVLTGEIKVNIQADQNGTFMIPLVVNEKMAPALRLLVYMLHPAKELVADSVRFSIEKCFKNKVQLQFSEKQMLTTSNVSLVIEAAANSFCAVRAVDKSMLLLKSETELSAETIYNLHPIQDLQGYIFNGLNLEDDPQDPCVSSDDIFHKGLYYRPLTSGLGPDVYQFLRDMGMKFFTNSKIRQPTVCTRETVRPPSYFLNAGFTASTHHVKLSAEVAREERGKRHILETIREFFPETWIWDIILINSTGKASVSYTIPDTITEWKASAFCVEELAGFGMSVPATLTAFQPFFVDLTLPYSIIHGEDFLVRANVFNYLNHCIKINVLLLESLDYQAKLISPEDDGCVCAKIRKSYVWNIFPKGTGDVLFSITAETNDDEACEEEALRNIRIDYRDTQIRALLVEPEGIRREETQNFLICMKDDVISQDVAIDLPTNVVEGSPRPSFSVVGDIMGTAIQNVHQLLQMPFGNGEQNMVLFAPNIYVLDYLDKTRQLSEDVKSKTIGYLVSGYQKQLSYKHPDGSYSTFGIRDKEGNTWLTAFVYKSFAEASRFIYIDDNVQAQTLIWLATKQKTDGCFQSTGILVNNAMKGGVENELSLSAYITIALLEAGHSMSHTVIRNAFYCLETASEKNITDIYTQALVAYAFCLAGKAEICESFLRELQKSAKEVDGSKYWEQNQRSAPEKSHLLDHVQSTDVEITSYVLLALLYKPNRSQEDLTKASAIVQWIIRQQNSYGGFASMQDTVVALQALAAYGAATYNSVTQNVIKINSKNTFEKVFTVNNENRLLLQQTPLPQVPGKYSLTVNGTGCVLIQTALRYNIHLPEGAFGFSLSVQTSNASCPRDQPGKFDIVLISSYTGKRSSSNMVIIDVKMLSGFVPVKSSLDQLIDDHTVMQVEYKKNHVLLYLGNILQKRRKEVTFSVEQDFVVTHPKPAPVQIYDYYETEEYAVAEYMSLCRGVVEEMG	1	P20740
2036	24.0	MAQLSLLVLSLFLTLISLPPPGASISSCNGPCRDLNDCDGQLICIEGKCNDDPEVGTHICRGTTPSPQPGGCKPSGTLTCRGKSHPTYDCSPPVTSSTPAKLTNNDFSEGGDGGGPSECDESYHSNNERIVALSTGWYNGGSRCGKMIRITASNGKSVSAKVVDKCDSRHGCDKEHAGQPPCRNNIVDGSNAVWSALGLDKNVGVVDITWSMA	1	P85261
2037	24.0	MKVLRCLVCSFYIIVSLITTMTIGTPSMPAINTQTLYLAGHSSKLFERNVGCVKTRYLNQTGDWVTRSLIYVFTFDTEPWVTQAGAFQVKWEPYSPLLRVKASDYVRDNLGAKPDYFIRTYDNDFLLLSDLKEVRSTCSLWVTLKYVDRIPETINRTFYTICPDPVPVPFDERCYP	1	M1MR49
2038	32.0	MEAAAVLPRYLQLRLLLVLLLLVLLRAGPVWPDSKVFSDLDQVRMTSEGSDCRCKCIMRPLSKDACSRVRSGRARVEDFYTVETVSSGADCRCSCTAPPSSLNPCENEWKMEKLKKQAPELLKLQSMVDLLEGALYSMDLMKVHAYIQKVASQMNTLEESIKANLSLENKVVKDSVHHLSEQLKSYENQSAIMMSIKKELSSLGLQLLQRDAAAVPATAPASSPDSKAQDTAGGQGRDLNKYGSIQKSFSDKGLAKPPKEKLLKVEKLRKESIKGRIPQPTARPRALAQQQAVIRGFTYYKAGRQEARQEARQEAPKAAADSTLKGTSWLEKLPPKIEAKLPEPNSAKHDDVRLQASEGGNLTPDITTTTTSTSSSTTTTTGTTSTTSTTSTTSTTTPSPITTPWPTEPPLHPEVPSQGREDSCEGTLRAVDPPVKHHSYGRHEGAWMKDPAALDDRIYVTNYYYGNSLVEFRNLENFKQGRWSNMYKLPYNWIGTGHVVYQGAFYYNRAFTKNIIKYDLRQRFVASWALLPDVVYEDTTPWKWRGHSDIDFAVDESGLWVIYPAVDEHDETQHEVIVLSRLDPADLSVHRETTWKTRLRRNSYGNCFLVCGILYTVDTYNQHEGQVAYAFDTHTGTDAHPQLPFLNEYSYTTQVDYNPKERVLYAWDNGHQLTYTLHFVV	1	Q8BHP7
2039	23.0	MSAFRFWSGLLMLLGFLCPRSSPCGISTHIEIGHRALEFLHLQDGSINYKELLLRHQDAYQAGSVFPDSFYPSICERGQFHDVSESTHWTPFLNASVHYIRKNYPLPWDEDTEKLVAFLFGITSHMVADVNWHSLGIEQGFLRTMAAIDFHNSYPEAHPAGDFGGDVLSQFEFKFNYLSRHWYVPAEDLLGIYRELYGRIVITKKAIVDCSYLQFLEMYAEMLAISKLYPTYSVKSPFLVEQFQEYFLGGLEDMAFWSTNIYHLTSYMLKNGTSNCNLPENPLFITCGGQQNNTHGSKVQKNGFHKNVTAALTKNIGKHINYTKRGVFFSVDSWTMDSLSFMYKSLERSIREMFIGSSQPLTHVSSPAASYYLSFPYTRLGWAMTSADLNQDGYGDLVVGAPGYSHPGRIHVGRVYLIYGNDLGLPRIDLDLDKEAHGILEGFQPSGRFGSAVAVLDFNVDGVPDLAVGAPSVGSEKLTYTGAVYVYFGSKQGQLSSSPNVTISCQDTYCNLGWTLLAADVNGDSEPDLVIGSPFAPGGGKQKGIVAAFYSGSSYSSREKLNVEAANWMVKGEEDFAWLGYSLHGVNVNNRTLLLAGSPTWKDTSSQGHLFRTRDEKQSPGRVYGYFPPICQSWFTISGDKAMGKLGTSLSSGHVMVNGTRTQVLLVGAPTQDVVSKVSFLTMTLHQGGSTRMYELTPDSQPSLLSTFSGNRRFSRFGGVLHLSDLDNDGLDEIIVAAPLRITDATAGLMGEEDGRVYVFNGKQITVGDVTGKCKSWVTPCPEEKAQYVLISPEAGSRFGSSVITVRSKEKNQVIIAAGRSSLGARLSGVLHIYRLGQD	1	P80109
2040	23.0	MASAKIFLIFLLAALIATPAAFAILVPTLVSTHISGLVFCSVNGNLDVINGLSPQVFPNASVQLRCGATNVISSTITNGSGAFSLAVNTFPLLNCNLVVATPLSTCNATLQSVGRLASSLRLVNITLGSGTGLIRVGLAPTGFILNLNIN	1	Q56S59
2041	18.0	MDLTLLWVLLPLVTVAWGQYGDYGYSYHQYHDYSDDGWVNLNRQGFSYQCPHGQVVVAVRSIFNKKEGSDRQWNYACMPTPQSLGEPTECWWEEINRAGMEWYQTCSNNGLVAGFQSRYFESVLDREWQFYCCRYSKRCPYSCWLTTEYPGHYGEEMDMISYNYDYYMRGATTTFSAVERDRQWKFIMCRMTDYDCEFANV	1	P19427
2042	31.0	MERPRGAADGLLRWPLGLLLLLQLLPPAAVGQDRLDAPPPPAPPLLRWAGPVGVSWGLRAAAPGGPVPRAGRWRRGAPAEDQDCGRLPDFIAKLTNNTHQHVFDDLSGSVSLSWVGDSTGVILVLTTFQVPLVIVSFGQSKLYRSEDYGKNFKDITNLINNTFIRTEFGMAIGPENSGKVILTAEVSGGSRGGRVFRSSDFAKNFVQTDLPFHPLTQMMYSPQNSDYLLALSTENGLWVSKNFGEKWEEIHKAVCLAKWGPNNIIFFTTHVNGSCKADLGALELWRTSDLGKTFKTIGVKIYSFGLGGRFLFASVMADKDTTRRIHVSTDQGDTWSMAQLPSVGQEQFYSILAANDDMVFMHVDEPGDTGFGTIFTSDDRGIVYSKSLDRHLYTTTGGETDFTNVTSLRGVYITSTLSEDNSIQSMITFDQGGRWEHLQKPENSKCDATAKNKNECSLHIHASYSISQKLNVPMAPLSEPNAVGIVIAHGSVGDAISVMVPDVYISDDGGYSWAKMLEGPHYYTILDSGGIIVAIEHSNRPINVIKFSTDEGQCWQSYVFSQEPVYFTGLASEPGARSMNISIWGFTESFLTRQWVSYTIDFKDILERNCEENDYTTWLAHSTDPGDYKDGCILGYKEQFLRLRKSSVCQNGRDYVVAKQPSICPCSLEDFLCDFGYFRPENASECVEQPELKGHELEFCLYGKEEHLTTNGYRKIPGDRCQGGMNPAREVKDLKKKCTSNFLNPKKQNSKSSSVPIILAIVGLMLVTVVAGVLIVKKYVCGGRFLVHRYSVLQQHAEADGVEALDTASHAKSGYHDDSDEDLLE	1	O54861
2043	21.0	MKQLKLTGFVIFFFFLTESLTLPTQPQDVDDVRITQKFIDDNIGYITIIAFAQYIQEASFEEVEMLVKAMTEYRDKCLADRTLPECSKLANEVLLENICAMEGLPQKYNFSHCCHKVDFERRLCFFHNKKADIGLLPPLPTLDPEEKCQTYKNNRESFLNNYVYEVSRRNPFVFAPTLLTVAARFEEMTKTCCEEQEKANCFQTKAEPFIYYLKALSSYQKNACRALMKFGRQILQSINIAILSQKFPKIGFKQLTSLLEDVSSKYDGCCEGDVVQCIRGRSKVMSHICSKQDSISSKIKDCCEKKIPERGECIIYSNKDDRPNDLSLREAKFIESDNVCEKRDADQANFMAEFLYEYSRRHPELSTPELLRIAKVYKDLLKECCNMENPPECYRHAENRFNETTEKSLKIVQRECEHFQNLGKDDLKYHYLINLTKLAPQLSTEELTFLGKEMVMALTTCCTLSEEFACVDNLVDLVLGELCGINENRNINPAVDHCCKTNFAFRRSCFESLEADKTYVPPSTSQGLFTFHADLCQAHNEELQRKKDRFLVNLVKLKPELAGEELWSLLADFTNVVEKCCKAQEPEACFKEESPKLAAKSQAA	1	G3MYZ3
2044	19.0	MRTLAILAAILLVALQAQAEPLQARADEVAAAPEQIAADIPEVVVSLAWDESLAPKHPGSRKNMACYCRIPACIAGERRYGTCIYQGRLWAFCC	1	P59665
2045	24.0	MGPASGSQLLVLLLLLASSPLALGIPMYSIITPNVLRLESEETIVLEAHDAQGDIPVTVTVQDFLKRQVLTSEKTVLTGASGHLRSVSIKIPASKEFNSDKEGHKYVTVVANFGETVVEKAVMVSFQSGYLFIQTDKTIYTPGSTVLYRIFTVDNNLLPVGKTVVILIETPDGIPVKRDILSSNNQHGILPLSWNIPELVNMGQWKIRAFYEHAPKQIFSAEFEVKEYVLPSFEVRVEPTETFYYIDDPNGLEVSIIAKFLYGKNVDGTAFVIFGVQDGDKKISLAHSLTRVVIEDGVGDAVLTRKVLMEGVRPSNADALVGKSLYVSVTVILHSGSDMVEAERSGIPIVTSPYQIHFTKTPKFFKPAMPFDLMVFVTNPDGSPASKVLVVTQGSNAKALTQDDGVAKLSINTPNSRQPLTITVRTKKDTLPESRQATKTMEAHPYSTMHNSNNYLHLSVSRMELKPGDNLNVNFHLRTDPGHEAKIRYYTYLVMNKGKLLKAGRQVREPGQDLVVLSLPITPEFIPSFRLVAYYTLIGASGQREVVADSVWVDVKDSCIGTLVVKGDPRDNHLAPGQQTTLRIEGNQGARVGLVAVDKGVFVLNKKNKLTQSKIWDVVEKADIGCTPGSGKNYAGVFMDAGLAFKTSQGLQTEQRADLECTKPAARRRRSVQLMERRMDKAGQYTDKGLRKCCEDGMRDIPMRYSCQRRARLITQGENCIKAFIDCCNHITKLREQHRRDHVLGLARSELEEDIIPEEDIISRSHFPQSWLWTIEELKEPEKNGISTKVMNIFLKDSITTWEILAVSLSDKKGICVADPYEIRVMQDFFIDLRLPYSVVRNEQVEIRAVLFNYREQEELKVRVELLHNPAFCSMATAKNRYFQTIKIPPKSSVAVPYVIVPLKIGQQEVEVKAAVFNHFISDGVKKTLKVVPEGMRINKTVAIHTLDPEKLGQGGVQKVDVPAADLSDQVPDTDSETRIILQGSPVVQMAEDAVDGERLKHLIVTPAGCGEQNMIGMTPTVIAVHYLDQTEQWEKFGIEKRQEALELIKKGYTQQLAFKQPSSAYAAFNNRPPSTWLTAYVVKVFSLAANLIAIDSHVLCGAVKWLILEKQKPDGVFQEDGPVIHQEMIGGFRNAKEADVSLTAFVLIALQEARDICEGQVNSLPGSINKAGEYIEASYMNLQRPYTVAIAGYALALMNKLEEPYLGKFLNTAKDRNRWEEPDQQLYNVEATSYALLALLLLKDFDSVPPVVRWLNEQRYYGGGYGSTQATFMVFQALAQYQTDVPDHKDLNMDVSFHLPSRSSATTFRLLWENGNLLRSEETKQNEAFSLTAKGKGRGTLSVVAVYHAKLKSKVTCKKFDLRVSIRPAPETAKKPEEAKNTMFLEICTKYLGDVDATMSILDISMMTGFAPDTKDLELLASGVDRYISKYEMNKAFSNKNTLIIYLEKISHTEEDCLTFKVHQYFNVGLIQPGSVKVYSYYNLEESCTRFYHPEKDDGMLSKLCHSEMCRCAEENCFMQQSQEKINLNVRLDKACEPGVDYVYKTELTNIELLDDFDEYTMTIQQVIKSGSDEVQAGQQRKFISHIKCRNALKLQKGKKYLMWGLSSDLWGEKPNTSYIIGKDTWVEHWPEAEECQDQKYQKQCEELGAFTESMVVYGCPN	1	P01027
2046	23.0	MKRNILALVVVVALISQSRPAESAGGTIIATLSKIPLSTLASALNTALETGASVASAAAAATSSDYSVTCVIEVENWTKHLMKYPVVQIANSGGLLTVAKNVLPAEIQSFAMRKAWGANGVYGTVSWVLGQTNRRVVIMWSAPYNFDFYSNWLAVGMSRPGLAVPSSRSTWFDLMYYGNSNADISFVRGEYYHSVDPIYFKNSEWEIEGSMNNIHKARVRATVKPIKTMDLASSILTKLEALAGANGKRAIQQELARRAEEEKQRKRKALDEMLK	1	Q76CA2
2047	18.0	MWLLVSVILISRISSVGGEAMFCDFPKINHGILYDEEKYKPFSQVPTGEVFYYSCEYNFVSPSKSFWTRITCAEEGWSPTPKCLRLCFFPFVENGHSESSGQTHLEGDTVQIICNTGYRLQNNENNISCVERGWSTPPKCRSTISAEKCGPPPPIDNGDITSFLLSVYAPGSSVEYQCQNLYQLEGNNQITCRNGQWSEPPKCLDPCVISQEIMEKYNIKLKWTNQQKLYSRTGDIVEFVCKSGYHPTKSHSFRAMCQNGKLVYPSCEEK	1	P36980
2048	27.0	MFSGFNVFRVGISFVIMCIFYMPTVNSLPELSPQKYFSTLQPGKASLAYFCQADSPRTSVFLEELNEAVRPLQDYGISVAKVNCVKEEISRYCGKEKDLMKAYLFKGNILLREFPTDTLFDVNAIVAHVLFALLFSEVKYITNLEDLQNIENALKGKANIIFSYVRAIGIPEHRAVMEAAFVYGTTYQFVLTTEIALLESIGSEDVEYAHLYFFHCKLVLDLTQQCRRTLMEQPLTTLNIHLFIKTMKAPLLTEVAEDPQQVSTVHLQLGLPLVFIVSQQATYEADRRTAEWVAWRLLGKAGVLLLLRDSLEVNIPQDANVVFKRAEEGVPVEFLVLHDVDLIISHVENNMHIEEIQEDEDNDMEGPDIDVQDDEVAETVFRDRKRKLPLELTVELTEETFNATVMASDSIVLFYAGWQAVSMAFLQSYIDVAVKLKGTSTMLLTRINCADWSDVCTKQNVTEFPIIKMYKKGENPVSYAGMLGTEDLLKFIQLNRISYPVNITSIQEAEEYLSGELYKDLILYSSVSVLGLFSPTMKTAKEDFSEAGNYLKGYVITGIYSEEDVLLLSTKYAASLPALLLARHTEGKIESIPLASTHAQDIVQIITDALLEMFPEITVENLPSYFRLQKPLLILFSDGTVNPQYKKAILTLVKQKYLDSFTPCWLNLKNTPVGRGILRAYFDPLPPLPLLVLVNLHSGGQVFAFPSDQAIIEENLVLWLKKLEAGLENHITILPAQEWKPPLPAYDFLSMIDAATSQRGTRKVPKCMKETDVQENDKEQHEDKSAVRKEPIETLRIKHWNRSNWFKEAEKSFRRDKELGCSKVN	1	Q9P2K2
2049	25.0	MVSRKAVAALLVVHVAAMLASQTEAFVPIFTYGELQRMQEKERNKGQKKSLSVWQRSGEEGPVDPAEPIREEENEMIKLTAPLEIGMRMNSRQLEKYPATLEGLLSEMLPQHAAK	1	P12872
2050	27.0	MHGSCSFLMLLLPLLLLLVATTGPVGALTDEEKRLMVELHNLYRAQVSPTASDMLHMRWDEELAAFAKAYARQCVWGHNKERGRRGENLFAITDEGMDVPLAMEEWHHEREHYNLSAATCSPGQMCGHYTQVVWAKTERIGCGSHFCEKLQGVEETNIELLVCNYEPPGNVKGKRPYQEGTPCSQCPSGYHCKNSLCEPIGSPEDAQDLPYLVTEAPSFRATEASDSRKMGTPSSLATGIPAFLVTEVSGSLATKALPAVETQAPTSLATKDPPSMATEAPPCVTTEVPSILAAHSLPSLDEEPVTFPKSTHVPIPKSADKVTDKTKVPSRSPENSLDPKMSLTGARELLPHAQEEAEAEAELPPSSEVLASVFPAQDKPGELQATLDHTGHTSSKSLPNFPNTSATANATGGRALALQSSLPGAEGPDKPSVVSGLNSGPGHVWGPLLGLLLLPPLVLAGIF	1	Q6UXB8
2051	21.0	MRLSVCLLMVSLALCCYQAHALVCPAVASEITVFLFLSDAAVNLQVAKLNPPPEALAAKLEVKHCTDQISFKKRLSLKKSWWK	1	Q6XE38
2052	25.0	MGALARALPSILLALLLTSTPEALGANPGLVARITDKGLQYAAQEGLLALQSELLRITLPDFTGDLRIPHVGRGRYEFHSLNIHSCELLHSALRPVPGQGLSLSISDSSIRVQGRWKVRKSFFKLQGSFDVSVKGISISVNLLLGSESSGRPTVTASSCSSDIADVEVDMSGDLGWLLNLFHNQIESKFQKVLESRICEMIQKSVSSDLQPYLQTLPVTTEIDSFADIDYSLVEAPRATAQMLEVMFKGEIFHRNHRSPVTLLAAVMSLPEEHNKMVYFAISDYVFNTASLVYHEEGYLNFSITDDMIPPDSNIRLTTKSFRPFVPRLARLYPNMNLELQGSVPSAPLLNFSPGNLSVDPYMEIDAFVLLPSSSKEPVFRLSVATNVSATLTFNTSKITGFLKPGKVKVELKESKVGLFNAELLEALLNYYILNTFYPKFNDKLAEGFPLPLLKRVQLYDLGLQIHKDFLFLGANVQYMRV	1	P18428
2053	20.0	MKFLLGTLVVLATFVTLCNSQCYFIPNQSLKPNECQDLKGVSHPLNSVWKTKDCEECTCGQNAISCCNTAAIPTGYDTNKCQKILNKKTCTYTVVEKKDPGKTCDVTGWVL	1	O02826
2054	22.0	MKGISKILSASIALMKLENVYSATALCSNAYGLTPGQQGMAQQPSYVLIPSTPGTIANCASGSQDTYSPSPAAPTSPVTPGKTSENETSPSAPAEDVGTCKIAVLKHCDAPGTTSGTTPGSGPCETPEQQQPLSVISTTPAVPVTVESAQSPSVVPVVPVVAHHQAVPGYYNNGTSGIPGQQQILSGTLPPGATLCQGQAMPSTPGQQQILSGTLPPGVTLCQGQATPSTPGQQQVLSGTLPPGVTLCQGQATPSTPGQQQVLSGTLLPGATLCQDQGMPGTSGVPGQQGQSSGQCCAPQIPNPVMPPSMNISGNGYPSSTAYSPNLGSLGSCVDIQKTGGTSCEQKPEKSATQYAMEACATPTPTVIIGNSEYLVGPGMYNAINSPCNTAVQCC	1	O76942
2055	30.0	MAAATVGVLLRLLLLPVVVVVSLLVGASRAANVTYDHRAVVIDGVRRVLVSGSIHYPRSTPDMWPGLIQKSKDGGLDVIETYVFWDIHEAVRGQYDFEGRKDLVRFVKAVADAGLYVHLRIGPYVCAEWNYGGFPVWLHFVPGIKFRTDNEAFKAEMQRFTEKVVDTMKGAGLYASQGGPIILSQIENEYGNIDSAYGAAGKAYMRWAAGMAVSLDTGVPWVMCQQSDAPDPLINTCNGFYCDQFTPNSKSKPKMWTENWSGWFLSFGGAVPYRPAEDLAFAVARFYQRGGTFQNYYMYHGGTNFGRSTGGPFIATSYDYDAPIDEYGMVRQPKWGHLRDVHKAIKLCEPALIAAEPSYSSLGQNTEATVYQTADNSICAAFLANVDAQSDKTVKFNGNTYKLPAWSVSILPDCKNVVLNTAQINSQVTTSEMRSLGSSIQDTDDSLITPELATAGWSYAIEPVGITKENALTKPGLMEQINTTADASDFLWYSTSIVVKGDEPYLNGSQSNLLVNSLGHVLQIYINGKLAGSAKGSASSSLISLQTPVTLVPGKNKIDLLSTTVGLSNYGAFFDLVGAGVTGPVKLSGPNGALNLSSTDWTYQIGLRGEDLHLYNPSEASPEWVSDNAYPTNQPLIWYKTKFTAPAGDDPVAIDFTGMGKGEAWVNGQSIGRYWPTNLAPQSGCVNSCNYRGAYSSNKCLKKCGQPSQTLYHVPRSFLQPGSNDLVLFEQFGGDPSMISFTTRQTSSICAHVSEMHPAQIDSWISPQQTSQTQGPALRLECPREGQVISNIKFASFGTPSGTCGNYNHGECSSSQALAVVQEACVGMTNCSVPVSSNNFGDPCSGVTKSLVVEAACS	1	Q10NX8
2056	22.0	MKAVGAWLLCLLLLGLALQGAASRAHQHSMEIRTPDINPAWYAGRGIRPVGRFGRRRAAPGDGPRPGPRRVPACFRLEGGAEPSRALPGRLTAQLVQE	1	P81264
2057	18.0	MHSSALLCCLVLLTGVRASPGQGTQSENSCTHFPGNLPNMLRDLRDAFSRVKTFFQMKDQLDNLLLKESLLEDFKGYLGCQALSEMIQFYLEEVMPQAENQDPDIKAHVNSLGENLKTLRLRLRRCHRFLPCENKSKAVEQVKNAFNKLQEKGIYKAMSEFDIFINYIEAYMTMKIRN	1	P22301
2058	24.0	MKTTVILLLAIAIIFAIMTTLTSAKNEETMEEALKGLNELKERLKKQGIDTAALNLDEKLLT	1	P0DSJ6
2059	21.0	MGTPPHIWFLLILAISSGGLSAAVGGCNHQCTPQSSVFQYQKGQTYTYSFEGTTLTSLPGTQGEPVRLKLKATADLSVADDCNKVLRLRGVTVSGPDSKNYANLKDLEAHPVLANFKGSSINKQLCSEDGDNQSSLNIKRAILSLLQTPNTKSSTASEVDVFGICPTNVRHSQRGDVTVISKTRNLNRYASRENLIQETLSTRFTGQSDLHATPFLDADLHVEQQIKGGLIVSATSRESYLFRPFSNQGNGAKTIVETKLTLTSQNAQPAPPLASFTVPKSIVFEAPHALASVPGGSSAITAALHAAESSTKDGVTVDAAEKFRTLVSVLRQSSTTDILKVYNDVKAGAGFSNKHSARNLLLDALFRTSTGDAVEVIARLLKTKEITANHWYLSLAFIQHASLKSVVSISSLLDQKNLPTEAFLGIGSFIGRYCREHNCENVAEFDEVLNKFSKHLSGSTTSKAGENRAIAALKALGNIRHLNNALGEKVKQLALDKSLPPRVRVAALEVIQSDPCRKNIKQAALQILRDQVEDSELRIKAYLAVVECPCDNVVKTISNLLENEPIIQVGSFVVSHLKNLQASTDPSKAEAKEKLGQLKPKKIFSSDIRKYSQNYELSYAIDAINAGASVESNVIFSQSSYLPRSVSLNLTADVFGHSYNVFEIAARTENLDHIIESFLGPKGYIETEDDDKFVDEVEEKTKSLYNRITERFEKTFRQKRSVSKDAVDNIRQQAYKSLLPSQRDRSLDVDLSLKTFGSELAWFNYDGKHEQKSSERVVDEIFDAIDEGLKKSKKFNYDFEPHFTFLDSELSYPTNLGFPLKLAIDGSIAARLKLNGEVDVRSILRQPENAAFRLEFVPSAAVELTGKLLVDAYVVEGGLKLDYNVHSSTGINVAVHNLNDLGIDIKVGLPVKKQDIIDVKTDVLTTVKERGHPETSTPLHFNLKGNDYKQYRGCFDQLSPVSGLTFCGNVSVPWVSPTQAAAFYPLNGPSHLSVSIEADDVSEYHFRAEIKKDESAFKSAAVLFDTPGSSADRKVLLLVEKKEKPHQGITAHLKSGWKEIVAEGLLIDDNNEKSVSAKLVIESDEYSIKGGVKISGNPSRQVYKPILEYKAPAKDSGAKVKKSHKTSEGITVDGAVVVERTSDKGKYTFQDLSLKTPKGTFVINGQLDIVPRNYAFDLKLSVDKNELLLNGHLNYAEPKSIDVALEVTSPQFPDYGSGFQLINKRGDDYSDTKIILACGRDLKSDGSRLILEHFIKGKYETPDTFNLETKGEVLGTGHKIFGKFDIDSKPKHLEYDLKLGFDENEVTSDLVAKRDIKSPDDYELKFSAKILDNSIRIESSREVKPKDDSAFLNTLVVLSGKKYEFQVDVKLAAEDEYHTSLKAESNLKIEGKTSVRLITDFTTDAQTVNGHVKVSNEGEDFFELIYKLNRGSGNPSGNAKLFVKNYLDGAATFKYNNGVGSGTLQIDVLKLHRKIKATGDLTLSGSQRSAAIDLYWDADRDQSKQLLFKTENDVKEKSIDSKNTLKILDKLTTLNFKGSLSGAIDDGEVEGQGELILPVGTYLGVKFGRALHLTQADTKVGLHLQAEGRESASSTQPVWKSDFLLESALTRDSFVGEAKLLFETKGKDDLKLFLSGKSLPQGEKKLISGQFSGQGSLIGGRTSVIKLNSEIDETFIAYNLNSECNQGYRANIVGKINRGYSPVAVKQIENTLELLLPFDKLKQLKHTIIGTFSSQPESTPEFTVSNVIIWNNENTLKLTGEAAGDEKEGRTKWDLILPKEEPRTLETTWSNAGDNKKAGSLSFKWGGNKEAKVSTDIEFTSDNQPQILHLKATSPTEKFGIFDLALSLKKNADPADKIDFELTVTADQKKTDVKGSLGLAPGVPIIDVVAVQPSGTSKVFVDFLRKSDSELHGAIELQWVAFGGGHLTANGDIKLDIDDFYLKLDVDSPKFNFNKWHLEAGQRAAKGSKRIVFTAKSAEKVLFSGSTNFHSKAENNKISYSGNGQVRIGDKAHAFNFRSSRQNLIQDANKEIGVEYNLDFKIAGHGSLHNILKVTNKELHALGKQCSEGKPNCAVVEIKSKVSAADAKETTHDLVFLVDLKSVGVDTGVAFTAETVRRGFWLIDEQASLTLSHNGETTYKYKGYLKESGSGFTLTLPSRVIAAEVKLSSDVKPNHSKQQISASVWLDKTRLPNSFSSVSILLEEIEDKNTDKYVSQLRFTHPNLEKDLTVKGYVQIGLENKLFDSNLEIDIFKQKNQKISISSTVVEQKQNDVVKYLSTLDVKSKGHELDVTGRGEATVKPSLIALQSVLKYKKDKRIKEFKNFQFEVSTEKLLVHVKVPNHHLLHIDANTKINDKHASGDASVHIIGLPTSVIHIEGENKGFPVVKGTISSEGTPNKLELIADLSDGLLVEADFISESGKKELFYTFLSGKKDSRKPEFRWSVENIQSALEPHKNDIQEVLNKLKEISDEAGNEITKESSRLADSLKAGLPNFRRFVNTYETQLKALKEEIANDKVLKEISENWKEVIGDAAEVVSTLVNGILVTIDALLKTLNELAESVLDALKKSLPALKDSYKQAVDAIVGIAKSLTQSLVNILSSAAEILKKHEADIKEYLSVLADLANDVGKFVTKITGVIYEGVVEFSKPIKEKLDGLKFGVAIEFGKVVEQLQNLIVPQELLAFAQEIVSELKETTLTPEIQDLLQAIEKYLEKVSKKKDADVEKELKLIFEKAIDAVESVINFVVSEITGGDHTKDLYDINIPTVLPSFIQLPRVFSVRFSPLIYLVSNGVPCLSDLLASYRPSLRFDNIIPPYDATAILLNSHHFFTFDRRHLTFKGICSYILAQDVQDGNFTIIANIEGGSLKSIIVSDQATTFELASDKSLLVNGRPTEYPADEGEFHAWREYNRVGIQTKAGVKVTCETSIELCTFEINGFYFGKTRGLLGTINNEPWDDFTKPDGQVASKANEFGNAWKVDAQCANVDGVDHHEHSIKVEECEEVFSKASLLSPCSLFLDPAPYLEACSHIAHEATTKEEKQLAACRTAAAYVQACSVENVFVSVPPHCVHCSVNGDAAIDIGQSFSVKVPQKSADILIVLEQVTGNAETVKDFVSPIVSQLTQELSSRGISDVWISLLGYGAPGQEYPHLYTSSGGKLSYDGKQKNIQFGERKVLGPFPFDNFTESIDWLDEFTDQAFHLITTADTILDYPFRPGAAKSIIYVLDTSCETTLFLKHLPVKALKLKDAIGSPGIVLHLVTNVDSVQSKNIVGFDTNHAYYNQEGKKRVVSEVTGNEKAALKISETACGQIALATSGTVFNKNNLKQTKKFVAQHIADSLTNVELTQDCKCLPVEGIHTRAVCAVTGAREKEHLSVKGVKGTKGVKG	1	Q9U943
2060	28.0	MTMRHCWTAGPSSWWVLLLYVHVILARATSAPQTTATVLTGSSKDPCSSWSPAVPTKQYPALDVIWPEKEVPLNGTLTLSCTACSRFPYFSILYWLGNGSFIEHLPGRLKEGHTSREHRNTSTWLHRALVLEELSPTLRSTNFSCLFVDPGQVAQYHIILAQLWDGLKTAPSPSQETLSSHSPVSRSAGPGVA	1	Q9Z0M9
2061	24.0	MKGPPTFCSLLLLSLLLSPDPTAAFLLPPSTACCTQLYRKPLSDKLLRKVIQVELQEADGDCHLQAFVLHLAQRSICIHPQNPSLSQWFEHQERKLHGTLPKLNFGMLRKMG	1	Q9Y4X3
2062	28.0	MRTADREARPGLPSLLLLLLAGAGLSAASPPAAPRFNVSLDSVPELRWLPVLRHYDLDLVRAAMAQVIGDRVPKWVHVLIGKVVLELERFLPQPFTGEIRGMCDFMNLSLADCLLVNLAYESSVFCTSIVAQDSRGHIYHGRNLDYPFGNVLRKLTVDVQFLKNGQIAFTGTTFIGYVGLWTGQSPHKFTVSGDERDKGWWWENAIAALFRRHIPVSWLIRATLSESENFEAAVGKLAKTPLIADVYYIVGGTSPREGVVITRNRDGPADIWPLDPLNGAWFRVETNYDHWKPAPKEDDRRTSAIKALNATGQANLSLEALFQILSVVPVYNNFTIYTTVMSAGSPDKYMTRIRNPSRK	1	Q02083
2063	18.0	MSMLFYTLITAFLIGVQAEPYTDSNVPEGDSVPEAHWTKLQHSLDTALRRARSAPTAPIAARVTGQTRNITVDPRLFKKRRLHSPRVLFSTQPPPTSSDTLDLDFQAHGTIPFNRTHRSKRSSTHPVFHMGEFSVCDSVSVWVGDKTTATDIKGKEVTVLAEVNINNSVFRQYFFETKCRASNPVESGCRGIDSKHWNSYCTTTHTFVKALTTDEKQAAWRFIRIDTACVCVLSRKATRRG	1	P01139
2064	22.0	MAASALAWLLLWAAGLVGRLAADISDARFSDGVRATCSEIILRQEFLKDGFHRDLLIKVKFGESIEDLQTCRLLIKHYIPTGLFVDPYELASLRERNITEAVMVSESFNLEAPNYLSTESAVLIYARQDAQCIDCFQAFLPVHYRYHRPHKKDGDTLIVVNNPDLLMHCDQEFPILKCWAQSEVAAPCSLKSEEICQWKNMQYKSILKNLTVQVPVGLTIHTSLVCSVTLLITVLCSTLILLAVFKYGHFSL	1	Q60GF7
2065	20.0	MKSFFLVVNILALTLPFLGAEVQNQEQPTCHKNDERFFDLKTVKYIPIYYVLNSSPRYEPIYYQHRLALLINNQHMPYQYYARPAAVRPHVQIPQWQVLPNIYPSTVVRHPCPHPSFIAIPPKKLQEITVIPKINTIATVEPTPIPTPEPTVNNAVIPDASSEFIIASTPETTTVPVTSPVVQKL	1	P82187
2066	18.0	MLGVLVLGALALAGLGFPAPAEPQPGGSQCVEHDCFALYPGPATFLNASQICDGLRGHLMTVRSSVAADVISLLLNGDGGVGRRRLWIGLQLPPGCGDPKRLGPLRGFQWVTGDNNTSYSRWARLDLNGAPLCGPLCVAVSAAEATVPSEPIWEEQQCEVKADGFLCEFHFPATCRPLAVEPGAAAAAVSITYGTPFAARGADFQALPVGSSAAVAPLGLQLMCTAPPGAVQGHWAREAPGAWDCSVENGGCEHACNAIPGAPRCQCPAGAALQADGRSCTASATQSCNDLCEHFCVPNPDQPGSYSCMCETGYRLAADQHRCEDVDDCILEPSPCPQRCVNTQGGFECHCYPNYDLVDGECVEPVDPCFRANCEYQCQPLNQTSYLCVCAEGFAPIPHEPHRCQMFCNQTACPADCDPNTQASCECPEGYILDDGFICTDIDECENGGFCSGVCHNLPGTFECICGPDSALARHIGTDCDSGKVDGGDSGSGEPPPSPTPGSTLTPPAVGLVHSGLLIGISIASLCLVVALLALLCHLRKKQGAARAKMEYKCAAPSKEVVLQHVRTERTPQRL	1	P07204
2067	20.0	MLKFILALALFLHLTMEASAACKGKKCPPTGFVGMRG	1	P0DUT5
2068	22.0	MASRWAVQLLLVAAWSMGCGEALKCYTCKEPMTSASCRTITRCKPEDTACMTTLVTVEAEYPFNQSPVVTRSCSSSCVATDPDSIGAAHLIFCCFRDLCNSEL	1	P55000
2069	46.0	MATDGITSRFGFNERRRTHNRNSCRILEDKMLAKLLLLALAGLTAAYQYENSFKGYNPGYKGYDAGYKGYGYDAGYKYNNQGYSYKNGFEYGYQNAYQAAFYKHRPNVTEFEFSSWMPNYEYVYNVTSKTMTALAELDDQWTGVFTRAYLVIRPKSRDYVVAYVKQPEYAVFNERLPYGYATKFYHDMFKFQPMPMSSKPFGIRYHKGAIKGLYVEKTIPNNEVNILKAWISQLQVDTRGANLMHSSKPIHPSKNEWNGHYKVMEPLVTGECETHYDVNLIPAYMIQAHKQWVPQGQLRGEDGQFIQVTKTQNFDRCDQRMGYHFGFTGYSDFRPNTNQMGNVASKSLVSYMYLTGNWYNFTIQSSSMINKVAIAPSLVNKEPALVYAQVNMTLNDVHPYDKVPMGPAEDLKVFVDLVYSYNMPSDKKNYVRPGNETSSSSSSSSSSSSSSSESSSSSSESVENPKISPVEQYKPLLDKVEKRGNRYRRDLNAIKEKKYYEAYKMDQYRLHRLNDTSSDSSSSDSSSSSSSESKEHRNGTSSYSSSSSSSSSSSSSESSSYSSSSSSSSESYSISSEEYYYQPTPANFSYAPEAPFLPFFTGYKGYNIFYARNVDAIRSVGKLVEEIASDLENPSDLPKSNTMSKFNILTRAIRAMGYEDIYELAQKYFVSQKERQVAQFSDKKFSKRVDAWVTLRDAVAEAGTPSAFKLIFDFIKEKKLRGYEAATVIASLAQSIRYPTEHLLHEFFLLVTSDVVLHQEYLNATALFAYSNFVNQAHVSNRSAYNYYPVFSFGRLADADYKIIEHKIVPWFAHQLREAVNEGDSVKIQVYIRSLGNLGHPQILSVFEPYLEGTIQITDFQRLAIMVALDNLVIYYPSLARSVLYRAYQNTADVHEVRCAAVHLLMRTDPPADMLQRMAEFTHHDPSLYVRAAVKSAIETAALADDYDEDSKLAINAKAAINFLNPEDVSIQYSFNHIRDYALENLELSYRLHYGEIASNDHRYPSGLFYHLRQNFGGFKKYTSFYYLVSSMEAFFDIFKKQYNTKYFADYYKSADYSTNYYNFDKYSKYYKQYYYSKDSEYYQKFYGQKKDYYNDKEPFKFTAPRIAKLLNIDAEEAEQLEGQLLFKLFNGYFFTAFDNQTIENLPHKMRHLFENLEDGYAFDVTKFYQQQDVVLAWPLATGFPFIYTLKAPTVFKFEVDASAKTHPQVYKMPAGHPETENDDFFYMPQSINGSVDVNLLYHRMVDAKVGFVTPFDHQRYIAGYQKKLHGYLPFNVELGLDFVKDEYEFEFKFLEPKDDHLLFHMSSWPYTGYKDITDMRPIAENPNAKIVHDDNQSTKTMEHTFGQDMTGVALRFHAKYDFDLINFQQFWSLVQKNDFVSAVNYPFAYQPYEYHQFNLFYDSQRTHAKSFKFYAYQKFGAPSFEETGPKHPANRHSYSGNYYESNYAQPFVYSPGSQRRYEQFFRNAASGIRNSFVRYYDFGFEFYAPQYKSEFTFTTAFADSPVDKTSRQLYYFYASPMFPSQSYFKDIPFSGKQFQFCATATSEFPRVPYLKFSDFDKYYGDASQYFDFLYGESCQGGAHIAVKGKQKQTGKYREYLRFSDVAKACKEQMANGYYQFEECQQAIDQAYYYDFYDYAIEYKDVGSVAKNLTNKFYNYFQYAFYPYFESNFFYHGKSNYIKAEFEFAPYGDYYNASFFGPSYAFQVQNYPVFNDYSTYFPYFFKYTFFPRYQPYYMHRLPAHKPRNRPYYELSNYEQFAVFDRKPQYPSCSFSNDYFYTFDNKKYFYDMGECWHAVMYTVKPDYDFYAQQSHFYNSDFEYKYKNGFEEYEQFAALARRGSDNQLYFKFLFGDNYIEVFPNNGGIPFVKYNGRPYDISKSNIAHFEYKEGYPSFPFFYAFAYPNKDLEVSFFGGKLKFATDGYRARFFSDYSFYNNFVGLCGTNNGEYFDEFVTPDQCYMRKPEFFAASYAITGQNCTGPAKAFNYAYQQKAKQECVKREVYYGDIIYNQEYYHPRYRYYNHNVEESSSSSSSSSSDSSSSSSSSESSSRSRSGSSSSSSSSEEQKEFHPHKQEHSMKECPVQHQHQFFEQGDRTCFSLRPLPVCHSKCVATEKISKYFDVHCFEKDSTQAKKYKSDIGRGYTPDFKSFAPHKTYKFNYPKSCVYKAY	1	Q16927
2070	27.0	MKTLSPTGYGLLLVLPLLLAVLQSTTAHKNDINIYSLTVDSKVSSRFAHTVVTSRVVNKGSAVQEATFQMELPKKAFITNFSMIIDGVTYPGNIKEKAAAQEQYSAVARGESAGLVRATGRKTEQFQVAVSVAPAAKVTFELVYEELLARHLGVYELLLKIQPQQLVKHLQMDIHIFEPQGISFLETESTFMTNELAEALTISQNKTKAHIRFKPTLSQQQKSPEQQETVLDGNFIVRYDVNRTVTGGSIQIENGYFVHYFAPEVWSAIPKNVIFVIDTSGSMRGRKIQQTREALIKILGDLGSRDQFNLVSFSGEAPRRRAVAASAENVEEAKSYAAEIHAQGGTNINDAMLMAVQLLERANREELLPARSVTFIILLTDGDPTVGETNPSKIQKNVREAIDGQHSLFCLGFGFDVPYAFLEKMALENGGLARRIYEDSDSALQLEDFYQEVANPLLRLVAFEYPSNAVEEVTQDNFRLFFKGSELVVAGKLRDQSPDVLSAKVRGQLHMENVTFVMESRVAEQEAEFLSPKYIFHSFMERLWAYLTIQQLLAQTVSASDAEKKALEARALSLSLNYSFVTPLTSMVITKPEGQEQSQVAEKPVENGNRQGNTHSGHSSFQFHSVGDRTSRLTGGSSVDPVFSHRRGWKGQAQGFEKMSYLPPRLGPPGPLQPTRFSHPFSRITLDRVLPEVLSVPDETSHDMDSRIIGATIPPPPARIQAPSVILPLPGQSVDQLCVDLKHSQGPVKLLSDPGQGVEVTGHYEREKARFSWIEVTFKHPPLQVRASLEHIVVIRNRQSSAYKWKETLYSVMPGLKITMDKAGLLLLSSPNRVTIGLLSWDGPGKGLRLLLRDTDHFSSQISGTFGQFYQDVVWGPPAAADDSKRTVTVQGHDHSATRELKLDYQEGSPGKEISCWTVVL	1	P79263
2071	19.0	MKLASGFLVLWLSLGGGLAQSDTSPDTEESYSDWGLRHLRGSFESVNSYFDSFLELLGGKNGVCQYRCRYGKAPMPRPGYKPQEPNGCGSYFLGLKVPESMDLGIPAMTKCCNQLDVCYDTCGANKYRCDAKFRWCLHSICSDLKRSLGFVSKVEAACDSLVDTVFNTVWTLGCRPFMNSQRAACICAEEEKEEL	1	Q9BX93
2072	20.0	MKLMVLVFTIGLTLLLGVQAMPANRLSCYRKILKDHNCHNLPEGVADLTQIDVNVQDHFWDGKGCEMICYCNFSELLCCPKDVFFGPKISFVIPCNNQ	1	O75711
2073	23.0	MALSLFTVGQFIFLFWTISITEANIDPAARAAAAAAASKAAVTAADAAAAAATIAASAASVAAATAADDAAASIATINAASAAAKSIAAAAAMAAKDTAAAAASAAAAAVASAAKALETINVKAAYAAATTANTAAAAAAATATTAAAAAAAKATIDNAAAAKAAAVATAVSDAAATAATAAAVAAATLEAAAAKAAATAVSAAAAAAAAAIAFAAAP	1	B1P0S1
2074	21.0	MQRVILVVLLLSCMAVLSVRADNSEMLAPPPRPEEFTSAQQLRQYLAALNEYYSIMGRPRFGKRGDSFRKREFFRTNGERYPEDAAAWTEFQ	1	Q27441
2075	18.0	MRLLAKIICLMLWAICVAEDCNELPPRRNTEILTGSWSDQTYPEGTQAIYKCRPGYRSLGNVIMVCRKGEWVALNPLRKCQKRPCGHPGDTPFGTFTLTGGNVFEYGVKAVYTCNEGYQLLGEINYRECDTDGWTNDIPICEVVKCLPVTAPENGKIVSSAMEPDREYHFGQAVRFVCNSGYKIEGDEEMHCSDDGFWSKEKPKCVEISCKSPDVINGSPISQKIIYKENERFQYKCNMGYEYSERGDAVCTESGWRPLPSCEEKSCDNPYIPNGDYSPLRIKHRTGDEITYQCRNGFYPATRGNTAKCTSTGWIPAPRCTLKPCDYPDIKHGGLYHENMRRPYFPVAVGKYYSYYCDEHFETPSGSYWDHIHCTQDGWSPAVPCLRKCYFPYLENGYNQNYGRKFVQGKSIDVACHPGYALPKAQTTVTCMENGWSPTPRCIRVKTCSKSSIDIENGFISESQYTYALKEKAKYQCKLGYVTADGETSGSITCGKDGWSAQPTCIKSCDIPVFMNARTKNDFTWFKLNDTLDYECHDGYESNTGSTTGSIVCGYNGWSDLPICYERECELPKIDVHLVPDRKKDQYKVGEVLKFSCKPGFTIVGPNSVQCYHFGLSPDLPICKEQVQSCGPPPELLNGNVKEKTKEEYGHSEVVEYYCNPRFLMKGPNKIQCVDGEWTTLPVCIVEESTCGDIPELEHGWAQLSSPPYYYGDSVEFNCSESFTMIGHRSITCIHGVWTQLPQCVAIDKLKKCKSSNLIILEEHLKNKKEFDHNSNIRYRCRGKEGWIHTVCINGRWDPEVNCSMAQIQLCPPPPQIPNSHNMTTTLNYRDGEKVSVLCQENYLIQEGEEITCKDGRWQSIPLCVEKIPCSQPPQIEHGTINSSRSSQESYAHGTKLSYTCEGGFRISEENETTCYMGKWSSPPQCEGLPCKSPPEISHGVVAHMSDSYQYGEEVTYKCFEGFGIDGPAIAKCLGEKWSHPPSCIKTDCLSLPSFENAIPMGEKKDVYKAGEQVTYTCATYYKMDGASNVTCINSRWTGRPTCRDTSCVNPPTVQNAYIVSRQMSKYPSGERVRYQCRSPYEMFGDEEVMCLNGNWTEPPQCKDSTGKCGPPPPIDNGDITSFPLSVYAPASSVEYQCQNLYQLEGNKRITCRNGQWSEPPKCLHPCVISREIMENYNIALRWTAKQKLYSRTGESVEFVCKRGYRLSSRSHTLRTTCWDGKLEYPTCAKR	1	P08603
2076	15.0	MKLATAFTILTAVLAAPLAAPAPAPDAAPAAVPEGPAAAAYSSILSVVAKQSKKFKHHKRDLDEKDQFIVVFDSSATVDQIASEIQKLDSLVDEDSSNGITSALDLPVYTDGSGFLGFVGKFNSTIVDKLKESSVLTVEPDTIVSLPEIPASSNAKRAIQTTPVTQWGLSRISHKKAQTGNYAYVRETVGKHPTVSYVVDSGIRTTHSEFGGRAVWGANFADTQNADLLGHGTHVAGTVGGKTYGVDANTKLVAVKVFAGRSAALSVINQGFTWALNDYISKRDTLPRGVLNFSGGGPKSASQDALWSRATQEGLLVAIAAGNDAVDACNDSPGNIGGSTSGIITVGSIDSSDKISVWSGGQGSNYGTCVDVFAPGSDIISASYQSDSGTLVYSGTSMACPHVAGLASYYLSINDEVLTPAQVEALITESNTGVLPTTNLKGSPNAVAYNGVGI	1	P09230
2077	28.0	MARLALSPVPSHWMVALLLLLSAEPVPAARSEDRYRNPKGSACSRIWQSPRFIARKRGFTVKMHCYMNSASGNVSWLWKQEMDENPQQLKLEKGRMEESQNESLATLTIQGIRFEDNGIYFCQQKCNNTSEVYQGCGTELRVMGFSTLAQLKQRNTLKDGIIMIQTLLIILFIIVPIFLLLDKDDSKAGMEEDHTYEGLDIDQTATYEDIVTLRTGEVKWSVGEHPGQE	1	P40259
2078	24.0	MAPWMHLLTVLALLALWGPNSVQAYSSQHLCGSNLVEALYMTCGRSGFYRPHDRRELEDLQVEQAELGLEAGGLQPSALEMILQKRGIVDQCCNNICTFNQLQNYCNVP	1	P17715
2079	25.0	MPPRWASLLLLACSLLLLAVPPGTAGPSQPTYPGDDAPVEDLIRFYNDLQQYLNVVTRHRYGRRSSSRVLCEEPMGAAGC	1	P68248
2080	19.0	MRSLGALLLLLSACLAVSAGPVPTPPDNIQVQENFNISRIYGKWYNLAIGSTCPWLKKIMDRMTVSTLVLGEGATEAEISMTSTRWRKGVCEETSGAYEKTDTDGKFLYHKSKWNITMESYVVHTNYDEYAIFLTKKFSRHHGPTITAKLYGRAPQLRETLLQDFRVVAQGVGIPEDSIFTMADRGECVPGEQEPEPILIPRVRRAVLPQEEEGSGGGQLVTEVTKKEDSCQLGYSAGPCMGMTSRYFYNGTSMACETFQYGGCMGNGNNFVTEKECLQTCRTVAACNLPIVRGPCRAFIQLWAFDAVKGKCVLFPYGGCQGNGNKFYSEKECREYCGVPGDGDEELLRFSN	1	P02760
2081	23.0	MMSASRLAGTLIPAMAFLSCVRPESWEPCVEVVPNITYQCMELNFYKIPDNLPFSTKNLDLSFNPLRHLGSYSFFSFPELQVLDLSRCEIQTIEDGAYQSLSHLSTLILTGNPIQSLALGAFSGLSSLQKLVAVETNLASLENFPIGHLKTLKELNVAHNLIQSFKLPEYFSNLTNLEHLDLSSNKIQSIYCTDLRVLHQMPLLNLSLDLSLNPMNFIQPGAFKEIRLHKLTLRNNFDSLNVMKTCIQGLAGLEVHRLVLGEFRNEGNLEKFDKSALEGLCNLTIEEFRLAYLDYYLDDIIDLFNCLTNVSSFSLVSVTIERVKDFSYNFGWQHLELVNCKFGQFPTLKLKSLKRLTFTSNKGGNAFSEVDLPSLEFLDLSRNGLSFKGCCSQSDFGTTSLKYLDLSFNGVITMSSNFLGLEQLEHLDFQHSNLKQMSEFSVFLSLRNLIYLDISHTHTRVAFNGIFNGLSSLEVLKMAGNSFQENFLPDIFTELRNLTFLDLSQCQLEQLSPTAFNSLSSLQVLNMSHNNFFSLDTFPYKCLNSLQVLDYSLNHIMTSKKQELQHFPSSLAFLNLTQNDFACTCEHQSFLQWIKDQRQLLVEVERMECATPSDKQGMPVLSLNITCQMNKTIIGVSVLSVLVVSVVAVLVYKFYFHLMLLAGCIKYGRGENIYDAFVIYSSQDEDWVRNELVKNLEEGVPPFQLCLHYRDFIPGVAIAANIIHEGFHKSRKVIVVVSQHFIQSRWCIFEYEIAQTWQFLSSRAGIIFIVLQKVEKTLLRQQVELYRLLSRNTYLEWEDSVLGRHIFWRRLRKALLDGKSWNPEGTVGTGCNWQEATSI	1	O00206
2082	15.0	MRLLILTCLVAVALARPKLPLRYPERLQNPSESSEPIPLESREEYMNGMNRQRNILREKQTDEIKDTRNESTQNCVVAEPEKMESSISSSSEEMSLSKCAEQFCRLNEYNQLQLQAAHAQEQIRRMNENSHVQVPFQQLNQLAAYPYAVWYYPQIMQYVPFPPFSDISNPTAHENYEKNNVMLQW	1	P47710
2083	20.0	MDLFKILLLVFFVNISFCFAADPYSFYNFEVSYITASPLGVPQQVIAINGKFPGPTINVTTNENLVVNVRNKLDEGLLLHWNGIQQRRVSWQDGVLGTNCPIPPKWNWTYEFQVKDQIGSFFYFPSLHFQRASGGFGSFVVNPRAIIPVPFSTPDGDITVTIGDWYIRNHTALRKALDDGKDLGMPDGVLINGKGPYRYNDTLVADGIDFETITVHPGKTYRLRVSNVGISTSLNFRIQGHNLVLAESEGSYTVQQNYTSLDIHVGQSYSFLVTMDQNASSDYYIVASARVVNETIWRRVTGVGILKYTNSKGKAKGQLPPGPQDEFDKTFSMNQARSIRWNVSASGARPNPQGSFKYGSINVTDVYVLRNMPPVTISGKRRTTLNGISFKNPSTPIRLADKLKVKDVYKLDFPKRPLTGPAKVATSIINGTYRGFMEVVLQNNDTKMQSYHMSGYAFFVVGMDYGEWTENSRGTYNKWDGIARSTIQVYPGAWSAILISLDNPGAWNLRTENLDSWYLGQETYVRVVNPDENNKTEFGHPDNVLYCGALSKLQKPQKVSSSASKSIGFTSLSMVVMALVMMMMLQH	1	Q9SU40
2084	21.0	MKLTFFLGLLALISCFTPSESQRFSRRPYLPGQLPPPPLYRPRWVPPSPPPPYDSRLNSPLSLPFVPGRVPPSSFSRFSQAVILSQLFPLESIRQPRLFPGYPNLHFPLRPYYVGPIRILKPPFPPIPFFLAIYLPISNPEPQINITTADTTITTNPPTTATATTSTSTKPTMTISSSTVPISSTPEPATSISAATPAASTENTTQILANRPHTVLLNATVQVTTSNQTILSSPAFKSFWQKLFAIFG	1	Q99935
2085	22.0	MAGKLGVLLLALVLSLAQPASARRKLLVFLLDGFRADYISDEALESLPGFKEIVSRGVKVDYLTPDFPTLSYPNYYSLMTGRHCEVHQMTGNYMWDPDTNKSFDLGINRDSRLPLWWNGSEPLWVTLTKAKRKVYMYYWPGCEVEILGVRPTYCLEYKSVPTDINFVNAVSGALDVFKSGQADLAAIYYERVDVEGHHYGPSSPQRKDAVKAVDTVMAYMTKWIQERDLQDDLNVIIFSDHGMTDISWTDKVIKLDNYINLRDLQQLKGRGPVVSLWPAPGKHSEIYNKVRRVEHMTVYAKEDIPSRFYYKKGKFVSPLTLVADEGWFITENRESLPFWMNSTVTRKPEGWQWGWHGYDNELRAMRGIFLAFGPDFKSDFRAAPIRVVDIYNLMCKVTGVTPLPNNGSWSRVMCMLKDPASSAPGAPPCACALVTVLLVLLAILA	1	F1N5C8
2086	16.0	MLLCLTLLFSASAVLAMPTPEGSPHHEIYKVCVPEGALESCHRMSQESDLHMTCVAARDRIECLDKIKHREADFAPVDPEDMYVAAKIPQQDFIIFKEIRTKEEPDEEFRYEAVCVIHKDLDITSIHGLQGLKSCHTGVGRNVGYKIPITKLRHMGVLGPLNNSDLTPRENELHALSHLFSEACLVGKWAPDPAQNQALKAKYPNLCALCEHPEICDYPDKYSGYDGALRCLAEHGGQVAWTKVYYVKKHFGMAIGAGEAVPTGQNPDDYAYLCPDATKKPITGKPCIWAARPWQGYMANHDLDNDIADLRAKISLADTIGETENADWLSKVLDLNNKTIPIDNQGPYSPENYLNKANYTDVIERDTGAPHRPVRFCVTSDAELEKCRVLKRAAYSRDIRPAFDCVREAGLHECLRTVRDDGADVITLDGGEVFVAQRQYNLKPIVAEQYGEHGSLYYAVAVVRKDSTYQSIEDLRGAKSCHTGYGRNAGWNVPLYTLLSKELISKNSCPYSSALSSYFSGGSCVPGAQLPENNPANQNPDSLCSICAGNLDAPNNDPAWKCSASNDESFFGYSGAFRCLASGEGQVAFVKHTTVPENTDGHNQAAWTAGLRSEDFELLCADGGRASINEYSRCHLAEVPPHMVVTSNDKTDIQLNEIRHAILAAGDLYSRRPDLFKLFGDFGGTKDLLFKNSATGLLSVENGSPLMQRYSEILEVIRACENQPTP	1	Q02942
2087	26.0	MALPPGPAALRHTLLLLPALLSSGWGELEPQIDGQTWAERALRENERHAFTCRVAGGPGTPRLAWYLDGQLQEASTSRLLSVGGEAFSGGTSTFTVTAHRAQHELNCSLQDPRSGRSANASVILNVQFKPEIAQVGAKYQEAQGPGLLVVLFALVRANPPANVTWIDQDGPVTVNTSDFLVLDAQNYPWLTNHTVQLQLRSLAHNLSVVATNDVGVTSASLPAPGLLATRVEVPLLGIVVAAGLALGTLVGFSTLVACLVCRKEKKTKGPSRHPSLISSDSNNLKLNNVRLPRENMSLPSNLQLNDLTPDSRAVKPADRQMAQNNSRPELLDPEPGGLLTSQGFIRLPVLGYIYRVSSVSSDEIWL	1	Q86YD3
2088	19.0	MNILLATASFVLSLGFVKAEPTRHHDRYAYIERVVCDVNFPDLLCRRKSHAIAYRMFRLIPVRNPNYEISTDYVSHEFNTTRVRSESEKYLCSSYGPNGYVSGDVFILRNALNKLFDHHEIEELAYELFIRLVASFLDSCSYPKSFEHNLVRCRSEDEELCTSPLAAFIKLVSRRSTRDVVLIVLNDFSHYLKLEEGHGFSKDRKSNQCVKFTQLYFYYLSAAVNFIERKISAFTLIPVMDDRRIASVSAIMISSKFANTTGNYVINATSFMDNTIPF	1	B3STN5
2089	21.0	MPLPLLLAALCLAASPAPARACQLPSEWRPLSEGCRAELAETIVYAKVLALHPEVPGLYNYLPWQYQAGEGGLFYSAEVEMLCDQAWGSMLEVPAGSRLNLTGLGYFSCHSHTVVQDYSYFFFVRMDENYNLLPHGVNFQDAIFPDTQENRRMFSSLFQFANCSQGQQLTTFSSDWEVQEDNRLMCSSVQKALFEEEDHVKKLQQKVATLEKRNRQLRERVKKVKRSLRQARKNSRHLELVNQKLNEKLGASSAQQHINALGREPVRAPYLHG	1	Q9D6Y1
2090	18.0	MIIKALAIVSLCLASIQASKVGAPQLPKKHLVCYYDSASFVKEGLGKLVIDELEPALQFCDYLVYGYAGIERDSHKAVSLNQQLDLDLGKGLYRTVTRLKRKYPNVKILLSVGGDKDIELDKDAKELPNKYLELLESPTGRTRFVNTVYSLVKTYGFDGLDVAWQFPKNKPKKVHSGIGSLWKGFKKVFSGDSIVDEKSEEHKEQFTALLRDVKNAFRPDNLLLSTTVLPNVNSSLFYDIPAVVNYLDFVNLGTFDFFTPQRNPEVADYAAPIYELSERNPEFNVAAQVKYWLRNNCPASKINVGVATYGRPWKLTDDSGDTGVPPVKDVKDEAPVGGNTQVPGIYSWPEVCALLPNQNNAYLKGANAPLIKVQDPAKRFGSYAYRAADKKGDNGIWVSFEDPDTAADKAGYVRTENLGGVALFDLSYDDFRGLCTNEKYPILRAIKYRLTN	1	Q23997
2091	21.0	MWVSWAPGLWLLGLWATFGHGANTGAQCPPSQQEGLKLEHSSSLPANVTGFNLIHRLSLMKTSAIKKIRNPKGPLILRLGAAPVTQPTRRVFPRGLPEEFALVLTLLLKKHTHQKTWYLFQVTDANGYPQISLEVNSQERSLELRAQGQDGDFVSCIFPVPQLFDLRWHKLMLSVAGRVASVHVDCSSASSQPLGPRRPMRPVGHVFLGLDAEQGKPVSFDLQQVHIYCDPELVLEEGCCEILPAGCPPETSKARRDTQSNELIEINPQSEGKVYTRCFCLEEPQNSEVDAQLTGRISQKAERGAKVHQETAADECPPCVHGARDSNVTLAPSGPKGGKGERGLPGPPGSKGEKGARGNDCVRISPDAPLQCAEGPKGEKGESGALGPSGLPGSTGEKGQKGEKGDGGIKGVPGKPGRDGRPGEICVIGPKGQKGDPGFVGPEGLAGEPGPPGLPGPPGIGLPGTPGDPGGPPGPKGDKGSSGIPGKEGPGGKPGKPGVKGEKGDPCEVCPTLPEGFQNFVGLPGKPGPKGEPGDPVPARGDPGIQGIKGEKGEPCLSCSSVVGAQHLVSSTGASGDVGSPGFGLPGLPGRAGVPGLKGEKGNFGEAGPAGSPGPPGPVGPAGIKGAKGEPCEPCPALSNLQDGDVRVVALPGPSGEKGEPGPPGFGLPGKQGKAGERGLKGQKGDAGNPGDPGTPGTTGRPGLSGEPGVQGPAGPKGEKGDGCTACPSLQGTVTDMAGRPGQPGPKGEQGPEGVGRPGKPGQPGLPGVQGPPGLKGVQGEPGPPGRGVQGPQGEPGAPGLPGIQGLPGPRGPPGPTGEKGAQGSPGVKGATGPVGPPGASVSGPPGRDGQQGQTGLRGTPGEKGPRGEKGEPGECSCPSQGDLIFSGMPGAPGLWMGSSWQPGPQGPPGIPGPPGPPGVPGLQGVPGNNGLPGQPGLTAELGSLPIEQHLLKSICGDCVQGQRAHPGYLVEKGEKGDQGIPGVPGLDNCAQCFLSLERPRAEEARGDNSEGDPGCVGSPGLPGPPGLPGQRGEEGPPGMRGSPGPPGPIGPPGFPGAVGSPGLPGLQGERGLTGLTGDKGEPGPPGQPGYPGATGPPGLPGIKGERGYTGSAGEKGEPGPPGSEGLPGPPGPAGPRGERGPQGNSGEKGDQGFQGQPGFPGPPGPPGFPGKVGSPGPPGPQAEKGSEGIRGPSGLPGSPGPPGPPGIQGPAGLDGLDGKDGKPGLRGDPGPAGPPGLMGPPGFKGKTGHPGLPGPKGDCGKPGPPGSTGRPGAEGEPGAMGPQGRPGPPGHVGPPGPPGQPGPAGISAVGLKGDRGATGERGLAGLPGQPGPPGHPGPPGEPGTDGAAGKEGPPGKQGFYGPPGPKGDPGAAGQKGQAGEKGRAGMPGGPGKSGSMGPVGPPGPAGERGHPGAPGPSGSPGLPGVPGSMGDMVNYDEIKRFIRQEIIKMFDERMAYYTSRMQFPMEMAAAPGRPGPPGKDGAPGRPGAPGSPGLPGQIGREGRQGLPGVRGLPGTKGEKGDIGIGIAGENGLPGPPGPQGPPGYGKMGATGPMGQQGIPGIPGPPGPMGQPGKAGHCNPSDCFGAMPMEQQYPPMKTMKGPFG	1	Q07092
2092	26.0	MHFSGVAFILISMVLIGSIFETTVEAGEGPKSDCKPDLCEAACKDLGKPMDFCKDGTCKCKD	1	P0C1X6
2093	20.0	MASFATKFVIACFLFFSASAHNVLLPAYGRRCFFEDLSKGDELSISFQFGDRNPQSSSQLTGDFIIYGPERHEVLKTVRDTSHGEITLSAPYKGHFQYCFLNENTGIETKDVTFNIHGVVYVDLDDPNTNTLDSAVRKLSKLTREVKDEQSYIVIRERTHRNTAESTNDRVKWWSIFQLGVVIANSLFQIYYLRRFFEVTSLV	1	P32803
2094	22.0	MVMRPLWSLLLWEALLPITVTGAQVLSKVGGSVLLVAARPPGFQVREAIWRSLWPSEELLATFFRGSLETLYHSRFLGRAQLHSNLSLELGPLESGDSGNFSVLMVDTRGQPWTQTLQLKVYDAVPRPVVQVFIAVERDAQPSKTCQVFLSCWAPNISEITYSWRRETTMDFGMEPHSLFTDGQVLSISLGPGDRDVAYSCIVSNPVSWDLATVTPWDSCHHEAAPGKASYKDVLLVVVPVSLLLMLVTLFSAWHWCPCSGKKKKDVHADRVGPETENPLVQDLP	1	Q9P0V8
2095	25.0	MVAFSALSGVSALSLLLCLVQHAHGVSLKVSTQGGNSSSPILYGFMFEDINHSGDGGIYGQLLQNPGLQGTTPNLTAWAAVGDATIAIDGDSPLTSAIPSTIKLDVADDATGAVGLTNEGYWGIPVDGSEFQSSFWIKGDYSGDITVRLVGNYTGTEYGSATITHTSTADNFTQASVKFPTTKAPDGNVLYELTVDGSVAAGSSLNFGYLTLFGETYKSRENGLKPQLANVLADMKGSFLRFPGGNNLEGNSAENRWKWNETIGDLWDRPGREGTWTYYNTDGLGLHEYFYWCEDLGLVPVLGVWDGFALESGGNTPITGDALTPYIDDVLNELEYILGDTSTTYGAWRAANGQEEPWNLTMVEIGNEDMLGGGCESYAERFTAFYDAIHAAYPDLILIASTSEADCLPESMPEGSWVDYHDYSTPDGLVGQFNYFDNLDRSVPYFIGEYSRWEIDWPNMKGSVSEAVFMIGFERNSDVVKMAAYAPLLQLVNSTQWTPDLIGYTQSPDDIFLSTSYYVQEMFSRNRGDTIKEVTSDSDFGPLYWVASSAGDSYYVKLANYGSETQDLTVSIPGTSTGKLTVLADNDPDAYNSDTQTLVTPSESTVQASNGTFTFSLPAWAVAVLAAN	1	Q8NK90
2096	20.0	MVRLPLQCVLWGCLLTAVHPEPPTACREKQYLINSQCCSLCQPGQKLVSDCTEFTETECLPCGESEFLDTWNRETHCHQHKYCDPNLGLRVQQKGTSETDTICTCEEGWHCTSEACESCVLHRSCSPGFGVKQIATGVSDTICEPCPVGFFSNVSSAFEKCHPWTSCETKDLVVQQAGTNKTDVVCGPQDRLRALVVIPIIFGILFAILLVLVFIKKVAKKPTNKAPHPKQEPQEINFPDDLPGSNTAAPVQETLHGCQPVTQEDGKESRISVQERQ	1	P25942
2097	16.0	MGTWILFACLLGAAFSMPLPPHPGHPGYINFSYEVLTPLKWYQNMIRHPYTSYGYEPMGGWLHHQIIPVVSQQTPQSHALQPHHHIPMVPAQQPGIPQQPMMPLPGQHSMTPTQHHQPNLPLPAQQPFQPQPVQPQPHQPLQPQSPMHPIQPLLPQPPLPPMFSMQSLLPDLPLEAWPATDKTKREEVD	1	P45561
2098	24.0	MRPSGTAGAALLALLAALCPASRALEEKKVCQGTSNKLTQLGTFEDHFLSLQRMFNNCEVVLGNLEITYVQRNYDLSFLKTIQEVAGYVLIALNTVERIPLENLQIIRGNMYYENSYALAVLSNYDANKTGLKELPMRNLQEILHGAVRFSNNPALCNVESIQWRDIVSSDFLSNMSMDFQNHLGSCQKCDPSCPNGSCWGAGEENCQKLTKIICAQQCSGRCRGKSPSDCCHNQCAAGCTGPRESDCLVCRKFRDEATCKDTCPPLMLYNPTTYQMDVNPEGKYSFGATCVKKCPRNYVVTDHGSCVRACGADSYEMEEDGVRKCKKCEGPCRKVCNGIGIGEFKDSLSINATNIKHFKNCTSISGDLHILPVAFRGDSFTHTPPLDPQELDILKTVKEITGFLLIQAWPENRTDLHAFENLEIIRGRTKQHGQFSLAVVSLNITSLGLRSLKEISDGDVIISGNKNLCYANTINWKKLFGTSGQKTKIISNRGENSCKATGQVCHALCSPEGCWGPEPRDCVSCRNVSRGRECVDKCNLLEGEPREFVENSECIQCHPECLPQAMNITCTGRGPDNCIQCAHYIDGPHCVKTCPAGVMGENNTLVWKYADAGHVCHLCHPNCTYGCTGPGLEGCPTNGPKIPSIATGMVGALLLLLVVALGIGLFMRRRHIVRKRTLRRLLQERELVEPLTPSGEAPNQALLRILKETEFKKIKVLGSGAFGTVYKGLWIPEGEKVKIPVAIKELREATSPKANKEILDEAYVMASVDNPHVCRLLGICLTSTVQLITQLMPFGCLLDYVREHKDNIGSQYLLNWCVQIAKGMNYLEDRRLVHRDLAARNVLVKTPQHVKITDFGLAKLLGAEEKEYHAEGGKVPIKWMALESILHRIYTHQSDVWSYGVTVWELMTFGSKPYDGIPASEISSILEKGERLPQPPICTIDVYMIMVKCWMIDADSRPKFRELIIEFSKMARDPQRYLVIQGDERMHLPSPTDSNFYRALMDEEDMDDVVDADEYLIPQQGFFSSPSTSRTPLLSSLSATSNNSTVACIDRNGLQSCPIKEDSFLQRYSSDPTGALTEDSIDDTFLPVPEYINQSVPKRPAGSVQNPVYHNQPLNPAPSRDPHYQDPHSTAVGNPEYLNTVQPTCVNSTFDSPAHWAQKGSHQISLDNPDYQQDFFPKEAKPNGIFKGSTAENAEYLRVAPQSSEFIGA	1	P00533
2099	21.0	MKTPLFLLLVVLASLLGLALSQDRNDTEWIQSQKDREKWCRLNLGPYLGGRCRK	1	P81160
2100	22.0	MVKMQVIFIAFIAVIACSMVYGDSLSPWNEGDTYYGCQRQTDEFCNKICKLHLASGGSCQQPAPFVKLCTCQGIDYDNSFFFGALEKQCPKLRG	1	Q95P90
2101	26.0	MPSSVIMFTFLALTVLTAVMVGTSEAVSCMDNKNKPVDWFIVYKLPQDSASSKPVIREGYGQMYMDVNNQALKFSSTSLKDDDHAIAYTVDDIYKNHGKGNLAHVMYNDQPPAGEEIQSGLVGHTKGVLAFDGTSGFWLVHSVPKFPLPASKSYNWPDNAKRNGQTLLCITFKYDQFEKIGQQLKYNYPGVYDSDLPSKLVGKTPSIVDLVKNVHVTSPPWNRQLNLQSKSGQTFVSFNKASKWGEDLYKNWLATHFKSGLYCETWQNGGRNLNSSCEAGLNVYNVKKVSLSGGSDFKGTKDHSKWAVTTKSGLKWTCIGGINRQTSQMYRGGGAVCLENANVHKAFYDSVAEYEPCT	1	Q75WF2
2102	27.0	MGLVHALLPFAAAAALLLLAAPPPATADDPGLAVYWGRHKEEGSLREACDTGRYTTVIITFYNAFGHGRYSLDISGHPLAAVGADIKHCQSRGITVLLSIGGQGGAYSLPTNASAADVADNLWNAYLGGHRAGVARPFGDDAAVDGIDFFIDQGGADHYDDLARRLDGYNKYYRGRVGVLLTATTRCSYPDHRLEKALATGVFARIHVRMFGDEQCTMSPRYSWEKWAAAFPGSKVYIGLVASPEQDSAWMFQKDLYYEMLQFVRSLPNYGGLAIYDRYFDKKANYTGEG	1	Q53NL5
2103	17.0	MAVFLQLLPLLLSRAQGNPGASLDGRPGDRVNLSCGGVSHPIRWVWAPSFPACKGLSKGRRPILWASSSGTPTVPPLQPFVGRLRSLDSGIRRLELLLSAGDSGTFFCKGRHEDESRTVLHVLGDRTYCKAPGPTHGSVYPQLLIPLLGAGLVLGLGALGLVWWLHRRLPPQPIRPLPRFAPLVKTEPQRPVKEEEPKIPGDLDQEPSLLYADLDHLALSRPRRLSTADPADASTIYAVVV	1	O95866
2104	19.0	MYGKIIFVLLLSEIVSISALSTTEVAMHTSTSSSVTKSYISSQTNGETGQLVHRFTVPAPVVIILIILCVMAGIIGTILLISYSIRRLIKA	1	P06028
2105	22.0	MKGSIFTLFLFSVLFAISEVRSKESVRLCGLEYIRTVIYICASSRWRRHQEGIPQAQQAETGNSFQLPHKREFSEENPAQNLPKVDASGEDRLWGGQMPTEELWKSKKHSVMSRQDLQTLCCTDGCSMTDLSALC	1	Q9Y5Q6
2106	26.0	MAFKSLLSFVSVIGALQGANAALTRRVACPDGVNTATNAACCQLFAVREDLQQNLFHGGLCTAEAHESLRLTFHDAIAISPALEAQGIFGGGGADGSIAIFPEIETNFHPNIGLDEIIELQKPFIARHNISVADFIQFAGAIGASNCAGAPQLAAFVGRKDATQPAPDGLVPEPFHTPDQIFDRLADASQGEFDPILTVWLLTAHTVAAANDVDPTKSGLPFDSTPELWDTQFFLETQLRGTSFPGSGGNQGEVESPLAGEMRLQSDHTIARDSRTACEWQSFVDNQPKAQQMFQFVFHDLSIFGQDINTLVDCTEVVPIPADPQGHTHFPAGLSNADIEQACAETPFPTFPTDPGPKTAVAPVPKPPAARK	1	P20013
2107	18.0	MLLFVLTCLLAVFPAISTKSPIFGPEEVNSVEGNSVSITCYYPPTSVNRHTRKYWCRQGARGGCITLISSEGYVSSKYAGRANLTNFPENGTFVVNIAQLSQDDSGRYKCGLGINSRGLSFDVSLEVSQGPGLLNDTKVYTVDLGRTVTINCPFKTENAQKRKSLYKQIGLYPVLVIDSSGYVNPNYTGRIRLDIQGTGQLLFSVVINQLRLSDAGQYLCQAGDDSNSNKKNADLQVLKPEPELVYEDLRGSVTFHCALGPEVANVAKFLCRQSSGENCDVVVNTLGKRAPAFEGRILLNPQDKDGSFSVVITGLRKEDAGRYLCGAHSDGQLQEGSPIQAWQLFVNEESTIPRSPTVVKGVAGGSVAVLCPYNRKESKSIKYWCLWEGAQNGRCPLLVDSEGWVKAQYEGRLSLLEEPGNGTFTVILNQLTSRDAGFYWCLTNGDTLWRTTVEIKIIEGEPNLKVPGNVTAVLGETLKVPCHFPCKFSSYEKYWCKWNNTGCQALPSQDEGPSKAFVNCDENSRLVSLTLNLVTRADEGWYWCGVKQGHFYGETAAVYVAVEERKAAGSRDVSLAKADAAPDEKVLDSGFREIENKAIQDPRLFAEEKAVADTRDQADGSRASVDSGSSEEQGGSSRALVSTLVPLGLVLAVGAVAVGVARARHRKNVDRVSIRSYRTDISMSDFENSREFGANDNMGASSITQETSLGGKEEFVATTESTTETKEPKKAKRSSKEEAEMAYKDFLLQSSTVAAEAQDGPQEA	1	P01833
2108	20.0	MGLPGLFCLAVLAASSFSKAREEEITPVVSIAYKVLEVFPKGRWVLITCCAPQPPPPITYSLCGTKNIKVAKKVVKTHEPASFNLNVTLKSSPDLLTYFCWASSTSGAHVDSARLQMHWELWSKPVSELRANFTLQDRGAGPRVEMICQASSGSPPITNSLIGKDGQVHLQQRPCHRQPANFSFLPSQTSDWFWCQAANNANVQHSALTVVPPGGDQKMEDWQGPLESPILALPLYRSTRRLSEEEFGGFRIGNGEVRGRKAAAM	1	Q6UX52
2109	19.0	MAWQMTQLLLLALVAAAWGAQAPRTPRARTDLLNVCMDAKHHKAEPGPEDSLHEQCSPWRKNACCSVNTSIEAHKDISYLYRFNWDHCGKMEPACKRHFIQDTCLYECSPNLGPWIREVNQRWRKERVLGVPLCKEDCQSWWEDCRTSYTCKSNWHKGWNWTSGYNQCPVKAACHRFDFYFPTPAALCNEIWSHSYKVSNYSRGSGRCIQMWFDPFQGNPNEEVARFYAENPTSGSTPQGI	1	P02702
2110	18.0	MSKLLILLLLSLVASIFSTPLDDYVNAPDDTYKWTLNNTIEYETFTGYILELTSQTWMAEKSDWPVWKHWVSICVPKGVTTTTTFIYVDGGSNDNWKVPGSMDQTIEIVCLSSGSVSVGLTQIPNQPIIFNNDGVQRFEDDLVAYTWRQFLGNTSEPLWLARLPMTKAVVKCMDAVQEFGKTIGYNSENFVIAGASKRGWTTWLAGVVDPRIIAIVPIVMPILNMIPNMGHQFYAYGEWSFALNDYTGQGVMDYLNGPQMVELAAIVDPFSYRDRYTMPIYAIASSDDEFFLPDSPQFFWNNLTATPEKHLRIVPNAEHSLMGHQIDIILSIVTFVRLLITNQPRPTFTWDITYSEDLNSGTIVLTVPEGGIIPYKVKVWTAVTESTTRRDFRIITCMDITKCIQFIIWDPSDITPTSTGVYSITLSKPDAGWRAFFLEAEYLYAKNSIDDEYTLKFTSEVAIVPNTLPFGSCSEYNACGDGSQGDSASSTATL	1	Q5XM24
2111	22.0	MWKVSALLFVLGSASLWVLAEGASTGQPEDDTETTGLEGGVAMPGAEDDVVTPGTSEDRYKSGLTTLVATSVNSVTGIRIEDLPTSESTVHAQEQSPSATASNVATSHSTEKVDGDTQTTVEKDGLSTVTLVGIIVGVLLAIGFIGAIIVVVMRKMSGRYSP	1	Q86YL7
2112	18.0	MKPLLLAVSLGLIAALQAHHLLASDEEIQDVSGTWYLKAMTVDREFPEMNLESVTPMTLTTLEGGNLEAKVTMLISGRCQEVKAVLEKTDEPGKYTADGGKHVAYIIRSHVKDHYIFYCEGELHGKPVRGVKLVGRDPKNNLEALEDFEKAAGARGLSTESILIPRQSETCSPGSD	1	P31025
2113	18.0	MKAAVLAVALVFLTGCQAWEFWQQDEPQSQWDRVKDFATVYVDAVKDSGRDYVSQFESSTLGKQLNLNLLDNWDTLGSTVGRLQEQLGPVTQEFWANLEKETDWLRNEMNKDLENVKQKMQPHLDEFQEKWNEEVEAYRQKLEPLGTELHKNAKEMQRHLKVVAEEFRDRMRVNADALRAKFGLYSDQMRENLAQRLTEIKNHPTLIEYHTKASDHLKTLGEKAKPALDDLGQGLMPVLEAWKAKIMSMIDEAKKKLNA	1	P04639
2114	33.0	MWGARRSSVSSSWNAASLLQLLLAALLAAGARASGEYCHGWLDAQGVWRIGFQCPERFDGGDATICCGSCALRYCCSSAEARLDQGGCDNDRQQGAGEPGRADKDGPDGSAVPIYVPFLIVGSVFVAFIILGSLVAACCCRCLRPKQDPQQSRAPGGNRLMETIPMIPSASTSRGSSSRQSSTAASSSSSANSGARAPPTRSQTNCCLPEGTMNNVYVNMPTNFSVLNCQQATQIVPHQGQYLHPPYVGYTVQHDSVPMTAVPPFMDGLQPGYRQIQSPFPHTNSEQKMYPAVTV	1	Q6UWI4
2115	21.0	MQRLGATLLCLLLAAAVPTAPAPAPTATSAPVKPGPALSYPQEEATLNEMFREVEELMEDTQHKLRSAVEEMEAEEAAAKASSEVNLANLPPSYHNETNTDTKVGNNTIHVHREIHKITNNQTGQMVFSETVITSVGDEEGRRSHECIIDEDCGPSMYCQFASFQYTCQPCRGQRMLCTRDSECCGDQLCVWGHCTKMATRGSNGTICDNQRDCQPGLCCAFQRGLLFPVCTPLPVEGELCHDPASRLLDLITWELEPDGALDRCPCASGLLCQPHSHSLVYVCKPTFVGSRDQDGEILLPREVPDEYEVGSFMEEVRQELEDLERSLTEEMALREPAAAAAALLGGEEI	1	Q9UBP4
2116	21.0	MGMRMMFTMILLVVLVTTVVSFTLDRVLGPVSDGRNAAPDDEKFDRMEYFLSKCCANPSTCDLSLLCIFG	1	P0DUQ6
2117	22.0	MARGAALALLLFGLLGVLVAAPDGGFDLSDALPDNENKKPTAIPKKPSAGDDFDLGDAVVDGENDDPRPPNPPKPMPNPNPNHPSSSGSFSDADLADGVSGGEGKGGSDGGGSHRKEGEEADAPGVIPGIVGAVVVAVAGAISSFIAYQKKKLCFKENAEQGEVDMESHRNANAEPAVQRTLLEK	1	P14209
2118	16.0	MLARALLLCAAVVCGAANPCCSHPCQNRGVCMSVGFDQYKCDCTRTGFYGENCTTPEFLTRIKLLLKPTPDTVHYILTHFKGVWNIVNKISFLRNMIMRYVLTSRSHLIESPPTYNVHYSYKSWEAFSNLSYYTRALPPVPDDCPTPMGVKGRKELPDSKEVVKKVLLRRKFIPDPQGTNLMFAFFAQHFTHQFFKTDIERGPAFTKGKNHGVDLSHVYGESLERQHNRRLFKDGKMKYQMINGEMYPPTVKDTQVEMIYPPHIPEHLKFAVGQEVFGLVPGLMMYATIWLREHNRVCDVLKQEHPEWGDEQLFQTSRLILIGETIKIVIEDYVQHLSGYHFKLKFDPELLFNQQFQYQNRIAAEFNTLYHWHPLLPDVFQIDGQEYNYQQFIYNNSVLLEHGVTQFVESFTRQIAGRVAGRRNLPAAVEKVSKASLDQSREMKYQSFNEYRKRFLLKPYESFEELTGEKEMAAELEALYGDIDAMELYPALLVEKPAPDAIFGETMVEAGAPFSLKGLMGNPICSPEYWKPSTFGGEVGFKIINTASIQSLICSNVKGCPFTSFSVQDAHLTKTVTINASSSHSGLDDINPTVLLKERSTEL	1	P79208
2119	19.0	MKLLTSLVFCSLLLGVCHGGFFSFIGEAFQGAGDMWRAYTDMKEAGWKDGDKYFHARGNYDAAQRGPGGVWAAEKISDARESFQEFFGRGHEDTMADQEANRHGRSGKDPNYYRPPGLPAKY	1	P05367
2120	35.0	MRLPVSFPLTVLSLLGSTIAHPYGETEAVLRSEPKSNQAKADAVKEAFQHAWNGYMKYAFPHDELTPVSNGHADSRNGWGASAVDALSTAVIMGKADVVNAILEHVADIDFSKTSDTVSLFETTIRYLAGMLSGYDLLQGPAKNLVDNQDLIDGLLDQSRNLADVLKFAFDTPSGVPYNNINITSHGNDGATTNGLAVTGTLVLEWTRLSDLTGDEEYAKLSQKAESYLLKPQPSSSEPFPGLVGSSININDGQFADSRVSWNGGDDSFYEYLIKMYVYDPKRFETYKDRWVLAAESTIKHLKSHPKSRPDLTFLSSYSNRNYDLSSQHLTCFDGGSFLLGGTVLDRQDFIDFGLELVDGCEATYNSTLTKIGPDSWGWDPKKVPSDQKEFYEKAGFYISSGSYVLRPEVIESFYYAHRVTGKEIYRDWVWNAFVAINSTCRTDSGFAAVSDVNKANGGSKYDNQESFLFAEVMKYSYLAHSEDAAWQVQKGGKNTFVYNTEAHPISVARN	1	P31723
2121	19.0	MATLLLLLGVLVVSPDALGSTTAVQTPTSGEPLVSTSEPLSSKMYTTSITSDPKADSTGDQTSALPPSTSINEGSPLWTSIGASTGSPLPEPTTYQEVSIKMSSVPQETPHATSHPAVPITANSLGSHTVTGGTITTNSPETSSRTSGAPVTTAASSLETSRGTSGPPLTMATVSLETSKGTSGPPVTMATDSLETSTGTTGPPVTMTTGSLEPSSGASGPQVSSVKLSTMMSPTTSTNASTVPFRNPDENSRGMLPVAVLVALLAVIVLVALLLLWRRRQKRRTGALVLSRGGKRNGVVDAWAGPAQVPEEGAVTVTVGGSGGDKGSGFPDGEGSSRRPTLTTFFGRRKSRQGSLAMEELKSGSGPSLKGEEEPLVASEDGAVDAPAPDEPEGGDGAAP	1	P16150
2122	31.0	MDPTAPGSSVSSLPLLLVLALGLAILHCVVADGNTTRTPETNGSLCGAPGENCTGTTPRQKVKTHFSRCPKQYKHYCIHGRCRFVVDEQTPSCICEKGYFGARCERVDLFYLQQDRGQILVVCLIVVMVVFIILVIGVCTCCHPLRKHRKKKKEEKMETLDKDKTPISEDIQETNIA	1	Q05928
2123	20.0	MKPYFSCVFVFCFLIKLLTGELNDLANHRMFSFHDGGVQISCNYPETVQQLKMQLFKDREVLCDLTKTKGSGNTVSIKNPMSCPYQLSNNSVSFFLDNADSSQGSYFLCSLSIFDPPPFQEKNLSGGYLLIYESQLCCQLKLWLPVGCAAFVAALLFGCIFIVWFAKKKYRSSVHDPNSEYMFMAAVNTNKKSRLAGMTS	1	Q9R1T7
